repo,merge,commits_p1,commits_p2,files_p1,files_p2,overlap_files,overlap_ratio,authors_p1,authors_p2,churn_p1,churn_p2,conflict_files,code_conflict,divergence_days,label
commons-lang,27e195c7f665160e0c61607ac2caa56f89cb45fe,1,1,1,2,0,0.0,1,1,1,110,,0,0.01,0
commons-lang,0311b67baed404b2b12f9ced753dbee7b5bca11f,1,1,1,2,0,0.0,1,1,1,76,,0,0.002,0
commons-lang,1a256d3e74dd547b0ec7ea3b4b31ce1039cff312,2,1,2,2,1,0.3333,1,1,41,5,,0,0.742,0
commons-lang,5fceb927149723bc6199d46f3a5f27675e65d9db,1,2,1,4,0,0.0,1,2,2,66,,0,1.855,0
commons-lang,b33448dd18cf76ac03d82e0da0c27fc521470312,1,1,1,1,0,0.0,1,1,1,22,,0,0.978,0
commons-lang,b9bce16817a58756b287ae2b4403a961307b95f8,2,1,2,4,0,0.0,1,1,184,313,,0,0.031,0
commons-lang,38f7109f4214300ae6eaf4bd76f5a7f1b2a10dc1,1,1,1,5,0,0.0,1,1,1,408,,0,1.03,0
commons-lang,f51d0615d034ae997611ac01fd4c79823122372b,2,1,3,2,0,0.0,1,1,9,182,,0,1.438,0
commons-lang,225d1c8058f39e7bf42f2b77f75a8b88dae4e037,2,1,2,2,0,0.0,1,1,5,15,,0,0.055,0
commons-lang,2c68a657e19b8412fa1fe090b72d4910896fecc4,1,1,1,2,0,0.0,1,1,1,8,,0,0.162,0
commons-lang,efe894332c981836e8953b6f2ffc7e2891e8b155,2,1,5,1,0,0.0,1,1,18,2,,0,0.023,0
commons-lang,371f8c7a7767325658de405bd20d7697dc42e457,1,2,1,2,0,0.0,1,1,74,5,,0,1.623,0
commons-lang,91ce5ba318af40e9d9b37cfb301a4bb1bacd3ba2,9,2,9,1,0,0.0,7,1,80,4,,0,3.764,0
commons-lang,ffc86e432bba72d9d54f09dd3f74b6cdb3c9198d,1,1,1,1,0,0.0,1,1,1,1,,0,0.192,0
commons-lang,d631b6c4875c428230d6eb606fa982e36b38fff9,1,1,2,1,0,0.0,1,1,4,2,,0,0.003,0
commons-lang,ad6890f9e63a5c08866725d65d3b216a82aeb5cc,1,16,1,9,0,0.0,1,3,64,278,,0,5.866,0
commons-lang,c55d1f3ccb0a3631eecff63743c936ed9b8505a1,1,1,1,2,0,0.0,1,1,1,44,,0,0.111,0
commons-lang,7de27aa9ab457b5f1c2c6a5bb695e268d95c6a64,1,2,1,1,0,0.0,1,1,4,345,,0,2.967,0
commons-lang,c969f2c93ad296e999c0f837edb596c83989f177,1,1,2,1,0,0.0,1,1,3,8,,0,1.572,0
commons-lang,f66f39f817585a422692bdc01213790102d0e652,1,3,3,4,0,0.0,1,1,14,150,,0,4.77,0
commons-lang,a337fec4ce58ed03c416b5af03f593edb26f0a00,1,5,2,7,1,0.125,1,3,3,5066,,0,3.6,0
commons-lang,5b59487808d0b86a94ad7a1ebd4c200e09b7be09,1,2,1,3,1,0.3333,1,2,4,16,,0,1.804,0
commons-lang,2abb7d3a98ed88814c4867dc58e41432e85f96f4,7,1,65,2,0,0.0,1,1,3473,8,,0,0.25,0
commons-lang,b02333396adcff6179074f6d71997eab1d6197c5,1,1,3,1,0,0.0,1,1,132,8,,0,1.635,0
commons-lang,98fa10a80243a40685437b684d885082fbb26302,1,1,1,2,0,0.0,1,1,1,11,,0,0.195,0
commons-lang,d7cdcc6a7114d8a8f99bfe05a081c5f1a3bbf215,5,2,5,1,0,0.0,1,1,61,4,,0,2.25,0
commons-lang,bac2371b9ca2069ef7ba70bc9f4a315c46abf9c8,1,10,1,232,0,0.0,1,2,4,8864,,0,4.832,0
commons-lang,248ec2e719b35570f2635cde69a00865388fe869,1,1,7,2,0,0.0,1,1,13,8,,0,1.95,0
commons-lang,f73fa2d3b399ba2f49c7af833a9bd70b36922c09,2,1,1,1,1,1.0,1,1,274,177,,0,4.614,0
commons-lang,a01e0621dcc7d88ec226044778881055949cef9b,2,5,2,5,2,0.4,1,1,4,64,,0,1.26,0
commons-lang,064971c7feaeaa3286fab614921171a8fa8a4e92,1,2,2,1,0,0.0,1,1,4,19,,0,1.27,0
commons-lang,5e1f169cee3d19f83d9885eec0b4a0f4cd186ca5,1,1,1,2,0,0.0,1,1,19,5,,0,0.995,0
commons-lang,73c5a884da70bc40e7a17a7b9ebf5cc5223d7caa,1,5,1,25,0,0.0,1,3,4,341,,0,4.078,0
commons-lang,4c050914d980efc55562f8322d2f6e4f8ec863af,2,5,2,6,0,0.0,1,3,26,120,,0,2.064,0
commons-lang,d69c9f3769e8714d20aee1e6c07f0fe2c633b519,1,3,2,10,0,0.0,1,1,1088,76,,0,1.282,0
commons-lang,08d28f59526b058221be974e55dcf24ea0fbe0e7,2,6,10,29,2,0.0541,1,4,76,244,,0,8.086,0
commons-lang,6681a34d25b63a47c2d619ae0466825304ea9b1f,1,12,3,10,1,0.0833,1,2,89,168,src/changes/changes.xml,0,11.967,1
commons-lang,fb45bd7f2c1a8097eadb6b4a6bc9f16c03422a5b,1,1,2,1,0,0.0,1,1,44,2,,0,1.413,0
commons-lang,e852e8088e0485e2214efe0f10400aa9d931eaef,2,1,3,1,0,0.0,1,1,28,2,,0,0.475,0
commons-lang,38d13dddadc2876fde6134e094f5eac8bc792614,1,4,1,4,0,0.0,1,1,16,22,,0,1.897,0
commons-lang,4a8aa9e7243e7df4e5ebca91b85209bd69c875fb,2,4,1,3,0,0.0,1,1,27,74,,0,2.944,0
commons-lang,4b621c8c031265e4ca1749474c701b198a54e587,1,50,1,32,0,0.0,1,4,3,768,,0,13.863,0
commons-lang,c49dc4893fd48964e5b88eabe0c7854a15033b4f,4,2,3,1,1,0.3333,2,1,10,4,,0,6.161,0
commons-lang,69e3ba4188ae857eeb05a36a5e7b30fac344c905,1,7,1,8,0,0.0,1,3,3,137,,0,1.668,0
commons-lang,8f579b4f3074b79c44771ce6c6dec1d253401f50,3,1,2,4,0,0.0,1,1,31,72,,0,0.754,0
commons-lang,977e1008fb13ddcf0465324426c38e96b6194553,1,4,10,1,0,0.0,1,1,56,4,,0,3.935,0
commons-lang,535ec32c680a6581739a41bf97ecb8b8718c73b8,2,3,2,5,2,0.4,1,1,6,39,,0,0.359,0
commons-lang,c8bfb687e4974e7514f51ff78e8aae75205c3735,1,2,1,1,0,0.0,1,1,26,433,,0,6.91,0
commons-lang,18ce3b473018d1d7da90c0b5b563c97bf030b1a4,1,1,1,1,0,0.0,1,1,433,2,,0,0.366,0
commons-lang,0a98b934d234782f33e71f762b66f1d8b79f0f8f,1,1,3,1,0,0.0,1,1,28,2,,0,0.096,0
commons-lang,2f28cef08f0668004d003f2695e9845f37c1f0ee,1,5,1,6,0,0.0,1,2,2,23,,0,2.362,0
commons-lang,be6501ef4af31302646012e31ea3bbc891b1032b,1,2,1,4,0,0.0,1,1,5,14,,0,1.293,0
netty,79fc7f96f6dbce637ab745ac90290455af21c54c,4,15,22,9,0,0.0,2,4,406,77,,0,0.61,0
netty,64588eb53274d2d47979fa5b542d623e37843d93,1008,14,3987,32,19,0.0047,87,3,614698,488,.github/workflows/ci-build.yml;.github/workflows/ci-deploy.yml;.github/workflows/ci-pr.yml;.github/workflows/ci-release.yml;codec-classes-quic/pom.xml;codec-native-quic/pom.xml;docker/docker-compose.centos-7.yaml;pom.xml;testsuite-native-image/pom.xml,0,52.98,1
netty,9c4eeaa32bdd7119d255c44b107647020f16f34e,95,1,119,43,0,0.0,9,1,23069,1243,,0,0.13,0
netty,76c2c06922f6749cbc8ac733925275e726caff0c,94,15,119,185,5,0.0167,9,6,23069,5516,,0,3.465,0
netty,4b9c6f4582e43d0b8602c944ac1872169c431266,90,16,119,42,1,0.0063,9,4,23069,1254,,0,4.487,0
netty,9e67e9f43878692a8473af9774df627e68309a42,89,15,119,84,6,0.0305,9,6,23069,2844,.github/workflows/ci-release-4.2.yml,0,2.019,1
netty,af11c51ce576c4ce1918f2e8e1a342a765ad9219,88,16,119,42,2,0.0126,9,5,23069,1181,.github/workflows/ci-release-4.2.yml,0,5.046,1
netty,08abd189ce118b0adb9a67a64afe49eb66584b62,83,19,121,120,3,0.0126,9,5,23113,1725,,0,2.921,0
netty,3d0228a2d3ae407c65a0800365efc379711ccc50,82,13,121,32,3,0.02,9,5,23113,967,,0,5.069,0
netty,1cb45c608627e668d8dcc7f98833fa8a421d3d59,81,3,121,3,0,0.0,9,3,23113,108,,0,1.356,0
netty,18a444c220d878d65ff67e222aee55bc57389f72,950,3,3952,2,1,0.0003,82,3,613968,18,codec-http3/pom.xml,0,17.898,1
netty,6b99132f60d5cee2d5f797458427b48ccc037241,1,2,114,2,0,0.0,1,2,0,18,,0,33.868,0
netty,464213c354cb21caa1bf13a43e3430160c8b00bf,74,12,121,96,3,0.014,8,3,23113,958,.github/workflows/ci-release-4.2.yml,0,0.513,1
netty,ded5a30e026a32ff346bcf860eda72ed4fd65c19,73,2,121,2,0,0.0,8,2,23113,3,,0,0.085,0
netty,cf5cff8a3fc2f9d9a4181d5f0b06d0ad325605a0,70,73,121,240,3,0.0084,8,10,23108,4327,.github/workflows/ci-release-4.2.yml,0,17.586,1
netty,06b0741189f9e39e5db533401047c0c8951fe789,758,10,3840,7,5,0.0013,74,2,584964,103,codec-classes-quic/pom.xml;codec-native-quic/pom.xml;pom.xml;testsuite-native-image/pom.xml,0,11.06,1
netty,c9321a159a5d17216ca8122dd914394594674b51,7,18,3,24,0,0.0,2,5,110,158,,0,9.193,0
netty,f3c256ba68e061da02201d7353de0ec4b2d53c05,737,5,3840,8,5,0.0013,72,1,584886,348,.github/workflows/ci-deploy.yml;.github/workflows/ci-pr-reports.yml;.github/workflows/ci-pr.yml;.github/workflows/ci-release.yml;pom.xml,0,21.251,1
netty,dc1829a992d9c27139fe22501344d73a2e330cb3,1,166,1,179,0,0.0,1,12,4,29462,,0,0.654,0
netty,281298d55e5c67ffcd9bd151f1cfcbea395d1e28,164,1,179,1,1,0.0056,12,1,29455,6505,,0,0.402,0
netty,192cab05ca8207735ca1ea79901562b3f33a4cd8,672,3,3821,2,2,0.0005,68,1,589272,14,,0,7.478,1
netty,4a578904993ca115bb92b2fc7a5e3c5cd94340a8,155,7,178,61,3,0.0127,12,5,29446,238,,0,1.961,0
commons-io,7a7e8a5f42686947f57f252577699c430970194b,1,1,2,2,0,0.0,1,1,172,428,,0,2.577,0
commons-io,cfc7a99f43d3fee6c347b534b66c3f4178181cc5,1,2,1,1,0,0.0,1,1,1,4,,0,3.949,0
commons-io,b5bc19048c8de0dd9f813bbc0592d76983fbb18d,3,2,2,1,0,0.0,1,1,8,4,,0,2.071,0
commons-io,8b290be602ce34e58ac72e2e79340241d1b7c765,1,5,1,5,0,0.0,1,3,7,18,,0,0.99,0
commons-io,809c173c64cea583b329f87ed4394d68114ad1c2,1,2,1,2,0,0.0,1,2,2,3,,0,3.847,0
commons-io,121db2954f1dfac4ea1300a83d3f9527e8e28fd8,1,8,2,12,2,0.1667,1,3,7,68,,0,1.253,0
commons-io,2350e6d82d86f8720cc7edcbbb114f35cfd67176,1,2,1,1,1,1.0,1,1,2,4,,0,5.229,0
commons-io,d23228f4a94bd070b0505e5a528da1413915c8a4,1,2,1,2,0,0.0,1,2,1,5,,0,1.697,0
commons-io,909dc0f9aa1874aafc2c6f54d11946199983a0d5,1,2,1,239,0,0.0,1,1,51,5358,,0,5.553,0
commons-io,e28f97685236891636342d386b63b7dd116fe846,5,2,1,1,0,0.0,1,1,50,286,,0,0.09,0
commons-io,4e2320ccec92ea06ffee4774eda0970fae372442,2,1,2,1,0,0.0,1,1,10,6,,0,2.265,0
commons-io,5d854f34cb0c602b119f1ff95ffdb6a812fdcca5,2,2,3,1,0,0.0,1,1,10,4,,0,3.103,0
commons-io,c722fe80b9df938cdb3d949428ce51fe12ee88a3,1,1,2,1,0,0.0,1,1,29,11,,0,1.193,0
commons-io,4efa8cf29a9f4a35bc6bd347bfe50070e2916b1f,1,1,1,1,0,0.0,1,1,0,2,,0,0.016,0
commons-io,1dfa5367620b7bdf88c28add555c3ddc2be1d187,2,3,1,4,0,0.0,1,1,0,9,,0,0.177,0
commons-io,0ee29cea53f9f541b9921cd8fe2ddfa75ce10277,1,1,3,1,0,0.0,1,1,8,3,,0,0.395,0
commons-io,72ae92deb39d4ce1586b9bf25ed2fd4104348b7f,1,1,3,1,0,0.0,1,1,29,2,,0,0.09,0
commons-io,1d4ede072a7729b6e4267f25dbaddc0b3b456fd2,1,1,1,2,0,0.0,1,1,11,18,,0,0.045,0
commons-io,2ca87c10c6849c891ef7d698b511278fc51dfe77,1,3,1,4,0,0.0,1,2,35,12,,0,5.964,0
commons-io,44b355fca0c21f2e8f40757ee6a78a37d2807a20,8,1,12,1,0,0.0,1,1,305,2,,0,3.894,0
commons-io,2224df7b9de1dac7f1a809668c72b35412633c4d,1,2,3,3,0,0.0,1,1,223,10,,0,7.035,0
commons-io,82a8ef1b14a1055f777d24fac855080ca2893ea0,1,1,5,2,0,0.0,1,1,21,8,,0,0.832,0
commons-io,be60e48c4c673fb9a46e24ea4ade6bb45f44691d,2,2,1,2,0,0.0,1,2,8,5,,0,0.214,0
commons-io,86631315076f5d435c6c16630093ff78be15e39d,1,2,1,2,0,0.0,1,2,3,4,,0,1.698,0
commons-io,8ad6764d1e79e81ed37997706564ae28d268986c,1,5,1,5,0,0.0,1,3,3,45,,0,6.811,0
commons-io,24e5af4917c0f23651c727aba9773212dd4a5db7,1,2,2,2,2,1.0,1,2,4,4,,0,0.011,0
commons-io,b0b49492e08dcb0eb86facd7b74360175d221cfa,1,2,1,2,0,0.0,1,2,10,4,,0,0.137,0
commons-io,1bd12b55b019788c0cc58208ab7fde34d3d6b589,1,3,1,2,1,0.5,1,3,2,8,,0,7.522,0
commons-io,7df58926b00e29c78a6df607ad9f75fada4b5ab5,1,2,1,2,1,0.5,1,2,2,4,,0,0.02,0
commons-io,e751e2f8c34a4913f612fc42ced100b37abe2a4a,1,4,1,1,0,0.0,1,1,2,4,,0,3.705,0
commons-io,290d72eda9152d1e11b79d48453908ff3f6b9897,2,2,1,4,0,0.0,1,1,4,170,,0,0.005,0
commons-io,1a824eca1485f6106d8c5e439fe5fded6152a35b,1,3,1,6,1,0.1667,1,2,4,117,,0,0.156,0
commons-io,a01ac042ebb411836caf13fb85d2fbfb65e03c14,1,3,2,5,1,0.1667,1,1,4,21,,0,0.915,0
commons-io,cfd4d86033e5cee159dc869ccb61aa3afe5fa015,1,19,2,12,1,0.0769,1,3,6,547,,0,3.708,0
commons-io,063463f51f401a9b31c2e1a795590e650f4a223a,1,1,4,2,0,0.0,1,1,24,8,,0,0.32,0
commons-io,6e615bb8ca57d6dd62928fa134192cdef7c7b08e,1,2,3,4,0,0.0,1,1,20,57,,0,0.583,0
commons-io,29dc5ea043959aac66829275641e48b89e9b4be3,3,1,5,3,0,0.0,3,1,145,6,,0,2.872,0
commons-io,12453a3a65ff16a9f860b5465e78a2933195d03b,1,1,4,1,0,0.0,1,1,144,1,,0,2.403,0
commons-io,7bd05817d027627a85c73d68566fbcebf8b70670,6,4,29,1,1,0.0345,2,1,138,2,,0,5.221,0
commons-io,fe620a6a0466d54921cfe638db87e7d78eb21480,1,72,1,105,1,0.0095,1,5,2,2490,,0,29.834,0
commons-io,8247e9562e969128043d030b1cc555a1d0a150d6,2,6,1,6,0,0.0,1,4,31,133,,0,1.955,0
commons-io,872db158a2e806c649122ee47d33ee5fd97c5e59,1,4,1,3,0,0.0,1,1,4,29,,0,4.17,0
commons-io,41817d3cea3ae7ce675ef9129b03229d738f68f5,8,1,8,1,0,0.0,1,1,45,2,,0,1.068,0
commons-io,b507d7e60b3593288990dd9f570ab87bfcc65e17,1,2,9,2,1,0.1,1,1,46,10,,0,0.508,0
commons-io,e67946c81a55069dcd32dd588faa57dd1532455f,4,4,7,5,0,0.0,2,1,112,217,,0,5.125,0
commons-io,c3471687e0dd5065ad7ad3878a71fcf5a921c9a3,1,1,7,1,0,0.0,1,1,195,2,,0,0.084,0
commons-io,6921f87e35cfbd5d725011883b9d1c492f26b31d,2,3,0,1,0,0.0,1,1,0,2,,0,3.126,0
commons-io,9600e9afca238a447547f11cb9bf136ce0c5a663,1,3,2,4,2,0.5,1,1,2,9,,0,2.392,0
commons-io,266bcc4d5d0fbd230756539f93acd9fc5ddd2c5c,1,75,1,133,1,0.0075,1,5,2,2848,,0,14.705,0
commons-io,9ce4c8398bcddd0c7db96330162d470c5a4c061e,1,4,2,3,2,0.6667,1,3,4,11,,0,2.66,0
commons-io,b1842c0e0c5af94976ce6504c78e7ef6200abec9,1,1,3,3,0,0.0,1,1,125,6,,0,1.72,0
commons-io,f62bc91596d4fe9290ce022b0479cf1aaf5ef4f8,1,2,2,2,2,1.0,1,2,4,6,,0,0.873,0
commons-io,6b4e35dc7fa1993983d48f32cc7def314cb8d6c9,1,3,1,9,0,0.0,1,3,2,30,,0,3.697,0
commons-io,3ddd67183a6241ee628251bb60d37a7d304963e0,3,3,9,2,1,0.1,1,2,185,5,,0,1.247,0
commons-io,f8a80699363e4a1d749b0207d566f27b193a07cc,1,39,1,50,0,0.0,1,6,74,1310,,0,58.333,0
commons-io,750ec08f68fb45000d4f9c2592f43352bbb2e5f2,1,1,1,1,0,0.0,1,1,2,2,,0,0.501,0
commons-io,84628e28779d9b1f4d0b43d83c5056168085f096,1,1,1,2,0,0.0,1,1,40,4,,0,2.531,0
commons-io,c53cab56e5f078e2500970a01bdf1c7bf350fdaa,2,2,1,1,0,0.0,1,1,4,4,,0,0.446,0
commons-io,bc80b9ae48bc4e74781ef485e389f08fa5b788f1,2,1,1,2,1,0.5,1,1,2,4,,0,1.424,0
commons-io,42e76965c151d6c2be0fe3359c837e80bae9b3c2,1,1,1,1,0,0.0,1,1,2,2,,0,0.851,0
commons-io,81d825517ca90c2ef8a5e8d10ecf36ed95aad984,2,1,2,1,0,0.0,1,1,5,2,,0,0.104,0
commons-io,f9225c549de4f4c819bf9f925f04df3941f27f2c,1,1,1,1,0,0.0,1,1,3,2,,0,1.704,0
commons-io,92c5d8d36b1b37af85d9dcd214138b7f72cb2eb2,1,3,1,1,0,0.0,1,1,2,6,,0,4.717,0
commons-io,5e103b46a3ae581a1da7eaf3fced605aeea9c08d,1,1,1,1,0,0.0,1,1,2,2,,0,0.966,0
commons-io,c146a948b515bb0752047339afe0c94e4234c2a8,26,3,130,2,1,0.0076,2,1,14429,71,,0,3.261,0
commons-io,302c9d1ae9d44c677fc9f35cd9b3bfe2fe77bf08,1,1,1,1,0,0.0,1,1,2,2,,0,0.001,0
commons-io,c8130d72529c1b845c7f10aea7b6ef7fc2788c77,1,1,1,1,0,0.0,1,1,3,2,,0,1.251,0
commons-io,05176a75580307404fcd91ac380175daa9048fa2,48,2,79,1,1,0.0127,3,1,2759,2,,0,3.602,0
commons-io,eaf44e440db100c5222be7988ce4f14fb0aeb55c,1,1,1,1,0,0.0,1,1,3,2,,0,4.111,0
commons-io,369e45fe3b179bd44af9f19bc22187b3fa5a7fd3,1,1,1,1,0,0.0,1,1,3,2,,0,0.003,0
commons-io,b8690c086d18f38d86a06080422674d317e33f71,1,1,1,1,0,0.0,1,1,3,2,,0,8.827,0
commons-io,021879c4e8a80da4d814d6777d9dcbb215357e67,2,2,1,11,0,0.0,1,2,2,34,,0,3.178,0
commons-io,61d5459230d97432790585f3a738a804e7923119,1,1,1,1,0,0.0,1,1,5,2,,0,0.001,0
commons-io,2d7fef18c6ec90bd30d7e29a14a5967011a2fc4f,1,1,1,1,0,0.0,1,1,5,2,,0,0.001,0
commons-io,724125eff6608884b0ac1c59f62695ecf43e5c8a,1,1,1,1,0,0.0,1,1,2,2,,0,0.002,0
commons-io,d5bb4ec469995d9b3302397298fa3c59240b3019,1,1,1,1,0,0.0,1,1,3,2,,0,0.002,0
commons-io,77597df19476afa40244cb7d414a66971f817530,1,1,1,2,0,0.0,1,1,3,71,,0,0.705,0
commons-io,34ce9f0989e47daa9a7c821bbaaf84c138aa1117,2,1,1,3,1,0.3333,1,1,4,123,,0,6.52,0
commons-io,85737d13dae292040dd75293bfb6ee4a6b6c3f26,1,1,1,19,0,0.0,1,1,4,218,,0,2.301,0
commons-io,d3a51772915cff2b36aebf4622dd367ad60f6459,2,1,6,1,0,0.0,1,1,942,2,,0,0.426,0
commons-io,b803066005e1244932146aa904f05b420ca689a3,1,1,1,1,0,0.0,1,1,3,6,,0,0.162,0
commons-io,0fdef9fc5d5249a006712ba23829adb1f400a725,1,1,1,1,0,0.0,1,1,4,2,,0,0.001,0
commons-io,e64f29c6195fa036affbc3488aa28769742bb76e,1,3,1,2,0,0.0,1,2,36,7,,0,2.075,0
commons-io,01f92b184933bf8f333676f0b872cecb8e23466d,5,232,2,188,2,0.0106,1,11,9,7100,.travis.yml;pom.xml,0,37.572,1
commons-io,d59098202590aef21b614273c87b922c3cea51b1,1,1,1,1,0,0.0,1,1,2,2,,0,0.002,0
commons-io,7adaaca7002ac57031c4786ee5d3c1f98a2b4acf,1,1,1,1,0,0.0,1,1,16,2,,0,0.002,0
commons-io,c244009bedb5c0a018d5402d9241f0f1eac3ef84,1,1,1,1,0,0.0,1,1,2,2,,0,0.028,0
commons-io,93eada500cdfd4e3f44914e81c378814555fdb2b,52,1,51,1,0,0.0,2,1,1227,4,,0,3.917,0
commons-io,257d6f423ec5e3e15e136b72fd686c49208b1aa1,1,1,1,1,1,1.0,1,1,9,6,,0,0.009,0
commons-io,71bfef486b2e7713947e317ea843dc15f533a785,1,3,1,6,0,0.0,1,1,14,66,,0,1.286,0
commons-io,2bb2ab0b322e65bbd7b4d88c71c17e7b8465ffa7,3,1,3,1,0,0.0,1,1,6,2,,0,0.973,0
commons-io,dc1348ea72a83ca291309bd3aa79043e15304ced,4,1,3,1,0,0.0,1,1,82,2,,0,0.028,0
commons-io,761605b23c4dba3ad0e6df164a7941fa46ae6139,1,4,6,6,6,1.0,1,1,23,23,,0,62.743,0
commons-io,e85750d2f8bb9f28a4dc2b32b625e2dfdeb8c015,58,4,75,6,2,0.0253,7,1,1264,23,src/test/java/org/apache/commons/io/input/SequenceReaderTest.java,1,62.716,1
commons-io,76573da120a550720f17d9f1cd6fa7af98fb2fb1,1,2,1,2,0,0.0,1,1,6,4,,0,0.002,0
commons-io,2fd345578627290e3e6e713a1e1ea1b540f756f7,1,1,1,2,0,0.0,1,1,3,10,,0,2.913,0
commons-io,a9e8244e42a3c746c27db06544d027fb897fe17e,1,1,1,1,0,0.0,1,1,9,4,,0,4.031,0
commons-io,58b0f795b31482daa6bb5473a8b2c398e029f5fb,1,1,5,1,1,0.2,1,1,536,3,,0,0.077,0
commons-io,e5f5eac9e65620e4697b922e0f49b7bbdb90695e,1,1,1,1,0,0.0,1,1,86,40,,0,0.013,0
commons-io,cfb682e9da63f308d26e547bb7d0b350ef3eda42,2,2,2,0,0,0.0,1,1,41,0,,0,0.763,0
commons-io,748eef8b96068cadc45894967f58f015860afb1b,1,1,4,3,3,0.75,1,1,96,91,,0,16.157,0
commons-io,2c30851e4de51181b018a4e0d6605ee2c9776695,1,1,4,3,3,0.75,1,1,96,91,,0,16.157,0
commons-io,5e2ace28efe0476feb6a32794fe6b5e90e71eb7e,1,1,1,1,1,1.0,1,1,8,8,,0,0.182,0
commons-io,5f88079956ba7fc4551a5fc51dc28d82e33dc65f,49,2,207,2,2,0.0097,6,2,3858,6,src/changes/changes.xml,0,30.278,1
commons-io,958657f3c7cdf1f1d81a139b312c032020d582f0,2,3,2,22,1,0.0435,1,1,35,347,,0,0.099,0
commons-io,4f6b009a28ab7203260330bd93384ef5c07fd062,1,1,1,1,0,0.0,1,1,4,21,,0,12.05,0
commons-io,f00d97a6cea0a08c8112ffb8bd0b6847373899ae,1,10,1,15,0,0.0,1,2,2,269,,0,8.786,0
commons-io,703228a3d40881ea52faada723726b05f6d77b8a,29,1,144,2,2,0.0139,4,1,1864,6,,0,70.586,0
commons-collections,c23b20d0842d5a18f312b7417444058c27abd966,4,1,4,5,2,0.2857,1,1,149,71,src/main/java/org/apache/commons/collections4/multiset/AbstractMapMultiSet.java,1,0.013,1
commons-collections,e9d0c275f93cd7c72eb7a24e809a4d40e874a8b5,1,1,1,2,0,0.0,1,1,1,30,,0,0.005,0
commons-collections,0cf09633b39e81c0e0a3c8d69bff2f7005169e14,1,1,1,2,1,0.5,1,1,2,8,,0,1.091,0
commons-collections,2228018be1d88154be329327e295558e197e5cb4,1,1,1,1,0,0.0,1,1,2,2,,0,2.041,0
commons-collections,a056026a26ef4e5cba6ccffa47fea0ee499fda4b,2,2,2,2,0,0.0,1,2,15,8,,0,4.037,0
commons-collections,c6305c49740b118d8ca40a8bae53ef0211424f48,1,2,4,1,0,0.0,1,2,15,2,,0,8.044,0
commons-collections,3a22be2c1c2c92354b10874bfae8c4b46fdaaec2,1,5,1,6,0,0.0,1,2,4,361,,0,0.016,0
commons-collections,3322769985ed472a9f7927e019113ef3755d1d1a,1,1,3,1,0,0.0,1,1,30,2,,0,0.361,0
commons-collections,d9d94e4631c7bd1149b9950feb0c7e629731659b,1,2,8,4,0,0.0,1,1,54,16,,0,0.075,0
commons-collections,20a877f04ab1864dda210d26d9a2745e85fc3e8e,2,2,3,2,0,0.0,1,2,17,4,,0,1.134,0
commons-collections,956eb47745e740b39186c706ba86dba58b3a6441,1,1,1,1,0,0.0,1,1,19,2,,0,1.584,0
commons-collections,7e96acbf58d692ecd3819e506fab863cbae5d44e,1,2,6,2,0,0.0,1,1,14,10,,0,0.773,0
commons-collections,26e733fec01a7edaacbaf4e1651deeddc99b2b85,1,3,1,2,0,0.0,1,1,25,9,,0,3.54,0
commons-collections,57c9348430907a62a593f8ab4785d75cd3c6f8f1,1,3,6,4,0,0.0,1,1,18,18,,0,1.789,0
commons-collections,720c9e5c9630cecb9e8267029de86ea23a3aa2c9,1,4,1,6,0,0.0,1,3,8,97,,0,5.016,0
commons-collections,09dd28409ef1ccc1182108274575087cb40b1a58,1,2,2,2,0,0.0,1,1,12,4,,0,5.983,0
commons-collections,d28a7fba0b7197356100ae3cdd4f26e61ca9ce82,1,1,1,1,0,0.0,1,1,23,67,,0,1.088,0
commons-collections,ae7219445dc063e9cc090e338fae1d7ec3bfcbe4,2,4,1,4,0,0.0,1,3,2,10,,0,5.251,0
commons-collections,36b23c5455d607443e740d935463a2279c9a00c7,1,2,1,1,0,0.0,1,2,2,2,,0,4.107,0
commons-collections,8279d9ba4618259536a9cd16edbab83723a4f4b3,1,2,2,64,0,0.0,1,1,4,350,,0,6.565,0
commons-collections,9bbfad5db3a0dc5a7f354e014249ecce5dfb3a60,1,1,7,1,0,0.0,1,1,52,2,,0,0.864,0
commons-collections,4a398f54ae96f391155563a10227eed4d904ddbe,1,3,1,6,1,0.1667,1,1,3,22,,0,1.061,0
commons-collections,6f74aef97bb67250debb68a5f3d380f77c5dec3d,1,2,1,2,0,0.0,1,1,2,10,,0,2.001,0
commons-collections,ebc66db42635b901a5dce7f5286ba3b2427fc119,16,2,23,14,1,0.0278,3,1,545,246,,0,29.797,0
commons-collections,c811f541aa74d111cb731736bdfc6071a2084c7c,4,8,4,6,0,0.0,3,1,34,309,,0,10.798,0
commons-collections,5e9b391ce2581603a19ca8fb63a9bf96471e8b31,1,2,2,10,0,0.0,1,2,152,59,,0,5.745,0
commons-collections,4e0fb4f8091088d7a331a1f29835463209f62fc0,1,1,1,3,0,0.0,1,1,2,6,,0,0.001,0
commons-collections,4984c960728eda95baa4253748e96f2d4ec9fac9,1,2,2,2,0,0.0,1,1,10,8,,0,9.142,0
commons-collections,e77c1d875ef3ac4a07c967e88c5b46a4597339c0,1,1,1,1,0,0.0,1,1,1,2,,0,0.02,0
commons-collections,bdfbbcdca2e5487caab92743bff4c4ae8fe86eee,1,1,2,2,2,1.0,1,1,4,3,,0,20.163,0
commons-collections,4a980fadc47e1983a7435ec4666763bd8bdea205,5,1,3,1,0,0.0,1,1,340,2,,0,3.504,0
commons-collections,70fba6c8e0f82e247c04cb1fbba1233241a081fa,1,1,1,1,0,0.0,1,1,3,2,,0,6.003,0
commons-collections,ac61e06bc174b3571364278feef3a6973d98d0c3,30,1,9,1,0,0.0,6,1,160,2,,0,90.71,0
commons-collections,4d4caa6a92797835ed46d4f8aff361ecf0ad1a18,7,1,3,1,0,0.0,3,1,228,202,,0,3.421,0
commons-collections,5907d36b262c9e696c32c5ec942535e718002432,5,1,3,1,1,0.3333,3,1,150,78,,0,3.42,0
commons-collections,ff178a3b63e777408f712f6039c07441f307ba45,3,1,2,1,0,0.0,2,1,114,36,,0,3.418,0
commons-collections,181fe9c708624f9418777c885eb1653a05708294,1,1,4,1,1,0.25,1,1,668,2,,0,13.736,0
commons-collections,dd69cc72dc7bc269dc36b46f9cc8225aabd2ee8e,1,1,1,3,0,0.0,1,1,3,14,,0,3.997,0
commons-collections,98293b24bde29f0cf76f1f52d30b9519c11f5686,1,1,2,1,0,0.0,1,1,5,4,,0,19.932,0
commons-collections,c30586294f4fdc9a542427a86f30a4241d8ea2c9,1,2,1,5,0,0.0,1,1,3,251,,0,2.344,0
commons-collections,b398b82c7f5cef6f54a34dbf67d7f48cc8126b1f,1,1,1,1,0,0.0,1,1,3,2,,0,0.002,0
commons-collections,843429515ba7537c28d3f6d2a0adde259676b455,1,2,1,3,0,0.0,1,1,3,222,,0,0.003,0
commons-collections,1118a1ccddca5b8f982c4268e70a7412a3269cff,1,1,1,1,0,0.0,1,1,6,6,,0,2.073,0
commons-collections,42909f82d9303d12fb85b041c4c093778589a15d,1,1,1,2,0,0.0,1,1,5,15,,0,1.008,0
commons-collections,f4cc9984c3ea0cb85db6c30c3bba6e6dfdc0b677,1,1,1,1,0,0.0,1,1,2,7,,0,6.227,0
commons-collections,89008f2b154a48545ad36ec9c970ce35f3327ac4,6,3,7,7,2,0.1667,3,1,27,420,pom.xml,0,56.021,1
commons-collections,0dad34216c390614907f26c88790acc899c6f1d3,3,3,3,2,1,0.25,1,2,18,5,,0,3.938,0
commons-configuration,bc310d9d9030f76424e8e0a52ec4d1985c3d0e38,1,2,2,1,0,0.0,1,1,8,4,,0,1.254,0
commons-configuration,0677990d6ac8686cf2af8a056735a4d39c5cc406,2,2,4,1,1,0.25,1,1,17,4,,0,5.06,0
commons-configuration,b9c32ee93cfc7977d5468ecd89ad1efb0a456821,3,4,11,2,1,0.0833,1,2,168,9,,0,0.396,0
commons-configuration,e5e9e444fa3bc932a2872425f9b15e4db89a7887,1,2,2,6,0,0.0,1,1,5,27,,0,3.689,0
commons-configuration,2749ec70ed8d2c9eaaff0798cbf72b6956932965,3,4,45,5,2,0.0417,1,1,127,14,,0,4.969,0
commons-configuration,357c5dd60ca89982ebd097737021fbe8339df11a,1,2,1,3,0,0.0,1,2,4,197,,0,3.84,0
commons-configuration,076313b4949f15d7aa7d91bcdb80e2ec79d1f5dd,1,4,2,2,2,1.0,1,1,4,6,,0,2.234,0
commons-configuration,edb452c20f93d6ec8837dd184703ebeee73b6ce8,1,9,2,13,2,0.1538,1,1,3,461,,0,1.346,0
commons-configuration,136102875fe9408cf46f9b92fe6fdcaba41fd451,1,2,1,3,0,0.0,1,1,12,10,,0,5.977,0
commons-configuration,6d0f104c7729fff04d0cb9fa092526917a840005,3,1,6,8,0,0.0,2,1,22,157,,0,6.993,0
commons-configuration,b99b92790e8dbd8f809ee00cea1eabf968d485bd,1,3,1,4,0,0.0,1,1,4,77,,0,0.026,0
commons-configuration,d9f131a39ce10e1aa9799e09cd972fab66de801e,1,1,62,2,0,0.0,1,1,202,8,,0,10.841,0
commons-configuration,2701aec1e76f02b5566536ae215ca5fb26e3c3f2,1,5,1,4,0,0.0,1,2,6,17,,0,8.68,0
commons-configuration,cfce55ee3407b88d2d97b40cbbc4de608b070aa6,1,2,2,1,0,0.0,1,1,8,5,,0,3.232,0
commons-configuration,807602d2f5c8d083a6858ee8848fc6d9915bcb5d,1,2,1,2,0,0.0,1,1,30,10,,0,1.927,0
commons-configuration,a005929e73119f2d035a3521a7b052c14003660e,10,4,10,2,1,0.0909,1,1,234,12,,0,0.034,0
commons-configuration,0572d2c1ebd5c432be7f11dedd286aac6128b5a4,9,1,11,1,1,0.0909,1,1,236,4,,0,3.022,0
commons-configuration,033d50d9ba4f308bbea7786ee33d73df72f53cb0,1,3,1,2,1,0.5,1,2,18,3,,0,0.044,0
commons-configuration,df9d3a362b17f978cd2291b8018185b70015373a,1,3,9,3,1,0.0909,1,3,1623,6,,0,1.974,0
commons-configuration,1371b9058664c871a4a5eab7a418b16bb4a02408,1,4,1,3,0,0.0,1,2,2,80,,0,2.174,0
commons-configuration,d0b7016527d3cf7590e4551644d15e73bef368f4,1,2,2,2,0,0.0,1,1,6,10,,0,1.094,0
commons-configuration,c00c6ab588893258678ec77e3dd69ba56d2efcfa,1,1,2,1,0,0.0,1,1,4,2,,0,2.613,0
commons-configuration,3a23ffdec2ea2711f1e885c330d0e867d3a52855,1,1,2,1,1,0.5,1,1,4,2,,0,1.352,0
commons-configuration,d1b4d0ed4894a095ab602c6c2b3705a9faaefa23,1,2,1,6,0,0.0,1,2,2,132,,0,1.832,0
commons-configuration,ea746c1ed2128f1d5b59a3903c3d07f47e4ad9ed,1,4,2,2,2,1.0,1,2,5,9,,0,4.958,0
commons-configuration,5f7cb155e3e2859b5b46d50474f542615c5116d4,1,1,1,2,0,0.0,1,1,2,5,,0,15.018,0
commons-configuration,e16fec6d5f2ed43e1c73a9c0574adc8fb8a176a8,2,4,6,5,0,0.0,1,3,105,25,,0,5.93,0
commons-configuration,5b3748dc35ce1fa59bc61f723d6283467cd78ef0,2,1,4,2,1,0.2,1,1,10,5,,0,4.256,0
commons-configuration,265e1910575390d8900612ab61f74a4c69535134,4,3,20,17,2,0.0571,1,1,79,185,,0,1.303,0
commons-configuration,71ab2a4026e2deca773f9e7de7eef54e2c4fead8,1,1,1,1,0,0.0,1,1,2,2,,0,0.0,0
commons-configuration,0e39e0e9df99c8708887e0ee92eb9f42c0fa1022,1,1,1,1,0,0.0,1,1,2,2,,0,0.005,0
commons-configuration,f6abe30b6b235f8e3e8b521895606e79e8d07f47,1,1,1,2,0,0.0,1,1,3,45,,0,0.002,0
commons-configuration,12959f66382b2e4fa5a22003aeddaa6f792755eb,1,1,1,1,0,0.0,1,1,2,2,,0,0.003,0
commons-configuration,c3685456336792a6e22fa0036b1ed04210baeea6,1,3,1,2,0,0.0,1,1,9,6,,0,0.003,0
commons-configuration,54fbbed972e65e3e9e981c3bc8756a5443716508,1,1,1,1,0,0.0,1,1,2,2,,0,0.001,0
commons-configuration,0f8137ff6984e865875aa84549152c54392870b8,1,1,1,1,0,0.0,1,1,2,2,,0,0.001,0
commons-configuration,4c8a5f5ce53bf7761776c98167b797b9d327ffb4,1,1,1,1,0,0.0,1,1,2,2,,0,0.001,0
commons-configuration,31c75d470a78f9c7e1cc9cbdd165d4180a1d2f10,1,1,1,1,0,0.0,1,1,3,4,,0,0.002,0
commons-configuration,6665b8110a2651088bfab572246f502430466306,1,1,1,1,0,0.0,1,1,3,2,,0,0.001,0
commons-configuration,623466ba76c6f1f2423d9e5601c9ff96cdd68329,1,1,1,1,0,0.0,1,1,3,2,,0,0.001,0
commons-configuration,a749b0a5c0f723ff66e4ed988b22d5c4246857b2,1,1,1,9,0,0.0,1,1,4,209,,0,0.018,0
commons-configuration,8e2aef91d25beb4d615f83745ce3f8afb02de835,1,13,1,4,1,0.25,1,1,2,175,,0,5.63,0
commons-configuration,33a318106bd9c7dd90db13d4a5f69f56830ef226,1,1,0,1,0,0.0,1,1,0,3,,0,0.019,0
commons-configuration,9478944e92bb15ecdfa00f3bda5c73d9364dadf9,8,1,4,1,0,0.0,1,1,174,15,,0,2.856,0
commons-configuration,9052734032c1779e30a7cfc7a10b6ddb8294b56d,129,15,75,147,22,0.11,1,1,18840,687,src/main/java/org/apache/commons/configuration/BaseHierarchicalConfiguration.java;src/main/java/org/apache/commons/configuration/convert/AbstractListDelimiterHandler.java;src/main/java/org/apache/commons/configuration/tree/ConfigurationNodeVisitorAdapter.java;src/main/java/org/apache/commons/configuration/tree/DefaultConfigurationNode.java;src/main/java/org/apache/commons/configuration/tree/DefaultExpressionEngine.java;src/main/java/org/apache/commons/configuration/tree/xpath/ConfigurationNodeIteratorBase.java;src/main/java/org/apache/commons/configuration/tree/xpath/ConfigurationNodePointer.java;src/main/java/org/apache/commons/configuration/tree/xpath/ConfigurationNodePointerFactory.java;src/main/java/org/apache/commons/configuration/tree/xpath/XPathExpressionEngine.java;src/test/java/org/apache/commons/configuration/TestHierarchicalConfiguration.java;src/test/java/org/apache/commons/configuration/TestSubnodeConfiguration.java;src/test/java/org/apache/commons/configuration/tree/TestDefaultConfigurationNode.java;src/test/java/org/apache/commons/configuration/tree/TestDefaultExpressionEngine.java;src/test/java/org/apache/commons/configuration/tree/xpath/TestConfigurationNodePointerFactory.java;src/test/java/org/apache/commons/configuration/tree/xpath/TestXPathExpressionEngine.java,1,51.012,1
commons-configuration,d664badcbea6a3e73a6b5ad2d48a397e7a7cf92c,17,6,26,0,0,0.0,1,1,4463,0,,0,13.168,0
commons-configuration,fb95d304d675402012280842a8db7a03cc581e63,1,6,1,52,0,0.0,1,1,13,2691,,0,7.962,0
logging-log4j2,c369ac2cf455657c71054b8525df98982e4152ce,173,9,1150,18,5,0.0043,28,2,35081,527,pom.xml,0,24.632,1
logging-log4j2,a157901ebe93e277cb6bed6d7af36e07b83e50f8,24,1,677,2,0,0.0,8,1,10910,61,,0,15.127,0
logging-log4j2,5df0a575cece5a770f2be491bbe97689af9c644f,10,2,23,640,1,0.0015,4,1,390,10111,,0,11.151,0
logging-log4j2,546e4fac4ed2c226de479e09908db6324d2ae87f,150,6,592,18,12,0.0201,23,3,23920,724,log4j-api/src/main/java/org/apache/logging/log4j/spi/LoggerRegistry.java;log4j-core/src/main/java/org/apache/logging/log4j/core/LoggerContext.java;log4j-core/src/main/java/org/apache/logging/log4j/core/util/internal/InternalLoggerRegistry.java;pom.xml,1,57.841,1
logging-log4j2,5f683c6dc8e3ffc514eb682bdbb85d39897e0da8,65,45,229,115,106,0.4454,9,5,9853,4165,.github/workflows/build.yaml;.github/workflows/merge-dependabot.yaml;log4j-api/src/main/java/org/apache/logging/log4j/message/package-info.java;log4j-api/src/main/java/org/apache/logging/log4j/simple/SimpleLoggerContext.java;log4j-api/src/main/java/org/apache/logging/log4j/simple/package-info.java;log4j-api/src/main/java/org/apache/logging/log4j/spi/LoggerRegistry.java;log4j-api/src/main/java/org/apache/logging/log4j/spi/package-info.java;log4j-core-test/src/test/java/org/apache/logging/log4j/core/util/WatchManagerTest.java;log4j-core/src/main/java/org/apache/logging/log4j/core/LoggerContext.java;log4j-core/src/main/java/org/apache/logging/log4j/core/config/AbstractConfiguration.java;log4j-core/src/main/java/org/apache/logging/log4j/core/config/ConfigurationSource.java;log4j-core/src/main/java/org/apache/logging/log4j/core/package-info.java;log4j-mongodb/pom.xml;log4j-taglib/src/main/java/org/apache/logging/log4j/taglib/Log4jTaglibLoggerContext.java;log4j-taglib/src/main/java/org/apache/logging/log4j/taglib/package-info.java;log4j-to-jul/src/main/java/org/apache/logging/log4j/tojul/JULLoggerContext.java;log4j-to-jul/src/main/java/org/apache/logging/log4j/tojul/package-info.java;log4j-to-slf4j/src/main/java/org/apache/logging/slf4j/SLF4JLoggerContext.java;log4j-to-slf4j/src/main/java/org/apache/logging/slf4j/package-info.java;pom.xml;src/site/antora/modules/ROOT/pages/download.adoc,1,23.925,1
logging-log4j2,27deaaf99fa0128085689deaaa5053afd9cfc711,13,9,66,65,4,0.0315,4,2,2846,246,.github/generate-email.sh;.github/workflows/build.yaml,0,5.776,1
logging-log4j2,4b5dcc38227d667d4bdf3198d2d458f74824c217,11,8,25,8,0,0.0,1,2,1784,131,,0,6.107,0
logging-log4j2,a18496567d3463ff1fe47177bfb2f09ac29a9557,3,11,19,62,19,0.3065,2,3,931,4312,,0,3.009,0
logging-log4j2,c977798695b604b1c2be027bbb1f2d94d6d46959,3,6,4,9,0,0.0,2,1,24,809,,0,1.133,0
logging-log4j2,f2fa3cce37fffd660c7bac36b0d22bde80927881,1,417,7,2908,0,0.0,1,15,705,76008,,0,109.836,0
logging-log4j2,204d8251295dfa816b9b28d8d9cfaebab500f415,4,1,13,1,0,0.0,1,1,823,2,,0,0.079,0
logging-log4j2,c3212333aec0027d894c366ab3ec05fef8cb2378,3,9,13,49,1,0.0164,1,3,823,1035,,0,1.882,0
logging-log4j2,dae04aa0df503fd1a21b83e6d8a4b131d48b41de,3,11,6,21,0,0.0,1,3,185,670,,0,5.133,0
logging-log4j2,34c8b4af6a46bf7ad994e04052f40cc1d233ce54,6,9,10,90,4,0.0417,1,3,1060,8551,src/site/antora/modules/ROOT/pages/manual/migration.adoc,0,3.039,1
logging-log4j2,85d6c7e7f415f5ce80abf819c325b9759146403d,1,10,5,36,3,0.0789,1,2,188,973,src/site/resources/.htaccess,0,1.004,1
logging-log4j2,f4cf44e988a31bb1deb2bb5b9f74105b02a7c14d,1,24,5,18,0,0.0,1,2,22,832,,0,0.088,0
logging-log4j2,3b2ee731d57b933a2ba725775e299f6dbfd97675,23,5,50,43,39,0.7222,2,3,2832,2385,src/site/antora/antora.yml;src/site/antora/modules/ROOT/pages/manual/async.adoc;src/site/antora/modules/ROOT/pages/manual/garbagefree.adoc;src/site/antora/modules/ROOT/pages/manual/layouts.adoc;src/site/antora/modules/ROOT/partials/manual/async-trade-offs.adoc;src/site/antora/modules/ROOT/partials/manual/systemproperties/properties-async-logger.adoc;src/site/antora/modules/ROOT/partials/manual/systemproperties/properties-garbage-collection.adoc,0,4.577,1
logging-log4j2,1f9a58cbcfd8ed9f5c955cd65d0d94ce9545a6fc,2,22,18,53,8,0.127,1,4,1095,1937,pom.xml;src/site/antora/modules/ROOT/pages/manual/async.adoc;src/site/antora/modules/ROOT/pages/manual/layouts.adoc;src/site/antora/modules/ROOT/partials/manual/systemproperties/properties-async-logger.adoc,0,1.197,1
logging-log4j2,542736a3968fd5f745865f719a26ec6add5dc12b,13,1,37,1,0,0.0,1,1,2303,1,,0,0.156,0
logging-log4j2,620c26c4c66b99aaf6e94d3d6fa9430ad8e65043,12,2,37,14,5,0.1087,1,2,2306,38,src/site/antora/modules/ROOT/pages/manual/async.adoc;src/site/antora/modules/ROOT/pages/manual/garbagefree.adoc,0,0.209,1
logging-log4j2,2fe289f5eaf98882cd812d867203e55fd94681eb,10,28,37,89,4,0.0328,1,3,1800,7735,src/site/antora/modules/ROOT/nav.adoc;src/site/antora/modules/ROOT/pages/manual/async.adoc;src/site/antora/modules/ROOT/pages/manual/garbagefree.adoc;src/site/antora/modules/ROOT/pages/manual/layouts.adoc,0,5.655,1
logging-log4j2,af0ca2916e846902b13c84145c803c78151526c0,10,1,24,1,0,0.0,3,1,625,181,,0,0.842,0
logging-log4j2,c1459aa0c1b085377edb0643c08de623fdf96e7d,9,23,24,85,0,0.0,3,2,625,7720,,0,7.637,0
logging-log4j2,19175d86e998385049703e175af3c06af91c1c5f,2,5,20,20,0,0.0,1,3,843,457,,0,4.032,0
logging-log4j2,8ffdfc2a5cc38bef2016d3b2506483abb1f16465,1,1,1,3,0,0.0,1,1,193,8,,0,0.955,0
logging-log4j2,877ef02f7978bbbd52863f389db203c8f1a44a0a,9,15,15,27,0,0.0,3,1,1433,2955,,0,2.317,0
logging-log4j2,6e7e345f306c39e97838ec392d0c9932b54738eb,2,5,5,19,2,0.0909,1,1,51,135,,0,0.204,0
logging-log4j2,ce46f2e40c99d066b4b1b6671dc4cf426ca849cb,4,8,19,15,0,0.0,1,3,135,390,,0,2.098,0
logging-log4j2,1f0ee2d9bdf31ef88732afb3ac957069c0888e8c,1,5,1,28,0,0.0,1,2,17,191,,0,0.197,0
logging-log4j2,c8d60bc535907d1969d08649319a1e27eb473dd2,3,12,42,47,2,0.023,1,3,1057,900,,0,8.146,0
logging-log4j2,8b720761e75bb74035b64b3c07624d7a25beb10f,1,2,3,4,1,0.1667,1,1,11,156,,0,3.959,0
logging-log4j2,819b73807ca7bb9955e037df8e40b92d7d296a9e,22,1,2137,5,2,0.0009,3,1,60284,45,log4j-core/src/main/java/org/apache/logging/log4j/core/util/BasicAuthorizationProvider.java;src/site/_release-notes/_2.x.x.adoc,1,2.768,1
logging-log4j2,0e1ee448b257d6c6b3dc66b7c36cd9ef83f3dfe7,4,3,5,75,2,0.0256,2,2,201,277,,0,2.862,0
logging-log4j2,c8c212faa60aba62317ebf11e05ed1c1a95472c6,37,89,157,543,87,0.1419,8,10,7465,20104,.github/generate-email.sh;.github/workflows/build.yml;pom.xml;src/site/_release-notes.adoc;src/site/_release-notes/_2.0-alpha1.adoc;src/site/_release-notes/_2.0-alpha2.adoc;src/site/_release-notes/_2.0-beta1.adoc;src/site/_release-notes/_2.0-beta2.adoc;src/site/_release-notes/_2.0-beta3.adoc;src/site/_release-notes/_2.0-beta4.adoc;src/site/_release-notes/_2.0-beta5.adoc;src/site/_release-notes/_2.0-beta6.adoc;src/site/_release-notes/_2.0-beta7.adoc;src/site/_release-notes/_2.0-beta8.adoc;src/site/_release-notes/_2.0-beta9.adoc;src/site/_release-notes/_2.0-rc1.adoc;src/site/_release-notes/_2.0-rc2.adoc;src/site/_release-notes/_2.0.1.adoc;src/site/_release-notes/_2.0.2.adoc;src/site/_release-notes/_2.0.adoc;src/site/_release-notes/_2.1.adoc;src/site/_release-notes/_2.10.0.adoc;src/site/_release-notes/_2.11.0.adoc;src/site/_release-notes/_2.11.1.adoc;src/site/_release-notes/_2.11.2.adoc;src/site/_release-notes/_2.12.0.adoc;src/site/_release-notes/_2.12.1.adoc;src/site/_release-notes/_2.13.0.adoc;src/site/_release-notes/_2.13.1.adoc;src/site/_release-notes/_2.13.2.adoc;src/site/_release-notes/_2.13.3.adoc;src/site/_release-notes/_2.14.0.adoc;src/site/_release-notes/_2.14.1.adoc;src/site/_release-notes/_2.15.0.adoc;src/site/_release-notes/_2.16.0.adoc;src/site/_release-notes/_2.17.0.adoc;src/site/_release-notes/_2.17.1.adoc;src/site/_release-notes/_2.17.2.adoc;src/site/_release-notes/_2.18.0.adoc;src/site/_release-notes/_2.19.0.adoc;src/site/_release-notes/_2.2.adoc;src/site/_release-notes/_2.20.0.adoc;src/site/_release-notes/_2.3.adoc;src/site/_release-notes/_2.4.1.adoc;src/site/_release-notes/_2.4.adoc;src/site/_release-notes/_2.5.adoc;src/site/_release-notes/_2.6.1.adoc;src/site/_release-notes/_2.6.2.adoc;src/site/_release-notes/_2.6.adoc;src/site/_release-notes/_2.7.adoc;src/site/_release-notes/_2.8.1.adoc;src/site/_release-notes/_2.8.2.adoc;src/site/_release-notes/_2.8.adoc;src/site/_release-notes/_2.9.0.adoc;src/site/_release-notes/_2.9.1.adoc;src/site/_release-notes/_2.x.x.adoc,0,6.986,1
logging-log4j2,d6563e3432385001c760aae8ec5958f3bb004193,360,4,919,9,6,0.0065,21,1,40096,169,log4j-core-test/src/test/java/org/apache/logging/log4j/core/appender/rolling/RollingAppenderSizeTest.java,1,120.971,1
logging-log4j2,1350c8dad6fe1f6530d84ee1a781998e2807d0c0,169,10,684,53,4,0.0055,10,2,29179,288,pom.xml,0,39.714,1
logging-log4j2,b0413d5bc786b665f5f360b0f63c105d16001f97,12,14,32,73,16,0.1798,5,6,343,2034,src/changelog/.2.x.x/1484_fix_StackLocator_stdout.xml;src/changelog/.2.x.x/1545_add_warn_in_case_of_incorrect_syntax_of_highlighting_style.xml,0,0.865,1
logging-log4j2,5d8d093024ad91146c141fda9409c1691b3f8bfc,3,23,4,198,0,0.0,1,2,237,3100,,0,5.61,0
logging-log4j2,1ff33dcf2013c35e22cecc20c5af970bb2702a74,7,6,168,20,16,0.093,2,1,8626,132,.github/workflows/build.yml,0,2.019,1
logging-log4j2,1090ec6951aff9b2f05328c6d94bdd23858602f0,4,35,49,37,1,0.0118,1,7,264,1921,,0,22.272,0
logging-log4j2,db200c796907c07e2e9b53b02a6d032d08f1f363,36,2,108,1,0,0.0,5,1,6245,4,,0,9.245,0
logging-log4j2,b1e1643667d36056c2b08f393d6e3e6d902de12c,34,5,74,11,4,0.0494,5,1,2522,504,,0,16.419,0
logging-log4j2,8c054fc73833ba1ef9bbea916d7c7201c20a8730,2,9,11,133,5,0.036,1,2,532,4351,pom.xml;src/site/site.xml,0,1.478,1
logging-log4j2,9618ff7161113eef21a06f87c99ef151137fea03,1,69,11,2140,4,0.0019,1,11,549,54818,,0,51.151,1
logging-log4j2,b8931d733a39a3e89f16680d7b45778ce312ed5f,136,1,3593,1,0,0.0,14,1,69559,2,,0,117.86,0
logging-log4j2,2df18f2926d4e1cc499b0b189884c0cef0a13e32,56,1,2138,1,0,0.0,10,1,55445,22,,0,61.42,0
logging-log4j2,d39180ca0dbfc4826c802a94f89242d96c16af41,67,1,2190,2,2,0.0009,13,1,57205,4,,0,83.45,0
logging-log4j2,77ff53e6514bf0f3735133334a75a587f23f290c,23,1,2107,2,2,0.0009,7,1,53782,6,,0,13.459,0
logging-log4j2,04df7c97c35b0294a9a254d486a004eab06282c1,21,1,2106,5,4,0.0019,7,1,53766,16,,0,13.459,0
logging-log4j2,c5da16880628cb4740178470e9bcc1eefb33e8bb,19,1,2102,4,0,0.0,6,1,53746,20,,0,12.909,0
logging-log4j2,02ef333d56303c40bc56ce34b25f0d5e198a12e5,7,7,8,13,8,0.6154,4,4,285,379,,0,34.025,0
logging-log4j2,af0f9cf42a2ca82b0dec2ee4311730262f2e2c22,20,1,48,24,3,0.0435,7,1,2452,222,,0,29.011,0
logging-log4j2,b34f8ca6ca39c3bf9e1f4ad734db454c8debdf02,19,1,8,2,2,0.25,2,1,50,4,,0,0.027,0
logging-log4j2,7ba5d0435bdffba0ce7ac5d791fe09c06e2e9f4a,17,1,8,4,4,0.5,2,1,36,14,,0,0.027,0
logging-log4j2,859ace8952061cdd8f7517ba48625974bf7e5b69,15,1,6,3,1,0.125,2,1,18,18,,0,0.026,0
logging-log4j2,02d99c3e3f8e9fb40cacfd488da5e1c91785668a,13,1,5,1,0,0.0,2,1,16,2,,0,0.025,0
logging-log4j2,9b62fd2f8a1913c7da235cfeb32902965ac62c71,18,1,7,1,1,0.1429,2,1,29,2,,0,0.043,0
logging-log4j2,31c60200fdc6af0677b27bc86b1404e1b78bb2f2,16,1,5,2,0,0.0,2,1,25,4,,0,0.04,0
logging-log4j2,352cda1c7c9c68b0a49d6e51641565bfe47e41a6,14,1,4,1,0,0.0,2,1,23,2,,0,0.04,0
logging-log4j2,e532daeb9ad747ac69d76ca325fa80ca05126700,12,1,4,1,1,0.25,2,1,21,2,,0,0.034,0
logging-log4j2,69c8944dcc54c87e18fb325ba4da9a6533533468,10,1,4,1,1,0.25,2,1,19,2,,0,0.034,0
logging-log4j2,623360f5a9792c43d24580ba24dedab162abc73f,8,1,4,1,1,0.25,2,1,17,2,,0,0.034,0
logging-log4j2,fd4429d3e3d39d8790381db76ddacbaaee6cb532,4,1,1,2,0,0.0,2,1,4,4,,0,0.027,0
logging-log4j2,cecaaa45624d4df75b4a118440a637f7f1392040,2,1,1,1,1,1.0,2,1,2,2,,0,0.026,0
logging-log4j2,47d334d425892c0e897987cfa9a23d46efee79f5,2,1,2,1,0,0.0,1,1,9,2,,0,0.028,0
logging-log4j2,1007cf0964f43b6bbbbbbc36d4f8e7e72f7cb23e,7,1,2,1,1,0.5,2,1,8,2,,0,0.047,0
logging-log4j2,f1a0ce26bf94f8d4c243b958fb42b64289c95dfd,5,1,2,1,1,0.5,2,1,6,2,,0,0.047,0
logging-log4j2,387340bff5cf8e71f731d9fa289fbb01f939f96e,3,1,1,1,0,0.0,2,1,4,2,,0,0.047,0
logging-log4j2,786c011e291a9d585d7fd105f0686d24b0f15b8e,3,12,4,21,0,0.0,1,1,179,702,,0,1.095,0
logging-log4j2,bfed0a38df579fc2c901178d32ff3e2bd14b84b0,1,2,3,1,0,0.0,1,1,19,4,,0,1.759,0
logging-log4j2,12977a910113f93e9603128a5ad10b6ead9586ec,1,1,2,1,0,0.0,1,1,98,108,,0,0.581,0
logging-log4j2,b713368de59703267a6bd128f42c0a6bff0992f9,1,1,37,1,0,0.0,1,1,198,2,,0,0.002,0
logging-log4j2,ae2afdd2109f6193d2c0dc2bf4df2227b349e283,1,1,7,6,0,0.0,1,1,56,88,,0,0.103,0
logging-log4j2,164290d8aca84f0e9cdbfc9e3b98e315d3bc4c0a,2,1,4,31,0,0.0,1,1,37,719,,0,0.075,0
logging-log4j2,2260eb118fdfa0dac4e96e8462aaafa27eb75fed,214,2,410,1,0,0.0,12,1,14783,19,,0,14.055,0
logging-log4j2,25486d0754555cb281c60b912d98fb423e2f4f8d,1,1,1,2,0,0.0,1,1,8,4,,0,0.071,0
logging-log4j2,718ff1f7b57accc09ca80ed6c0c8b1ce784b3670,12,1,29,1,0,0.0,1,1,453,2,,0,0.703,0
logging-log4j2,e341f8a0acc16c5fb9281fd71c43f5b9959fb0c4,1,2,5,4,0,0.0,1,2,62,9,,0,0.108,0
logging-log4j2,c65bcfccdb89a3a66b0776423fd0bd238e7c4f83,1,2,1,4,0,0.0,1,1,12,102,,0,0.088,0
logging-log4j2,74ca8b58f0d4e1b99bab2c4e7b8f56723b705019,5,1,2,1,0,0.0,1,1,61,38,,0,0.018,0
logging-log4j2,e404ffaa1fc35f08bae320ae6bc870c040c88f0c,3,2,1,1,0,0.0,1,1,59,4,,0,0.031,0
logging-log4j2,7af25bd1c67814d3a0b3047004ded82d3d7754c3,1,2,7,1,0,0.0,1,1,653,38,,0,0.243,0
logging-log4j2,e730f06b81f67d1be5a0a6215e6f465dca6e2b25,1,1,1,1,0,0.0,1,1,32,2,,0,0.042,0
logging-log4j2,efb76dcf797b5edd34e67c446cbcef06577d0caa,1,3,1,5,0,0.0,1,3,15,20,,0,0.243,0
logging-log4j2,c2512843c67432b6e7dbf5e73297e7f9b9fe996d,1,1,1,1,0,0.0,1,1,2,156,,0,0.005,0
logging-log4j2,9e2c23f4abc064e596408cc6639c859b2f37e77c,1,1,1,1,0,0.0,1,1,12,4,,0,0.016,0
logging-log4j2,37bb43fde3d2fbf94c8a4e5a81d33b769e39f744,1,2,15,15,0,0.0,1,2,434,53,,0,0.02,0
logging-log4j2,982dd42fae6e5db21725c8220c77e2a9e3cd1531,2,36,2,25,0,0.0,1,6,22,984,,0,3.19,0
logging-log4j2,b76b599739780a9107ed1c1dc8d7087463653164,6,4,36,7,1,0.0238,2,3,2837,315,src/changes/changes.xml,0,2.367,1
logging-log4j2,3d0b37924c6f360d6418a90dde77fbc61bc0b6a9,4,53,36,71,3,0.0288,1,14,2838,4298,src/changes/changes.xml,0,75.275,1
logging-log4j2,81d5be9e2f962720bc23f2e9e7be88b72adda58e,274,11,636,7,2,0.0031,30,3,27495,942,src/changes/changes.xml,0,341.845,1
logging-log4j2,14648a64544ad08f09cb9e6377e82a816735deef,3,10,4,28,2,0.0667,1,3,243,2108,src/changes/changes.xml,0,15.608,1
logging-log4j2,f03a7280d21b17f1bdf65a57a5d24b0ec17c679d,1,1,5,5,5,1.0,1,1,72,72,,0,0.106,0
logging-log4j2,31457f40ffb52d5f47328e70b6a8e29fdd584119,1,1,1,4,0,0.0,1,1,13,211,,0,1.371,0
logging-log4j2,8446d82365b0d2fb50d2db989a588aa934f3c3b9,1,3,1,15,0,0.0,1,2,16,442,,0,0.375,0
logging-log4j2,d2adba0d6d554edebabd7367c3a7a7af6af09192,1,1,1,4,1,0.25,1,1,6,163,,0,5.752,0
logging-log4j2,cc657047317a0fdab327d661568d177655482e9f,4,2,5,8,0,0.0,1,2,22,1231,,0,2.252,0
logging-log4j2,f276b5f9da7aecd0b87f4bee11158e52beff0331,1,1,1,1,0,0.0,1,1,4,17,,0,0.003,0
logging-log4j2,1070916a64bff567349d89703108dbd4053a5125,4,1,80,4,1,0.012,1,1,1009,104,,0,0.101,0
logging-log4j2,e69401d095cd603147418960195954f77f760c70,3,1,11,4,0,0.0,1,1,511,191,,0,3.756,0
logging-log4j2,c5b55838ca561ac55e6088ba5d03a5bd30f32acd,36,1,61,4,0,0.0,8,1,2614,38,,0,47.054,0
logging-log4j2,b91cda25b615966d1bc9ceff040cb57b1621733c,30,1,58,1,0,0.0,6,1,2555,20,,0,46.742,0
logging-log4j2,8c0b19df7251af9bbdd70add3129b8e7a77dbaf2,19,22,25,5,1,0.0345,6,1,851,894,,0,38.102,0
logging-log4j2,90b5d2f57d74925dde9572e940a49cde587074f5,1,58,1,136,0,0.0,1,10,8,3978,,0,0.006,0
logging-log4j2,cbca79446ab0cf01abc5cc4a2cafc507653a9fc0,19,57,5,137,2,0.0143,1,9,893,3983,log4j-core/src/main/java/org/apache/logging/log4j/core/appender/mom/kafka/KafkaAppender.java,1,44.477,1
logging-log4j2,51ccdae99f71d3cd5a01df18f213249e4e6daed1,173,2,487,2,0,0.0,15,1,46485,49,,0,304.158,0
logging-log4j2,2a7d1cedef9dcd33f0ae5fe58adf45f853d3e86a,7,2,35,3,3,0.0857,2,2,752,27,src/changes/changes.xml,0,10.089,1
logging-log4j2,951b40c64001eb304358fe8a91f61b565a12b951,1,4,1,3,1,0.3333,1,2,4,14,src/changes/changes.xml,0,1.299,1
logging-log4j2,c5f2f2a413e414e59d48f685e5db336c086f3fad,3,1,4,1,1,0.25,1,1,456,3,src/changes/changes.xml,0,0.544,1
logging-log4j2,54649cbc158bf5975792eccb0fedfe39eeed1de7,1,8,1,17,1,0.0588,1,1,182,701,pom.xml,0,4.073,1
logging-log4j2,d738c178d46dcfabbecd4623fd2b98b3d7c1a756,1,2,2,0,0,0.0,1,1,4,0,,0,0.605,0
logging-log4j2,5e4748acd0ce2808a54d227efe8c5c915c95c0c9,21,1,20,2,0,0.0,5,1,251,117,,0,25.393,0
logging-log4j2,87a2a73c2687eca873490c83faa6da7d527636cf,22,1,23,1,1,0.0435,4,1,297,6,,0,55.375,0
logging-log4j2,c4e52eb9dca46411d18ea3ef5a58bf892eaa269a,1,1,34,1,0,0.0,1,1,82,2,,0,0.006,0
logging-log4j2,046a5cfafeefd844bf23344dfac93c174abb59ab,1,2,1,2,0,0.0,1,1,1,6,,0,0.17,0
logging-log4j2,27b06b9bce8e8825272ef940c677167aeebd2c48,1,1,1,3,0,0.0,1,1,2,119,,0,0.09,0
logging-log4j2,618b28f9e2457fcd4c10817903265cf5c46f04c8,3,7,13,21,1,0.0303,2,2,159,967,,0,1.098,0
logging-log4j2,b8a0d9fc14d9176cef73ae6614057296fb3a7d33,1,7,1,21,1,0.0476,1,1,1,968,,0,1.104,0
logging-log4j2,d7d5cfd796cec47a5b9f4ba669076fd98ad92673,1,1,1,8,1,0.125,1,1,2,342,,0,0.747,0
logging-log4j2,a8ef29e5434dbb825f8209a7b2852a5113185b17,62,1,89,4,0,0.0,6,1,1652,59,,0,36.55,0
logging-log4j2,b0b463ff8c91616fcddf74c7a281537d9268d5a6,23,1,54,2,0,0.0,5,1,522,152,,0,8.803,0
logging-log4j2,ac82a0d782a583f059778f0db3c6012180747fb3,1,1,2,1,0,0.0,1,1,9,8,,0,0.003,0
logging-log4j2,d104162afa6912ad71aa5e6cc8b99b777e8ba815,2,5,2,5,0,0.0,1,2,22,64,,0,0.669,0
logging-log4j2,2b93414a403c21003774f7b0a8f92f143b5fec3c,10,3,11,2,0,0.0,2,1,468,4,,0,0.374,0
logging-log4j2,d24ebef87bc9e560580c4439c31fb6fb8fe3c30b,1,1,1,6,0,0.0,1,1,2,2240,,0,0.818,0
logging-log4j2,00823bd9541bcab405f57ffda2db050aefb87181,2,1,2,4,1,0.2,1,1,11,57,,0,0.096,0
logging-log4j2,98a66a14561e7b1525a98080be1362e0243a56d4,3,1,49,2,0,0.0,1,1,1243,5,,0,0.974,0
logging-log4j2,e54e2505f5e6579a25848d39ed2fbd7a6d03c5e5,2,10,49,5,1,0.0189,1,2,1243,31,,0,1.177,0
logging-log4j2,06dcce455c0409f47e808fbf837a136f140e18de,118,12,148,27,4,0.0234,15,2,5093,1145,log4j-api/src/main/java/org/apache/logging/log4j/util/PropertiesUtil.java;src/changes/changes.xml,1,48.023,1
logging-log4j2,c81c118a2957cab9434ece771daef4cb8311ae63,1,2,1,18,0,0.0,1,1,8,883,,0,2.327,0
logging-log4j2,b5ba8b78839992be3ec21eb5e9931f49d3955f00,1,2,9,1,0,0.0,1,1,221,4,,0,1.702,0
logging-log4j2,64e3f1031225a4c998ffa03a15819a51dfea4532,2,1,3,2,0,0.0,2,1,20,58,,0,2.082,0
logging-log4j2,b8f6a1c5758f5d634b5d5cf3f4c4ebb571abca23,1,2,3,1,0,0.0,1,1,47,4,,0,0.108,0
logging-log4j2,d2aa15bd10e502e688bb69de60a87d99455da168,1,4,1,3,0,0.0,1,1,4,55,,0,0.467,0
logging-log4j2,65c2b53d5e20246e03348abc17fce0f9956a67f8,1,1,1,2,0,0.0,1,1,2,15,,0,0.705,0
logging-log4j2,3ac727026f295941fe71a34d6c80afc242f38c0f,1,1,1,1,0,0.0,1,1,8,11,,0,0.066,0
logging-log4j2,b79d6c5d7b6663c38b07ce88f924efe7419b9455,1,1,1,23,0,0.0,1,1,53,3750,,0,0.306,0
logging-log4j2,b96f5220dbebf6e0a4fb9f7da07c3a9d7d443418,9,7,13,8,1,0.05,1,3,789,1797,,0,2.94,0
logging-log4j2,db946ce77cce33e8d722d3b32d0bb91caeb0d17b,4,1,13,1,0,0.0,1,1,789,4,,0,1.112,0
logging-log4j2,f56b8c1ab6afc8806994eb71846a3dfcc9ac07f1,1,2,13,3,1,0.0667,1,1,39,143,,0,1.036,0
logging-log4j2,2ce1a7ff25b1699d94dc0e73ff889b42002a728f,1,6,3,13,1,0.0667,1,4,143,539,src/changes/changes.xml,0,2.656,1
logging-log4j2,22b57e14423859b08a72a1a042d5f041352b140b,272,2,354,4,0,0.0,17,1,18280,471,,0,94.747,0
logging-log4j2,698bf360f3880eefdf58989ef63911b955602f2d,1,2,1,7,0,0.0,1,1,4,60,,0,0.816,0
logging-log4j2,002a19332c6f3cbbecdd93a4310e498bd24bee8e,6,3,10,3,0,0.0,1,2,83,6,,0,1.045,0
logging-log4j2,04acee201919ce57d99009b625b5e91a8d9e052c,1,1,1,5,0,0.0,1,1,1,89,,0,1.333,0
logging-log4j2,2d4b2c1bba45b7440457a14d5ffa8fb0557fc6a0,4,1,10,5,1,0.0714,1,1,83,89,src/changes/changes.xml,0,0.851,1
logging-log4j2,c1b90f96151c1a0e217ee2ed36c29eb325ff7d25,1,6,8,15,2,0.0952,1,2,78,1096,src/changes/changes.xml,0,1.873,1
logging-log4j2,a0fcb1557f19ee22e84c32901843ed4eeab1bbc4,1,22,1,37,0,0.0,1,4,2,2520,,0,5.637,0
logging-log4j2,42dcb4588d79016b7906737ab66603ce9c27f968,8,2,12,20,2,0.0667,2,2,643,300,src/changes/changes.xml,0,8.72,1
logging-log4j2,9caf597d1dc08b7bb64e0b6f5a128ddf18684fdb,6,1,10,2,0,0.0,1,1,636,22,,0,2.124,0
logging-log4j2,bcb7264491b89a4cb9f672a276cc00ff48c484cd,5,20,10,20,3,0.1111,1,2,636,597,,0,5.975,0
logging-log4j2,d7d88b13c5ee60572387e500442f2396fe616718,1,2,2,6,0,0.0,1,1,47,344,,0,1.591,0
logging-log4j2,0af515f3b1ec67422de254d08ac87b135e3c6923,1,3,7,3,0,0.0,1,2,420,59,,0,1.892,0
logging-log4j2,1c2ad7b807c3a34039206e17f3f71be6b6dc5216,3,1,5,2,0,0.0,1,1,289,7,,0,1.969,0
logging-log4j2,76c68b21f0b79a6f3daf1d7160e3af0b0ed78180,18,4,52,1,0,0.0,4,2,1754,78,,0,3.921,0
logging-log4j2,d0d331fb93ec3645770b67454c4c11e5706dfb61,17,1,53,1,1,0.0189,5,1,1761,2,,0,7.386,0
logging-log4j2,aea91cc1896860134b9450b70e220a496c59c0b7,8,18,47,20,3,0.0469,1,5,1594,250,log4j-core/src/main/java/org/apache/logging/log4j/core/impl/MutableLogEvent.java,1,9.172,1
logging-log4j2,991689079195f6055f06f678fbffa78974240115,3,62,1,93,0,0.0,2,8,78,2916,,0,33.172,0
logging-log4j2,11fb367f2aae30dd3eb67048e635396a9b718203,2,29,1,41,1,0.0244,1,2,2,2569,,0,4.407,0
logging-log4j2,8475d17597a09006808e747fd82e6ad126227641,7,48,47,82,6,0.0488,1,8,1596,2957,,0,29.069,0
logging-log4j2,394c30f594c9eac570a43313bf44be4bc60cded9,7,25,36,56,2,0.0222,1,6,912,526,src/changes/changes.xml,0,15.143,1
logging-log4j2,f64ea4b597ee6cef22c99ed5f382489ff87431c8,1,7,9,2,0,0.0,1,2,175,19,,0,4.518,0
logging-log4j2,ee2690bbaffc5a9b91d10a029c2059b4f9b1d533,1,23,1,49,1,0.0204,1,7,2,350,,0,23.554,0
logging-log4j2,3bc94c0bbe07719affb38c08124bd917a061d3fa,2,1,6,2,0,0.0,1,1,151,4,,0,7.521,0
logging-log4j2,6fd6dfcd7fa772ffa1a4d3c9c783b5b0af7501d9,6,3,36,3,2,0.0541,1,1,912,10,,0,8.596,0
logging-log4j2,873e7efbab22aac29e29716a871ff114c60202bd,2,1,33,1,0,0.0,1,1,884,2,,0,1.946,0
logging-log4j2,b77b7d039653bc1675e7f9a1376cedf9e4fd16c5,1,1,31,3,0,0.0,1,1,812,212,,0,4.138,0
logging-log4j2,40f60b738e6f86e07bd48bab0e12b5913928a24c,6,3,4,2,0,0.0,3,1,15,76,,0,4.493,0
logging-log4j2,fd4ab95015efabad6383ad782e37e381a7462c23,17,1,23,1,1,0.0435,5,1,624,2,,0,8.696,0
logging-log4j2,5e72f2cac4ce7ea0f38f12f7fcd5f708548d33db,1,9,3,12,0,0.0,1,2,84,510,,0,4.348,0
logging-log4j2,f3be87900f66be98a6e84c5c8dab5986c219466f,1,1549,3,1222,3,0.0025,1,25,57,77935,log4j-core/src/main/java/org/apache/logging/log4j/core/impl/ThrowableFormatOptions.java,1,199.863,1
logging-log4j2,69b14f96e22f5b79a9a6e20552515f0b5edaa3e3,1,7,2,5,0,0.0,1,1,7,384,,0,2.374,0
logging-log4j2,e31731b6898a3f241c65fc613e7948284a4a42df,2,1,2,2,0,0.0,1,1,35,22,,0,1.318,0
logging-log4j2,c8c6438daffa24583756cb0912f9af8e4605e73f,20,2,67,19,19,0.2836,5,1,688,93,,0,5.178,0
logging-log4j2,d5071900b0c72fccd8bf7e2ccee3a8164d4fdb25,1,32,1,193,0,0.0,1,6,1,0,,0,3.015,0
logging-log4j2,1974c8202eed10d0c971f493ca2c09a05bfc6cbb,10,30,8,193,2,0.0101,2,5,144,4832,log4j-core/src/main/java/org/apache/logging/log4j/core/appender/rolling/RollingFileManager.java;src/changes/changes.xml,1,2.101,1
logging-log4j2,bd649ed99069add1a2b46b9e8e1079803d9507ad,3,8,11,8,3,0.1875,1,2,206,160,log4j-core/src/main/java/org/apache/logging/log4j/core/config/ConfigurationScheduler.java;src/changes/changes.xml,1,4.704,1
logging-log4j2,a6f9d12bd93ca7c7517c3d22addbfaa236252a5c,1,2,1,2,0,0.0,1,1,8,10,,0,0.24,0
logging-log4j2,4ac36e1341998053c94646772ee345e09e58e12d,1,7,1,110,0,0.0,1,3,10,741,,0,1.673,0
logging-log4j2,66669d2dabd9b1854c58a09f33558e25e9555b7b,1,13,1,24,0,0.0,1,2,14,1173,,0,0.456,0
logging-log4j2,34a41236f9d609e40ddaa76c29e35413b8de6ef9,1,3,3,12,1,0.0714,1,1,142,291,,0,0.216,0
logging-log4j2,6466fa17151aac1c9099755e40b6b7b53f852076,1,1,2,9,1,0.1,1,1,29,402,,0,0.032,0
logging-log4j2,c770ee928abdb56581cdfb36d38a7335eae84907,1,2,2,3,0,0.0,1,1,51,6639,,0,0.781,0
logging-log4j2,19ac9876f81629a318fad85ce5d795e059ba479b,1,5,1,8,0,0.0,1,2,41,99,,0,7.085,0
logging-log4j2,f11a6525375772fd86c51b90008353707f1d03a3,1,1,1,1,0,0.0,1,1,7,3,,0,0.014,0
logging-log4j2,ee6f50d4c8b809272d496d221a641804f7a71220,1,1,1,1,0,0.0,1,1,9,74,,0,0.548,0
logging-log4j2,8c922b058306af0e371a825b4d06d6912fe331a8,66,2,161,3,0,0.0,4,1,6916,136,,0,3.501,0
logging-log4j2,49bd0924f802af2d014938f79522c777dc73db33,1,7,2,9,0,0.0,1,1,7,428,,0,0.96,0
logging-log4j2,32adca2582538661c22475b87dcd855cc24a1bd8,3,1,5,1,0,0.0,2,1,31,7,,0,0.622,0
logging-log4j2,8f3dee3204e209975cc477a0a725d297525257cc,1,5,6,24,1,0.0345,1,3,146,2076,,0,3.371,0
logging-log4j2,19418b37df948609a8852a17f206076048043f6f,7,6,17,9,1,0.04,1,2,200,6979,src/changes/changes.xml,0,4.412,1
logging-log4j2,3064471eaa1b7f7d3c5e38349281e1ccdd054cfa,5,4,17,6,1,0.0455,1,2,201,25,,0,2.411,0
logging-log4j2,94465257cc0e2c3645ce08a72c1dbb64b63ae282,2,1,16,1,0,0.0,1,1,164,4,,0,1.66,0
logging-log4j2,1c0359314cb03e9ae77fdf1d1dafe9e7fd8e702e,1,1,2,1,0,0.0,1,1,83,16,,0,0.041,0
logging-log4j2,60833808d86f2b2ed1604f37dab124af31ca6736,1,1,1,1,1,1.0,1,1,14,7,log4j-1.2-api/src/test/java/org/apache/log4j/config/AbstractLog4j1ConfigurationConverterTest.java,1,0.004,1
logging-log4j2,96cc528db29bb5ede659c4012f88ba411cc5e857,1,12,1,11,0,0.0,1,2,2,590,,0,0.617,0
logging-log4j2,bb220a0cb09523d5a2c129089d5cd114a80d0afb,1,3,1,3,0,0.0,1,1,8,28,,0,0.213,0
logging-log4j2,23731ded060be8adde27f83f604f98ad7712abe3,4,2,3,3,0,0.0,1,1,27,111,,0,0.376,0
logging-log4j2,1e77460e9260acfee68faa2c92886ca6dbfebbac,2,2,6,4,0,0.0,1,1,66,95,,0,0.004,0
logging-log4j2,817d89838afea77e35048cbc8da7a5df38a0076a,1,1,4,49,0,0.0,1,1,95,784,,0,0.035,0
logging-log4j2,16e7ef70ca44e0f403951fa9491ff3506139ee62,7,4,11,9,0,0.0,1,1,109,430,,0,0.284,0
logging-log4j2,c97864bb2ec22eca13f67081e6c68da3c701fc1a,1,2,1,6,0,0.0,1,1,6,164,,0,0.02,0
logging-log4j2,d40d24c8419278c2bccd9747f465875f5d998efb,1,1,1,13,0,0.0,1,1,2,212,,0,0.076,0
logging-log4j2,ae159dcf8dbe6d1983223b953550aa98ddf88cf6,5,1,5,1,0,0.0,1,1,439,5,,0,0.204,0
logging-log4j2,f5d0433b81d9d95699fc9c13a42a0eb76a6401ad,1,5,3,4,0,0.0,1,1,13,60,,0,0.488,0
logging-log4j2,8a149a1060b4010359aff94bf2eb601bac8fad7f,1,9,1,11,0,0.0,1,1,9,772,,0,0.669,0
logging-log4j2,5fa1ac1dde80ca4eb608acb5517ee4d60018fbe5,1,3,1,2,0,0.0,1,1,2,39,,0,0.398,0
logging-log4j2,a9069ad0375c0f2ca35d76336dd7d69e9c935cf4,1,10,1,11,0,0.0,1,1,1,444,,0,0.762,0
logging-log4j2,7ec63ce9b1eb0aff62777a559732382a959100c1,150,5,81,7,0,0.0,1,2,6167,1062,,0,1.415,0
logging-log4j2,213ad7c4f8efd7ce3ca89db969ef82e279818634,149,20,81,15,0,0.0,1,2,6167,1450,,0,1.338,0
logging-log4j2,a107355edc95911622c1f642d1f5ac775ae3d53e,2,1,1,5,0,0.0,1,1,34,105,,0,0.152,0
logging-log4j2,467142097fb973900a9dc6e31c3c019d6a9a82a6,145,33,75,32,0,0.0,1,2,5918,3445,,0,0.862,0
logging-log4j2,822f106382180fbf3c0d36fde71fe8ee5bdc04b8,143,100,75,206,5,0.0181,1,5,5917,20046,log4j-core/src/main/java/org/apache/logging/log4j/core/impl/ReusableLogEventFactory.java,1,3.476,1
logging-log4j2,a559d5caf300daab8d4d9d0ffb7527628e2a9c0b,1,2,1,7,0,0.0,1,2,15,41,,0,0.47,0
logging-log4j2,e7bbd27fc3143c5dda2dfa7d8ee553872ef5e2d2,29,35,35,33,3,0.0462,2,1,1047,1226,,0,2.612,0
logging-log4j2,6fb6b708ae895aad935b1690307b958c26111c3c,138,57,72,89,0,0.0,1,2,5689,1884,,0,4.757,0
logging-log4j2,8f5ac5307d5917549f9ac4f900b154604af18eeb,1,3,11,2,0,0.0,1,2,291,24,,0,0.807,0
logging-log4j2,41ea561fb817c39d83a8dc95be5676a0ab8cc30a,34,502,33,401,7,0.0164,1,8,1224,21856,log4j-core/src/test/java/org/apache/logging/log4j/junit/LoggerContextRule.java;pom.xml,1,52.453,1
logging-log4j2,090aca8fb841007c72d354d69efed339bb949cd0,2,11,2,29,0,0.0,1,1,59,584,,0,0.043,0
logging-log4j2,8bc692211e3ea19b7cbb4918a6620be2c2a589a4,10,32,29,15,0,0.0,1,4,584,408,,0,1.817,0
logging-log4j2,463d484622c033e944a7cad1964f92fbb69c1aa9,40,1,57,1,1,0.0175,1,1,1749,34,,0,0.019,0
logging-log4j2,927251f9d7f31a9f394451c49302d82c0daed85c,39,50,57,36,0,0.0,1,5,1749,759,,0,1.986,0
logging-log4j2,d3d3069a178e8ef6484d257b7be397fa40429685,70,49,51,36,0,0.0,1,5,4653,759,,0,2.094,0
logging-log4j2,45a7da2d27df625855f3b0529a716ee931cd987f,24,23,8,28,1,0.0286,3,3,313,453,src/changes/changes.xml,0,2.342,1
logging-log4j2,e9b9ad9f1c1af8513b824100c046a78545527cd6,8,17,29,23,0,0.0,1,2,578,343,,0,0.969,0
logging-log4j2,5812bb56f0fb1994bffbb1e9fc27e859d1f7cd0d,4,4,29,4,2,0.0645,1,1,509,80,,0,0.411,0
logging-log4j2,7994789d2d2cf85dcbb6518d36693d18082961f1,36,113,57,51,6,0.0588,1,5,1694,4271,log4j-core/src/main/java/org/apache/logging/log4j/core/lookup/ContextMapLookup.java,1,1.342,1
logging-log4j2,16bcf3f0711bba2140b68f969cf64e9c5c446fc4,64,1,51,1,0,0.0,1,1,4624,28,,0,1.023,0
logging-log4j2,4d9b9f3b66f9c816b876fb23c38ae8b45411ddf9,63,105,51,44,2,0.0215,1,5,4624,4160,log4j-core/src/test/java/org/apache/logging/log4j/core/layout/LogEventFixtures.java,1,0.274,1
logging-log4j2,c72522f426563139f952fccc2e87b6c10e380e79,189,21,165,8,3,0.0176,7,2,6733,314,src/changes/changes.xml,0,6.675,1
logging-log4j2,557a4c87597895beed9d9861d8dc1a3e9f6ceb65,5,211,2,192,2,0.0104,1,7,130,8905,log4j-core/src/main/java/org/apache/logging/log4j/core/config/builder/api/ConfigurationBuilder.java,1,7.812,1
logging-log4j2,3c6fa163acb5598c7da44238a9154ed7f503f629,358,98,274,21,21,0.0766,7,4,15245,3751,,0,24.227,0
logging-log4j2,ca59f13c6b30ed68b195209f9c73ad7f03093001,89,365,21,358,4,0.0107,4,8,3835,22731,,0,57.704,0
logging-log4j2,350887ea8cdc309dd9813c028ae65f75f61e2913,2,168,23,192,3,0.0142,1,6,405,6449,src/changes/changes.xml,0,12.401,1
logging-log4j2,3832ad9b31d3549f443bd2bd4b76c400cd47a8e4,25,40,55,104,1,0.0063,1,3,1155,3110,,0,2.714,0
logging-log4j2,498bdb579a42c52542caf650bb4929dbf80ac8cc,61,38,51,104,1,0.0065,1,2,4601,3111,log4j-core/src/main/java/org/apache/logging/log4j/core/filter/DynamicThresholdFilter.java,1,3.168,1
logging-log4j2,01f59e4640b78f251813d712cc011686907de557,3,9,30,35,3,0.0484,1,1,308,349,log4j-core/src/main/java/org/apache/logging/log4j/core/appender/rolling/RollingFileManager.java,1,0.761,1
logging-log4j2,a4ef9a1de092e8f4748716e62dff0d6972c1bcb1,2,16,30,50,3,0.039,1,2,308,2270,,0,1.853,0
logging-log4j2,1db38fc42fac86f8da408e5450b0b3069ffe5caa,3,3,30,9,1,0.0263,1,1,1355,258,,0,0.009,0
logging-log4j2,cc0bf0b46232a88dc7b83a68183f6987b2809422,2,4,9,6,0,0.0,1,1,258,465,,0,1.193,0
logging-log4j2,e15d0c7126884f67dd81067e4bc939631a38ba26,2,6,30,12,0,0.0,1,1,1355,653,,0,1.794,0
logging-log4j2,37d47a62a779d2d1a6f30a943ba7d95f876aead0,24,9,55,9,0,0.0,1,3,1155,83,,0,0.893,0
logging-log4j2,3ebff538cf2c1cb6f4fef2855c7fa57386d4e80e,60,8,51,9,0,0.0,1,2,4601,83,,0,0.402,0
logging-log4j2,d18e9c951723fe1908f4a9d3c8078ddb18d0ef03,1,30,30,23,2,0.0392,1,2,308,276,,0,1.068,0
logging-log4j2,56eba730fdc36beaab05f6e9077f752d138125f1,1,1,30,1,1,0.0333,1,1,1355,26,,0,0.206,0
logging-log4j2,8d56062ceaf7c85c422898ca363775ac0f205256,22,8,53,4,0,0.0,1,2,1149,76,,0,0.024,0
logging-log4j2,8b9e0e36fd1d43da92d7054fd8b6692ca38108b2,59,5,51,1,0,0.0,1,1,4601,12,,0,0.42,0
logging-log4j2,1279847e7b8293c03d9a97f92984770af3099baf,20,1,52,1,0,0.0,1,1,1147,23,,0,0.085,0
logging-log4j2,13e51b2681ab40d45ec09f44a206576868a29d3c,18,22,52,21,1,0.0139,1,3,1143,320,,0,0.93,0
logging-log4j2,e5a3b9e1ce8c660631c85ad4e501ad2bf9f7fbe8,55,21,47,21,0,0.0,1,2,4514,320,,0,1.04,0
logging-log4j2,0f8a24f16011294fc0b103a0b930a3a11c0f933a,51,2,46,1,0,0.0,1,2,4460,1103,,0,0.434,0
logging-log4j2,138cb1cecf44e1e812631643457e7e9c934aadf9,50,22,46,25,0,0.0,1,2,4460,1251,,0,1.707,0
logging-log4j2,4e820ca56d35423e993433c55c0d0eaa2c0cbff8,1,6,1,8,0,0.0,1,1,3,678,,0,0.546,0
logging-log4j2,090d63ad192d3fedbde20aa4578ebab8571c29e9,16,1,8,3,1,0.1,1,1,541,49,,0,0.042,0
logging-log4j2,7ab63d49d935d481048f78d7a80bb2be13da2693,14,1,8,3,0,0.0,1,1,541,11,,0,0.087,0
logging-log4j2,e0f5ec45099de8cb669c8b8327bcb9f003d3edc0,12,4,8,4,0,0.0,1,1,522,618,,0,0.401,0
logging-log4j2,cc215c76d41f8eeb6e8a273c16387a194b63278e,5,22,2,43,0,0.0,1,4,130,1909,,0,1.55,0
logging-log4j2,4f793c00fbc90390b5fe075d5e8840574b0fd03c,1,1,8,1,0,0.0,1,1,337,4,,0,0.068,0
logging-log4j2,6146960e01d3bd694a313b9be29dccea5aa8e7e0,47,2,46,7,0,0.0,1,2,4327,125,,0,0.035,0
logging-log4j2,917afad567fba5f14de59e4118714b13ca250295,46,7,46,20,2,0.0312,1,2,4345,1105,log4j-core/src/test/java/org/apache/logging/log4j/core/async/RingBufferLogEventTest.java,1,0.084,1
logging-log4j2,b3d6a39b00b167ce1e56c2a03e2e4512ef991f08,1,2,3,15,1,0.0588,1,1,26,989,,0,0.03,0
logging-log4j2,93f55f378d72e806ac0672f88d24a908097d654b,1,1,15,6,1,0.05,1,1,989,125,,0,0.339,0
logging-log4j2,d3d4d7dd962df389465e4cc37c76a82c4b408c17,44,5,46,13,0,0.0,1,2,4335,372,,0,0.715,0
logging-log4j2,7a1cd3a3855562fcef9b144a4931541211f51fb6,4,17,2,18,0,0.0,1,4,130,762,,0,2.02,0
logging-log4j2,4d4cc8941d708ea8c42d4e48cd374eaeef6c1110,43,68,46,55,0,0.0,1,5,4335,1642,,0,6.826,0
logging-log4j2,486823a6a23fbbd56f2b38415635c072311c66cd,1,1,2,2,2,1.0,1,1,130,130,log4j-core/src/main/java/org/apache/logging/log4j/core/config/builder/impl/DefaultConfigurationBuilder.java,1,0.016,1
logging-log4j2,04ac7e2ae7376026bd13e0c6939954d040f3bb78,1,10,23,10,0,0.0,1,1,405,487,,0,2.359,0
logging-log4j2,a12913d7ca2c109e31cc2c65eca1631d8b0d6d81,39,1,46,1,0,0.0,1,1,4335,4,,0,0.575,0
logging-log4j2,6b5a80ab8ca417c577075f0cdd8849f368d442e6,38,50,46,48,0,0.0,1,4,4335,2730,,0,4.954,0
logging-log4j2,887e028a1521f6696b399573043b558495191b4e,1,1,1,1,0,0.0,1,1,6,5,,0,0.873,0
logging-log4j2,39501130fd1f7b588b262494b759e2a4a59a2a32,33,37,46,40,1,0.0118,1,2,4243,2384,,0,5.921,0
logging-log4j2,2e5b2591913af0d43cb9f781f35466ac2da9f202,95,27,21,38,1,0.0172,4,2,3831,775,,0,8.133,0
logging-log4j2,60626cc21ac2613d9048ac675d98dbd41fbb1be0,30,3,43,5,1,0.0213,1,1,2637,21,,0,1.257,0
logging-log4j2,e481e456a0bd8aef10e0059dae5afc0cd1770ef0,29,1,43,1,0,0.0,1,1,2637,15,,0,0.041,0
logging-log4j2,64ca77997bb0396a4572158e1c88085c5a16fc54,28,10,43,16,1,0.0172,1,1,2637,404,,0,2.111,0
logging-log4j2,707e03bd39a25f8b70a37fcfd4de52e1953e207b,24,11,42,20,0,0.0,1,1,2629,335,,0,3.169,0
logging-log4j2,6d353ff2e80421890d5d7c3cab7ea9973bfe457c,92,4,21,5,0,0.0,4,3,3835,45,,0,2.986,0
logging-log4j2,02be6e1fdefad83647eac0d8cfeeca4487996823,91,51,21,51,0,0.0,4,2,3835,4613,,0,15.363,0
logging-log4j2,6b2573a13a4b3044617c46aaabd91dfff3419b52,15,5,18,26,0,0.0,1,1,3067,1318,,0,1.31,0
logging-log4j2,91e3cbc628e79eff043b939f2c7b44375b7065e2,13,3,18,2,0,0.0,1,1,3052,25,,0,9.486,0
logging-log4j2,849fdb8f8e419c2b9536c5c804edee73cb0f0c1e,33,113,33,121,5,0.0336,1,7,1242,3300,log4j-core/src/test/java/org/apache/logging/log4j/junit/LoggerContextRule.java,1,23.014,1
logging-log4j2,c2ca5ee6ced626f26d2f254ea717fe9892c3c0e8,22,4,19,3,0,0.0,1,3,624,62,,0,3.608,0
logging-log4j2,44dff9a3ccbd63dd179cac4af1f831b3a0412ecd,1,7,1,27,0,0.0,1,2,46,5693,,0,4.953,0
logging-log4j2,3250c19fa6d137ee733e8b55afe54afa88a4afe6,90,1,21,1,0,0.0,4,1,3835,2,,0,0.45,0
logging-log4j2,27c0f862b602727c2a751f8da2733e53d48425c9,89,15,21,48,4,0.0615,4,4,3835,6021,,0,6.607,0
maven,dcc916a9e3f6e9c06cf5987f0af2a6210c9bac7b,1,1,1,1,1,1.0,1,1,51,51,,0,1.278,0
maven,fac10d2c91dfb37be05e60313b8204457de05477,2,1,1,19,0,0.0,2,1,3,406,,0,26.262,0
maven,6c343136b0ae03dba591d110dca0defc6b1239b8,7,3,27,6,0,0.0,4,1,1022,475,,0,5.617,0
maven,ef62d7a4bd57cdd315dfa187780790e3449321aa,1,1,2,3,1,0.25,1,1,2,16,,0,1.596,0
maven,ef313b620cece6f580552b1074813fe960a5d75e,1,1,1,9,0,0.0,1,1,8,330,,0,11.746,0
maven,976a706ddd938d61aea3e3b57cfc6333ade58230,3,1,25,18,1,0.0238,3,1,273,645,its/core-it-suite/src/test/java/org/apache/maven/it/IntegrationTestSuite.java,1,7.077,1
maven,26f1e817449a97af5cea35183494df45c05a03fd,2,1,6,1,0,0.0,2,1,84,2,,0,3.357,0
maven,06c32178993e7e6ecee487831873a5e568b4643a,1,1,36,6,0,0.0,1,1,80,84,,0,3.368,0
maven,24697184cc3a0c4aac7c46498038ecaa9a2d8025,4,5,3,32,0,0.0,1,3,43,88,,0,7.663,0
maven,8913502589acbbd51f5403666c239633c5e06f2d,3,4,3,16,0,0.0,1,3,43,942,,0,10.031,0
maven,789d75fc68365e0a1281a3532a07e2e744a76b30,2,19,3,21,1,0.0435,1,11,43,855,,0,64.843,0
maven,f2116001b9cc4c3f1a0f389260422f015b1d84c6,1,8,3,14,0,0.0,1,6,43,354,,0,37.111,0
maven,b373bb06e8c539622569b41dedc3402441b56846,280,280,339,339,339,1.0,60,61,7888,7892,,0,92.845,0
maven,c7aa002c749996f46ae04f1d1c1e1390b7374f7e,2,2,2,6,0,0.0,2,1,6,156,,0,8.452,0
maven,430152c1e565f1b8e29221e4fbb66843f4b83e2d,1,1,11,4,1,0.0714,1,1,438,106,its/core-it-suite/src/test/java/org/apache/maven/it/IntegrationTestSuite.java,1,13.968,1
maven,c82409a2d843427ceceb9a42b0a4dc46cc4637bd,18,1,196,1,0,0.0,6,1,999,6,,0,81.305,0
maven,3d76faed001b260737cc89ba968d7d0e64938ecc,12,1,14,2,1,0.0667,8,1,632,43,,0,16.008,0
maven,cd34b08df1f378b44fae3d8020aa1fda8089dc79,2,2,190,3,2,0.0105,1,1,995,23,,0,1.008,0
maven,909fb7c59b87286b6eae36195f65db4776ccf92a,2,1,1,1,0,0.0,2,1,31,2,,0,22.3,0
maven,6a93bbea23e362c9cea7d710a37556258c2dbd47,34,1,67,1,0,0.0,6,1,1259,13,,0,26.819,0
maven,abca6ab6e2508860fb30d6e51b668c6c513e3d9e,2,1,1,2,0,0.0,1,1,5,468,,0,1.048,0
maven,862c84a52b9ae9b88bc9a6cfa256852532d02a9a,4,1,1,1,0,0.0,2,1,7,8,,0,9.608,0
maven,529e8a62049d009a800cbf0b37ca348abaf9022d,2,2,0,4,0,0.0,1,2,0,22,,0,0.466,0
maven,c6c5192d4bcb50c1aab6fade53dfb9c2f3d9b7e7,1,1,1,1,0,0.0,1,1,4,61,,0,2.557,0
maven,a2abd39e211900a652052ec4e48b8c60519ef70c,2,2,1,1,1,1.0,2,2,5,5,,0,0.114,0
maven,0499d1d36af9be8a31f2e8f7c36ca8946b1862a8,1,3,1,1,0,0.0,1,1,5,8,,0,1.648,0
maven,90142e9780ca57d4e0e3dc7d6ad2b2a554a174d1,1,3,1,1,0,0.0,1,1,5,8,,0,1.648,0
maven,b4a77803502321e19f227110d52e42bab7ccf5d6,1,2,5,15,0,0.0,1,1,76,292,,0,0.033,0
maven,3bf568eda60b9f5f5fab21599f7c2d2e662a6ca1,1,2,2,5,0,0.0,1,2,26,104,,0,7.074,0
maven,0f265210df35cc0f120a47a6869f6ede30287617,1,1,1,1,0,0.0,1,1,2,4,,0,3.176,0
maven,6125acf1c4912a20a7f4753cd4baf2dc642068fd,5,2,16,2,0,0.0,3,1,308,7,,0,7.267,0
maven,5691c6e272e1317afdf33897adb4bc7b221bc0ee,1,1,4,1,0,0.0,1,1,140,30,,0,0.982,0
maven,5cfcb2f5b0ddb6571283b7086b9a8ff9ba531726,2,2,2,13,0,0.0,1,1,92,15,,0,2.021,0
maven,d92f6ee23b80b7256edc8daed7e03a51ee03cef0,1,2,10,1,0,0.0,1,2,24,6,,0,0.332,0
maven,eb164f514caf30c2a2e7e23b970f5eb3169f9624,1,1,1,2,0,0.0,1,1,2,35,,0,4.208,0
maven,2d7069b6e35844207b77d59674e87660fd0061a9,1,2,1,2,0,0.0,1,1,5,27,,0,0.867,0
maven,f50ae7b059fd52f1f5a79a79d9eb9ea803918638,102,6,134,2,2,0.0149,9,3,3672,21,maven-embedder/src/main/java/org/slf4j/impl/MavenSlf4jSimpleFriend.java;pom.xml,1,5.266,1
maven,2ec0a6b69fc699f4f75a5a69bf94b6cc1799542b,1,1,3,1,1,0.3333,1,1,18,2,,0,2.761,0
maven,ebf2e4ddeaee2c7634a66b7c08bf4bf197768896,13,99,29,133,9,0.0588,6,9,587,3666,.gitignore;pom.xml,0,29.899,1
maven,d659d21df1598ad98075222c1657400a0c17f1c9,1,3,2,3,0,0.0,1,3,51,5,,0,6.99,0
maven,137cbd8a9772343f5fa5e48ca0a3cce4fe8e4331,71,105,131,118,31,0.1422,7,8,3269,3887,maven-aether-provider/src/main/java/org/apache/maven/repository/internal/DefaultArtifactDescriptorReader.java;maven-aether-provider/src/main/java/org/apache/maven/repository/internal/DefaultVersionRangeResolver.java;maven-aether-provider/src/main/java/org/apache/maven/repository/internal/DefaultVersionResolver.java;maven-core/src/main/java/org/apache/maven/DefaultMaven.java;maven-core/src/main/java/org/apache/maven/plugin/internal/DefaultLegacySupport.java;maven-core/src/main/java/org/apache/maven/plugin/prefix/PluginPrefixResult.java;maven-embedder/src/main/java/org/apache/maven/cli/transfer/Slf4jMavenTransferListener.java;pom.xml;src/site/site.xml,1,0.132,1
maven,8181e7c7fa2ba104187710175c02ad2d042504b9,25,104,3,118,1,0.0083,5,8,43,3887,,0,80.748,0
maven,27ad9858d215e40ab4853428c144554ae1bbb981,239,69,204,149,64,0.2215,14,6,7459,3797,.gitignore;apache-maven/pom.xml;maven-aether-provider/pom.xml;maven-aether-provider/src/main/java/org/apache/maven/repository/internal/DefaultArtifactDescriptorReader.java;maven-aether-provider/src/main/java/org/apache/maven/repository/internal/DefaultVersionRangeResolver.java;maven-aether-provider/src/main/java/org/apache/maven/repository/internal/DefaultVersionResolver.java;maven-aether-provider/src/main/java/org/apache/maven/repository/internal/LocalSnapshotMetadataGenerator.java;maven-aether-provider/src/main/java/org/apache/maven/repository/internal/RemoteSnapshotMetadataGenerator.java;maven-artifact/pom.xml;maven-compat/pom.xml;maven-compat/src/test/java/org/apache/maven/project/AbstractMavenProjectTestCase.java;maven-compat/src/test/java/org/apache/maven/project/LegacyLocalRepositoryManager.java;maven-core/pom.xml;maven-core/src/main/java/org/apache/maven/DefaultMaven.java;maven-core/src/main/java/org/apache/maven/ReactorReader.java;maven-core/src/main/java/org/apache/maven/plugin/DefaultPluginRealmCache.java;maven-core/src/main/java/org/apache/maven/project/DefaultProjectDependenciesResolver.java;maven-core/src/main/resources/META-INF/plexus/artifact-handlers.xml;maven-core/src/test/java/org/apache/maven/AbstractCoreMavenComponentTestCase.java;maven-core/src/test/java/org/apache/maven/project/AbstractMavenProjectTestCase.java;maven-core/src/test/java/org/apache/maven/project/LegacyLocalRepositoryManager.java;maven-core/src/test/java/org/apache/maven/project/PomConstructionTest.java;maven-core/src/test/java/org/apache/maven/repository/TestRepositoryConnector.java;maven-core/src/test/java/org/apache/maven/settings/PomConstructionWithSettingsTest.java;maven-embedder/pom.xml;maven-embedder/src/main/java/org/apache/maven/cli/MavenCli.java;maven-model-builder/pom.xml;maven-model-builder/src/main/java/org/apache/maven/model/building/DefaultModelBuilder.java;maven-model/pom.xml;maven-plugin-api/pom.xml;maven-plugin-api/src/main/mdo/plugin.mdo;maven-plugin-api/src/site/apt/index.apt;maven-repository-metadata/pom.xml;maven-settings-builder/pom.xml;maven-settings/pom.xml;pom.xml;src/site/site.xml,1,515.576,1
maven,38d132b64d0e176456b9720f5acf56ce7decf457,23,38,18,40,18,0.45,4,5,601,1037,apache-maven/src/bin/mvn;maven-embedder/src/site/apt/logging.apt,0,12.229,1
maven,2eea7d9dfc797fcf37544f7a2c7d0b76f9377781,1,2,1,3,0,0.0,1,1,7,478,,0,0.355,0
maven,af88f8500d5ba23a6b68773e12f38e832d0d7ea9,1,2,1,0,0,0.0,1,1,2,0,,0,3.75,0
maven,1aaf64552ffbe56f430d9fbadaab81eb94cac728,4,21,9,8,4,0.3077,2,3,194,460,impl/maven-testing/pom.xml;impl/maven-testing/src/main/java/org/apache/maven/plugin/testing/AbstractMojoTestCase.java,1,1000.357,1
maven,d5fcfe0e19fb6de2c1f26b6d9b4188c2584621ac,197,352,287,916,163,0.1567,6,3,21920,58333,build.xml;maven-compat/src/main/java/org/apache/maven/artifact/manager/DefaultWagonManager.java;maven-compat/src/main/java/org/apache/maven/artifact/manager/WagonManager.java;maven-core/pom.xml;maven-core/src/main/java/org/apache/maven/DefaultMaven.java;maven-core/src/main/java/org/apache/maven/execution/DefaultMavenExecutionRequest.java;maven-core/src/main/java/org/apache/maven/execution/MavenExecutionRequest.java;maven-core/src/main/java/org/apache/maven/lifecycle/DefaultLifecycleExecutor.java;maven-core/src/main/java/org/apache/maven/listeners/BuildExtensionListener.java;maven-core/src/main/java/org/apache/maven/plugin/DefaultPluginManager.java;maven-core/src/main/java/org/apache/maven/plugin/PluginManager.java;maven-core/src/main/java/org/apache/maven/project/DefaultProjectBuilderConfiguration.java;maven-core/src/main/java/org/apache/maven/project/MavenProject.java;maven-core/src/test/java/org/apache/maven/project/AbstractMavenProjectTestCase.java;maven-core/src/test/java/org/apache/maven/project/PomConstructionTest.java;maven-core/src/test/java/org/apache/maven/project/ProjectClasspathTest.java;maven-core/src/test/java/org/apache/maven/project/harness/PomTestWrapper.java;maven-core/src/test/java/org/apache/maven/project/harness/Xpp3DomPointerFactory.java;maven-core/src/test/java/org/apache/maven/settings/PomConstructionWithSettingsTest.java;maven-core/src/test/projects/lifecycle-executor/project-with-plugin-level-configuration-only/pom.xml;maven-core/src/test/resources-project-builder/dependency-inheritance/pom.xml;maven-core/src/test/resources-project-builder/plugin-exec-config-order/wo-plugin-mngt/pom.xml;maven-embedder/pom.xml;maven-embedder/src/main/java/org/apache/maven/embedder/MavenEmbedder.java;maven-embedder/src/main/java/org/apache/maven/embedder/execution/DefaultMavenExecutionRequestPopulator.java;maven-embedder/src/test/java/org/apache/maven/embedder/MavenEmbedderTest.java;maven-model-builder/pom.xml;maven-model-builder/src/main/java/org/apache/maven/model/ModelEventListener.java;maven-model-builder/src/main/java/org/apache/maven/model/interpolator/DefaultInterpolator.java;maven-model-builder/src/main/java/org/apache/maven/model/interpolator/Interpolator.java;maven-model-builder/src/main/java/org/apache/maven/model/interpolator/InterpolatorProperty.java;maven-model/pom.xml;maven-model/src/main/mdo/maven.mdo;maven-repository/pom.xml;maven-repository/src/main/java/org/apache/maven/repository/MetadataGraph.java;maven-repository/src/main/java/org/apache/maven/repository/MetadataResolutionRequest.java;maven-repository/src/main/java/org/apache/maven/repository/RepositorySystem.java;maven-repository/src/main/java/org/apache/maven/repository/legacy/LegacyRepositorySystem.java;maven-toolchain/src/main/java/org/apache/maven/toolchain/DefaultToolchainManager.java;maven-toolchain/src/main/java/org/apache/maven/toolchain/DefaultToolchainManagerPrivate.java;pom.xml,1,82.399,1
httpcomponents-client,6b410fe0e7fa3aff8484b0888f220f7bd526bcfc,3,1,7,1,0,0.0,2,1,71,2,,0,5.333,0
httpcomponents-client,102ed1e844b5b0a811f221eddbde539e68450731,9,9,50,52,5,0.0515,1,1,3046,2126,httpclient/src/main/java/org/apache/http/impl/client/AbstractHttpClient.java,1,18.16,1
httpcomponents-client,1b1d692a3d11ca6fe7c36fb7237a9c2f0fe73dcf,2,4,10,9,1,0.0556,1,1,86,155,,0,2.703,0
httpcomponents-client,9e544545307e2c0d7126c59928c63f8864c9da77,9,1,54,37,31,0.5167,1,1,1961,890,httpclient-cache/src/main/java/org/apache/http/impl/client/cache/CacheConfig.java,1,16.814,1
commons-compress,c967cd5bd2b0d99dd997e49f1da0655dc55d7ea2,1,1,2,1,0,0.0,1,1,4,13,,0,3.317,0
commons-compress,b37c85c2e3a01afcc0220fa4ebcf4916ac6797ce,1,2,1,4,0,0.0,1,1,1,12,,0,0.775,0
commons-compress,5caf2217ba31c0987963083b04439a8eb563e2c4,1,1,2,2,0,0.0,1,1,0,32,,0,5.126,0
commons-compress,6b902dead33799ca4a57ce01682302bb3bca00f8,1,1,1,5,0,0.0,1,1,27,687,,0,0.595,0
commons-compress,2d53783b6138c5901bc9e016a7fa21bd9cf6c307,2,1,3,2,0,0.0,1,1,7,6,,0,2.368,0
commons-compress,e61cd62b2eb28783afc7057041c27f20a4b7e08d,1,2,1,2,0,0.0,1,2,2,4,,0,4.037,0
commons-compress,4dddd4973ff2ce7f149e61e80e762f558b2e5379,1,2,1,3,0,0.0,1,2,4,10,,0,2.549,0
commons-compress,7c188c64246dd35cc4f4af59bec504949fae7a07,2,1,1,1,0,0.0,1,1,14,2,,0,1.424,0
commons-compress,7c98169541e3b5c62ce47926fbc0d317573c3116,1,1,1,12,0,0.0,1,1,14,87,,0,0.312,0
commons-compress,1346ce40094783007df65d473e493eb16a04d955,1,1,3,1,0,0.0,1,1,19,28,,0,1.977,0
commons-compress,d224f6317d6dce0a295d0c4f661c87243f62d71d,1,1,1,1,0,0.0,1,1,2,2,,0,0.009,0
commons-compress,af0392c6da4e4ea47633401fc7a93d59d0ae8f0c,6,1,3,1,1,0.3333,2,1,12,2,,0,0.875,0
commons-compress,c0b40d5735ae1e8edda06b0f6548dcc6fb12ba97,4,1,3,2,2,0.6667,2,1,6,6,,0,0.874,0
commons-compress,dcc22793ef2f11409c3691a7df4dc6767a5ff36c,2,1,1,2,0,0.0,2,1,2,4,,0,0.874,0
commons-compress,694a3b37e9aaab752a609e73b113c625f2b62d45,1,1,1,2,0,0.0,1,1,1,6,,0,0.94,0
commons-compress,ebf832f7b2750ac554e495d4e55ea430fec4d7b6,2,5,2,28,0,0.0,1,1,0,176,,0,2.492,0
commons-compress,055c5fa14ef0382de61192cf1181e57b47654607,3,4,26,4,1,0.0345,1,2,168,9,,0,0.616,0
commons-compress,98907c37cbdd02fcfdf8137be5921fbf1f18dff9,1,3,1,4,0,0.0,1,2,26,12,,0,5.196,0
commons-compress,0f0ac4afc3e5a2e31cfe47e25cc98a192c38baba,1,8,1,7,0,0.0,1,3,12,34,,0,5.898,0
commons-compress,cf33cb22711fdcb3e55c6d0196a92dd7056542e4,1,16,3,16,0,0.0,1,4,76,257,,0,12.153,0
commons-compress,8c8b64f06cf312704687cb2e3fe8b15c75821802,2,2,2,1,1,0.5,2,1,6,4,,0,4.944,0
commons-compress,01e80d89baf153342c2340aaaa5151f76623721e,4,2,5,2,1,0.1667,3,1,18,5,,0,4.139,0
commons-compress,3f3bc678d3975b8214e419c7127d831f91d7628d,1,1,1,2,0,0.0,1,1,5,6,,0,1.821,0
commons-compress,5359aacefd98b32abac3020708442965466566d2,1,2,2,1,0,0.0,1,1,24,4,,0,5.322,0
commons-compress,59f3af555c59960180d93214527a42538425fd15,1,8,3,5,0,0.0,1,1,45,228,,0,0.88,0
commons-compress,52b2f468a45e4b6a445a08172847fb1072a75932,1,3,1,4,0,0.0,1,1,117,16,,0,0.803,0
commons-compress,6964311b2bd7b915cb9779936ae70cbe1bcc1b70,4,1,3,1,0,0.0,1,1,16,2,,0,1.839,0
commons-compress,1acacc6a2cbbbbf83e19d15333a6334c304f369b,1,2,2,2,0,0.0,1,2,6,5,,0,2.622,0
commons-compress,6dbf1caa8dface9f0c443cc5b1c1644784370371,1,1,1,4,0,0.0,1,1,2,14,,0,1.481,0
commons-compress,81ac94151eedc61c2131239362a051e30c5e9e59,1,4,1,3,0,0.0,1,1,4,16,,0,0.328,0
commons-compress,e06d2e37fd2eb8c8a5037290ea76f91cab1d1f3e,1,7,1,4,0,0.0,1,3,4,16,,0,4.311,0
commons-compress,351cf8263a129c335b4bfebfad182f71d01524a2,1,2,2,2,1,0.3333,1,2,3,4,,0,0.007,0
commons-compress,1db4e1f8633638ac75695a997c16e219354cab11,1,2,1,2,1,0.5,1,2,3,3,,0,0.847,0
commons-compress,67b9dc6de1146dafa8d6d7aee8682bb0b57665ba,1,7,6,4,1,0.1111,1,2,333,10,,0,1.719,0
commons-compress,17d284175569bccd3d9610ae2081d8e72d728849,37,5,521,2,1,0.0019,2,1,29462,4,,0,3.101,0
commons-compress,2580413ebe6fe1600be87d0006ff8a63cab0e89e,1,1,1,2,0,0.0,1,1,3,14,,0,0.66,0
commons-compress,656d74d574893ee22bd5cca3f2449a44886f6e31,1,296,1,384,1,0.0026,1,6,30,24624,,0,64.944,0
commons-compress,a11fa2e394edb9a78254f76d943d0249e637bc2f,1,2,21,3,0,0.0,1,1,410,8,,0,0.553,0
commons-compress,10bc9ff2ec8ecfdddc86d15a346a3f3db7b302bc,1,2,4,2,0,0.0,1,1,90,8,,0,0.841,0
commons-compress,2de9f673e91558f23bb2e5fa04ed36ea332b6c8e,2,4,1,2,0,0.0,1,2,17,6,,0,3.007,0
commons-compress,90b12d7c1ce6b3f0ea6cc10a69d2a9b12e65a04c,1,3,1,3,0,0.0,1,1,17,10,,0,3.605,0
commons-compress,63726bfadce566721cc166f43efc837b449d1a29,3,2,4,2,0,0.0,1,1,16,13,,0,4.418,0
commons-compress,6f5308a303d26f87b16da8213629f8d7bcde7d08,1,2,1,1,0,0.0,1,1,1,4,,0,8.754,0
commons-compress,974cd4675d7328f7be398bbd08fa6a19fb375ef8,1,4,3,2,0,0.0,1,2,50,8,,0,3.119,0
commons-compress,54b8ab5cbf4a280d067c2f01b7d8fd18ec7f1bcc,2,4,2,2,0,0.0,1,3,9,9,,0,9.135,0
commons-compress,d4aaa5dde7efc66fb7f9d7300f67a56d4464c5b0,5,737,7,637,7,0.011,3,25,51,102426,NOTICE.txt;README.md;pom.xml;src/changes/changes.xml;src/site/site.xml;src/site/xdoc/download_compress.xml,0,619.015,1
commons-compress,e5f58016675a173eda5e4c748582af7d16eaca02,1,2,1,4,0,0.0,1,1,2,0,,0,0.885,0
commons-compress,33d3833b9fb9e0c392fb42efa69d2b24d01384b2,2,1,1,3,0,0.0,1,1,82,48,,0,2.664,0
commons-compress,b69c6178814f0a8b9e0b61e06046c5e5089ec764,2,1,1,2,1,0.5,1,1,3,4,,0,0.094,0
commons-compress,d59a74fa9662a1051bf7e74dd3bdd1263b2b8de8,19,9,10,6,3,0.2308,5,1,144,86,pom.xml;src/changes/changes.xml,0,34.959,1
commons-compress,ae113d98b9b73bc769a902d088b1b694027f8224,1,1,6,2,0,0.0,1,1,313,4,,0,0.604,0
commons-compress,ced7f897fbcf833fc2c10f57f05b08489051e40e,1,2,1,2,0,0.0,1,1,2,8,,0,3.704,0
commons-compress,9248afd69833a55004779a4273c800e3240a0b69,3,1,1,28,0,0.0,1,1,7,1197,,0,0.008,0
commons-compress,51735be0e470098941e3a5aeebcf74b12902cf00,1,1,1,1,0,0.0,1,1,4,2,,0,7.272,0
commons-compress,b0bf28a8ce852bccfdd0b0dadbe5164be18bfdb8,1,28,1,177,0,0.0,1,3,74,2951,,0,45.22,0
commons-compress,edb48b39749e03b44ff61cb1494225017df37652,2,3,1,2,0,0.0,1,1,6,6,,0,11.244,0
commons-compress,76ed54de269f3854a18e26e7610a783bceba1268,2,1,42,3,0,0.0,1,1,806,14,,0,30.469,0
commons-compress,bce1af06f799943cd5d6b99a7ef4ff60e4c48937,8,12,21,144,0,0.0,2,2,593,25525,,0,20.162,0
commons-compress,e7cbb63081956e0a9660cbcb71e14516d3e76390,7,2,144,5,1,0.0068,2,1,26623,11,,0,0.054,0
commons-compress,a3a7883556b2b035074c3260c50247423cb4a6df,5,15,144,5,2,0.0136,2,3,26610,117,,0,6.271,0
commons-compress,9ddce502c5161baf301130621c4b85de92b462ad,2,2,2,2,0,0.0,1,1,6,88,,0,0.173,0
commons-compress,c754db31c66eee16e4839dfe58686f57e8cb189c,4,215,144,241,5,0.0132,1,12,26622,9301,pom.xml,0,288.663,1
commons-compress,79284823dbbd92f7cc612936c38162e477edf932,95,2,182,3,2,0.0109,8,2,4394,57,,0,96.972,0
commons-compress,8225539a5d0e817c8afd70710a966ff6c8b2c9c6,12,1,37,3,1,0.0256,3,1,306,38,,0,0.813,0
commons-compress,93aab64df1cbff990057677af33990be971b4f58,6,1,27,10,1,0.0278,3,1,204,68,,0,0.71,0
commons-compress,8fc60bfca3342f2bfe1a756f71761222fa2c4106,4,1,19,8,0,0.0,3,1,178,26,,0,0.704,0
commons-compress,e404cbc025fe0c895d9d9d6c349f106af6d4f49e,2,1,2,17,0,0.0,1,1,4,174,,0,0.656,0
commons-compress,8f46229d3bbc449fba7cee39fd1811f42f008764,1,1,1,1,0,0.0,1,1,3,2,,0,0.001,0
commons-compress,648602a8d69d945e8b06f4a0acdaf30eff972434,1,1,1,1,0,0.0,1,1,3,2,,0,0.001,0
commons-compress,a1a3bc93dad7c827ea73cb94c24739ed048b77bb,1,1,1,1,0,0.0,1,1,3,2,,0,0.289,0
commons-compress,464ba19a1f41f66830a18bef6910c825c957ddf9,45,2,192,6,2,0.0102,4,1,5037,128,,0,18.24,0
commons-compress,8c42e2b53e2b8da6d0856a4cba320b971c5295f5,1,1,2,1,0,0.0,1,1,6,2,,0,0.113,0
commons-compress,9b2e7874216392829f4feb261aefe1fa2deeb2e5,1,214,1,219,1,0.0046,1,14,1,10151,,0,306.866,0
commons-compress,2840244821cb038aa2a6c48c8a69d0acf0b27bd4,13,1,25,3,0,0.0,4,1,423,6,,0,4.56,0
commons-compress,5964eb4775bd8d974f171d051eba6c8a0ea08d58,59,5,80,5,4,0.0494,8,1,1081,361,,0,43.934,0
commons-compress,a212dd4c4f41321a079f19c51531e2158ca5218f,4,1,19,1,0,0.0,2,1,56,2,,0,1.548,0
commons-compress,eb79e1add65f88072c1bc47b77ee4c388afe23f6,2,1,9,11,1,0.0526,2,1,42,14,,0,1.542,0
commons-compress,18fb261d0bbbb8cc52483267213e0d2ef4c43de7,2,1,1,1,0,0.0,2,1,1,2,,0,0.167,0
commons-compress,09ff001008de7397b59b4381b633564dd77427a7,7,1,2,2,0,0.0,3,1,4,38,,0,9.061,0
commons-compress,988f970ba5e407d0c7bc217ec9f2082e47145419,1,1,3,1,0,0.0,1,1,14,7,,0,0.773,0
commons-compress,9ea37ac9f06cc7c059a7389c6787d6e7ef4b1b0a,8,1,8,3,0,0.0,3,1,282,304,,0,31.595,0
commons-compress,3db76a08e7df0aa7a844da8f78584ccf65389b9d,3,1,2,4,0,0.0,2,1,13,72,,0,23.547,0
commons-compress,a4ee594d146012bc05d84147a1cd3cfbd7598fc6,1,1,1,5,1,0.2,1,1,151,39,,0,4.991,0
commons-compress,6eec951cf160b526e5bc51921650ad6166485ebe,5,1,10,1,0,0.0,1,1,278,2,,0,0.071,0
commons-compress,2dbdb7b8278e4e9df0a3754b7335325e6e275155,5,3,5,3,0,0.0,2,1,117,194,,0,15.888,0
commons-compress,13cd268a4c99045a32a30ef5dc3d63ea04477d18,1,16,2,25,1,0.0385,1,2,107,1339,,0,10.588,0
commons-compress,03b7d1ecec4811fe7e6ae63eacb1e63291eaaf6e,19,2,52,11,1,0.0161,3,1,3544,843,src/main/java/org/apache/commons/compress/archivers/tar/TarArchiveInputStream.java,1,54.987,1
commons-compress,95140bd9675df0284e97706c1b48d34e339738c9,2,6,7,27,3,0.0968,1,2,599,2380,src/main/java/org/apache/commons/compress/archivers/zip/ZipArchiveEntry.java;src/main/java/org/apache/commons/compress/compressors/FileNameUtil.java,1,30.883,1
commons-compress,b507be8f0b8ad9fce82bfad1cb25bde069d2c045,10,3,7,25,0,0.0,4,1,371,2242,,0,54.127,0
commons-compress,898e57b4dcd0f13ba7253398ac224da581e043e9,2,3,2,4,2,0.5,1,2,87,91,src/test/java/org/apache/commons/compress/archivers/sevenz/SevenZFileTest.java,1,21.244,1
commons-compress,575f0eb67d04d524872435f610d445c4d96597c1,1,1,1,2,0,0.0,1,1,6,39,,0,29.148,0
commons-compress,a7a95f04bfe2c0a855ff3081099f0ef82d32f35a,2,1,2,5,1,0.1667,1,1,5,49,,0,0.896,0
commons-compress,b5401c47f8bc8810b6c404864743d250b2ccc201,1,1,2,5,0,0.0,1,1,8,42,,0,0.958,0
commons-compress,67c2f681a2966adb2c694bccb33f3d626cf4048a,2,1,2,7,2,0.2857,1,1,12,49,src/changes/changes.xml,0,0.362,1
commons-compress,0c644264e0788d514c5e5b357eeb611ae06b162a,1,1,1,5,0,0.0,1,1,9,52,,0,0.99,0
commons-compress,b18ef2a10393824bd9a79c908bda656de4d45006,15,27,13,24,7,0.2333,2,2,206,1323,src/changes/changes.xml;src/test/java/org/apache/commons/compress/archivers/zip/ZipFileTest.java,1,5.927,1
commons-compress,920831594efc8d25fd280d79682e9aa9aad22f23,1,2,1,1,0,0.0,1,1,1,77,,0,1.856,0
commons-compress,469752132b291f3174af9679a5eb858aa7c1a04f,3,1,2,4,0,0.0,1,1,363,113,,0,1.665,0
commons-compress,5def510d00f73b25db8ce44303df49050f99dfbc,3,9,4,9,0,0.0,2,1,273,276,,0,6.201,0
commons-compress,00b5e3911a774af003b7d7291c147fc50bc21c32,1,2,6,9,6,0.6667,1,1,64,278,src/main/java/org/apache/commons/compress/MemoryLimitException.java;src/main/java/org/apache/commons/compress/compressors/lzma/LZMACompressorInputStream.java;src/main/java/org/apache/commons/compress/compressors/lzw/LZWInputStream.java;src/main/java/org/apache/commons/compress/compressors/xz/XZCompressorInputStream.java;src/main/java/org/apache/commons/compress/compressors/z/ZCompressorInputStream.java,1,0.94,1
commons-compress,3ecbdd79ee964d325b7ce8a1ca982935cc7d92f7,1,8,4,10,2,0.1667,1,2,53,422,src/main/java/org/apache/commons/compress/compressors/CompressorStreamFactory.java;src/test/java/org/apache/commons/compress/compressors/DetectCompressorTestCase.java,1,8.02,1
commons-compress,7b5816d968d05236821832aecb071e891627ea4e,21,5,16,3,0,0.0,1,2,1098,361,,0,5.016,0
commons-compress,99bc508220672ac501d72e9c0b4271e0b9fa2955,2,1,1,5,0,0.0,1,1,10,52,,0,3.008,0
commons-compress,bf85a64aaee3abee6f25f031862561162a613dd9,1,3,176,7,4,0.0223,1,1,2114,116,,0,0.039,0
commons-compress,b1e2a02c09936e604d8f5259ad7a0cf9ab99e55d,1,1,1,4,1,0.25,1,1,2,33,,0,3.822,0
commons-compress,b7b5e5e873b278030c2a98b08e9eaf54afb0715c,2,2,2,4,0,0.0,1,1,4,62,,0,4.7,0
commons-compress,ad634c0c24e883ec4ba509122df4679c2245e37b,3,3,5,8,4,0.4444,1,1,31,160,,0,11.997,0
commons-compress,cd47ed96ae57fda2d2db142d6f2c50bfad8e5f9c,26,8,52,10,0,0.0,3,1,1754,234,,0,56.969,0
commons-compress,1c8ff15c8223ba13d0585c9f627feb3270e52aee,7,4,10,8,0,0.0,1,2,234,192,,0,15.43,0
commons-compress,b38b413490d64e1fe49322978375722425d78f80,6,3,10,2,1,0.0909,1,2,234,33,,0,21.538,0
commons-compress,b885ae59abb25eb8b86f0649fbdf94515a9030bb,5,1,10,6,2,0.1429,1,1,234,627,,0,1.207,0
commons-compress,386cbe49133277aa926349db23e38681623d0100,1,49,1,16,0,0.0,1,1,10,2235,,0,0.91,0
commons-compress,a2c9d1b0df6834cdf09be967e3a093c473eadcc8,44,2,16,1,0,0.0,1,1,1595,5,,0,1.634,0
commons-compress,8ba08d8e1345b6db253ee305f9270b6fadd66779,31,3,16,3,1,0.0556,1,1,780,7,,0,0.422,0
commons-compress,55960b16dd08b9833e33c8927399712bd9beadb9,26,2,15,1,0,0.0,1,1,540,18,,0,1.039,0
commons-compress,41556704f705764fc0ef179421f39242c00f66bc,17,3,14,2,1,0.0667,1,2,253,4,,0,0.994,0
commons-compress,cae9cf85d337769f3f3fb228d203b9d7d10dd7bd,16,5,14,4,2,0.125,1,1,253,133,src/main/java/org/apache/commons/compress/archivers/zip/ZipArchiveInputStream.java,1,1.368,1
commons-compress,45ac135ea4189b9974f0336fb26cce3a964fe54f,10,3,13,7,2,0.1111,1,1,184,71,src/main/java/org/apache/commons/compress/archivers/zip/ZipArchiveEntry.java,1,0.55,1
commons-compress,393d3ee50e82508a205b4737921819d225700040,5,5,2,9,0,0.0,1,1,31,79,,0,1.835,0
commons-compress,576c408ea92683ebd4e20118c4d2ec05cb8a58e2,4,1,2,12,0,0.0,1,1,31,118,,0,0.318,0
commons-compress,2916d38e0135a8ddaedc2b319587078d7baa52d5,3,4,2,12,1,0.0769,1,1,31,461,src/main/java/org/apache/commons/compress/archivers/zip/ZipArchiveEntry.java,1,0.614,1
commons-compress,ae2b436727f218ee2b05b789e67f077a71d60869,2,2,2,4,2,0.5,1,1,36,67,,0,0.998,0
commons-csv,d83c1b816d1acaff558bcf09291cebfd69958b65,3,2,2,3,0,0.0,1,1,12,61,,0,3.934,0
commons-csv,515899a563b01cefaabc4033af8422e535337181,5,2,6,4,0,0.0,3,1,43,131,,0,3.896,0
commons-csv,08d5d618893d5ee64f3f77b2bf210d18b14a454d,3,1,3,2,0,0.0,1,1,9,34,,0,5.289,0
commons-csv,09c3699cbe632d8b60c8d96e7bbcc2d077286fc5,1,3,1,2,0,0.0,1,2,3,76,,0,3.963,0
commons-csv,1dd04be72aca30f13ce6f3b434c9fccee98bd8e5,1,2,1,3,0,0.0,1,1,2,41,,0,1.893,0
commons-csv,f25f3d5fb5b8332e9759dd34ddbdeefc9bcbc5c4,1,3,4,6,1,0.1111,1,3,60,19,src/changes/changes.xml,0,1.972,1
commons-csv,6551fc4dadfdf68d4d54ea568476727a7a4cb901,8,1,7,3,1,0.1111,3,1,63,27,,0,4.223,0
commons-csv,d80a832083c3373f33dc9eeb8098218d3ae92923,1,4,3,5,1,0.1429,1,3,25,36,src/changes/changes.xml,0,4.174,1
commons-csv,7a4f93f3d13218a74dce0c8d8b85af4b341ac3ac,1,1,2,3,1,0.25,1,1,4,24,,0,3.977,0
commons-csv,2cded6735c0dc296b8726b80b9178821b78d42eb,1,1,1,3,1,0.3333,1,1,32,28,,0,1.05,0
commons-csv,6d5993cb89f4f723ae416123b20f361bd863c484,1,1,2,2,0,0.0,1,1,4,23,,0,0.052,0
commons-csv,a503099b94bf7b44972c476326111e350ff2e9be,6,2,6,1,0,0.0,1,2,93,3,,0,7.113,0
commons-csv,429ca8c7d1b766be8b80f66f85bd3d103f0c9b29,4,1,3,1,0,0.0,2,1,10,2,,0,1.672,0
commons-csv,c043c29d1179f59b4ec62f2fdbe322f401f5fe79,2,1,2,1,0,0.0,2,1,8,2,,0,1.672,0
commons-csv,8f6a187e9555f2b27e82c88a97f736f703f4ccc1,4,1,3,1,1,0.3333,2,1,10,2,,0,6.723,0
commons-csv,ac1384c66a617b0252ddb71a4545c42db363578c,2,1,2,1,0,0.0,2,1,8,2,,0,6.723,0
commons-csv,276ccde95baf2063aaec1f23ddef713a2660f868,2,1,1,2,0,0.0,2,1,2,8,,0,4.971,0
commons-csv,7271adbed8c15045b39f241658d34751e16a1d11,2,1,1,2,0,0.0,2,1,2,8,,0,6.045,0
commons-csv,8d4322f22eef65acb1de2928f0dcabc3f9eec6a9,4,1,3,1,1,0.3333,2,1,10,2,,0,4.077,0
commons-csv,a8638efb3ef6a75692f8a16ce48947ce554e04a2,2,1,2,1,0,0.0,2,1,8,2,,0,4.076,0
commons-csv,4df3230f5ce159040afe0635104f5c1995da4939,2,1,2,2,1,0.3333,2,1,8,4,,0,1.911,0
commons-csv,37d61237b899c58ee21a9a4374119a9d81b3ecba,4,1,3,1,0,0.0,2,1,10,2,,0,1.161,0
commons-csv,043dc77e12b19c382cbf1fae9e7b038dffbbfdbb,2,1,2,1,0,0.0,2,1,8,2,,0,1.16,0
commons-csv,37ef19517cd274ad98c2f5655f3337f7e4485a90,2,1,2,4,2,0.5,2,1,8,8,,0,7.027,0
commons-csv,6d4fae2af99a4076e526057aa130291f9d6e4985,2,1,2,2,1,0.3333,2,1,4,8,,0,6.978,0
commons-csv,351d0e6d7464d97a4921a4e8f5e356e560476dfd,8,1,4,1,1,0.25,4,1,15,2,,0,17.122,0
commons-csv,a517750a7fd19a56060268b30626161cc302800e,2,1,1,2,1,0.5,2,1,2,8,,0,16.656,0
commons-csv,4bcc0f192a5a3c4889e829edeb5144122cc70b97,2,1,2,1,0,0.0,2,1,8,2,,0,6.946,0
commons-csv,f7d8d7e7bd9780423a0088a9b18b755ec714c5ab,2,1,2,1,0,0.0,2,1,8,2,,0,7.031,0
commons-csv,1e2b43c1f2a374b2f4d9adc3ac42fb893465c809,4,1,2,2,1,0.3333,2,1,10,4,,0,1.57,0
commons-csv,7ecc088a9230ada76224456eb3383132d243259a,2,1,1,2,1,0.5,2,1,2,8,,0,1.57,0
commons-csv,6e683b3ad6b9c9a11c82612c521e132e279dd280,6,1,3,1,1,0.3333,2,1,14,2,,0,4.945,0
commons-csv,77661749e56d7340f95de0480f0cd7d2d5f3bec5,4,1,3,2,2,0.6667,2,1,6,8,,0,4.945,0
commons-csv,6f446a96c8efaf498cd856aa2b34ec7120e2bca2,2,1,1,2,0,0.0,2,1,2,4,,0,4.945,0
commons-csv,0fe30e4683a8382e946317c9599509f864513d94,2,1,1,2,0,0.0,2,1,2,8,,0,0.611,0
commons-csv,fb383cf64fb0d408a557b4d7b3fa27a150392c9e,1,2,1,2,0,0.0,1,2,117,8,,0,1.94,0
commons-csv,f7dfe3e72f085583e545f726ef8e1817a3d99c70,1,2,1,4,0,0.0,1,2,1,29,,0,1.925,0
commons-csv,5f40584b2ce720d1eb6170d3839c413ed8d8564a,5,2,3,1,0,0.0,3,1,10,4,,0,3.014,0
commons-csv,b63a788e2d88b873b5a3a9236640b7016bcd7514,1,2,3,2,0,0.0,1,1,149,51,,0,0.944,0
commons-csv,b40039bb8bade1c1d71bce6ecc46479e53eeb76c,1,9,1,10,0,0.0,1,1,2,328,,0,4.926,0
commons-csv,110fea83b8059dd13e9b081b72f114b6dec687d8,7,34,10,58,7,0.1148,1,4,323,2257,,0,49.099,0
commons-csv,527cbc4e2eb4c5f72ae84bb1ac1f8d953b320736,1,1,25,2,0,0.0,1,1,817,8,,0,6.982,0
commons-csv,403d77f3c2e1e91d77b154214d2bcba2cc57d97e,2,1,1,1,0,0.0,2,1,2,2,,0,2.969,0
commons-csv,e559a9039e1bc9b5f8c8eab4f40f922d5b190e18,2,1,2,2,1,0.3333,2,1,4,8,,0,7.061,0
commons-csv,8e938a0c0b15c88fb2ff693a00d6d3885155d74b,2,1,2,1,0,0.0,2,1,8,2,,0,1.925,0
commons-csv,a9b9bc4a9f506f9fda99efa560d1bc818e387b1b,1,1,1,1,0,0.0,1,1,3,2,,0,1.932,0
commons-csv,b244cb146cb020193834d0eaca9f8fd041914dc0,1,2,10,3,2,0.1818,1,1,317,19,,0,6.88,0
commons-csv,ed1a8a92f3954407bc03a62a51c3e0e9b1de945d,8,1,4,2,2,0.5,2,1,16,8,,0,2.8,0
commons-csv,de2c25db5c80171eb7209afdb62c2aded5e121fa,6,1,4,1,1,0.25,2,1,14,2,,0,2.8,0
commons-csv,2e5b9645ff106b555831ee2b3c84fa04dabb1e34,2,1,1,4,1,0.25,2,1,2,8,,0,2.799,0
commons-csv,2453d648dbc45fc8dc2b946f98286bd04dda93e9,2,1,2,1,0,0.0,2,1,8,2,,0,4.099,0
commons-csv,811db7235a3c0f5e69df2d24792c1e8dd7e8dcde,4,1,4,1,1,0.25,2,1,16,2,,0,0.65,0
commons-csv,5ca559f81c0cc43a3283c5511fe16f8b03759c64,2,1,4,2,2,0.5,2,1,8,8,,0,0.65,0
commons-csv,aa9fc0d2c2e5b48e0a6cb8fdc71510daef54edef,2,1,2,4,2,0.5,2,1,8,8,,0,5.555,0
commons-csv,97c6dd82bbb775336968bc4e843981fcbcf3044c,2,1,2,1,0,0.0,2,1,8,2,,0,2.456,0
commons-csv,5d030e0b9f06f3e47d2f0f22f48ecb0669d10810,1,2,1,1,0,0.0,1,1,9,4,,0,4.006,0
commons-csv,f4e3269626140684b58901db9b9cd233ac960c9f,1,10,5,21,0,0.0,1,3,107,589,,0,2.152,0
commons-csv,decbfb3ea29521ebe49abe6a74f66ef39722a2da,1,13,1,7,0,0.0,1,3,2,176,,0,4.212,0
commons-csv,925f5cc67e6f94ab8665341d77c1104bc46a4981,1,7,1,3,0,0.0,1,2,26,17,,0,3.332,0
commons-csv,0d6113cea35cb21651f752ebbe6d37eb8c990207,3,1,2,1,1,0.5,2,1,3,2,,0,3.328,0
commons-csv,0bb7767e55769415626daaa6f385339f73dadcf8,4,1,2,1,0,0.0,2,1,10,2,,0,1.767,0
commons-csv,19a7e1e23b535a8ff6e7a2b328b90e84ca015aab,2,1,2,1,1,0.5,2,1,8,2,,0,1.767,0
commons-csv,ee60ba6cb21e70ebc0902f0ee2663b34e00fedca,4,1,2,1,0,0.0,2,1,10,2,,0,3.407,0
commons-csv,5d3bff249d7f8d6479ebb5fb8a1d0ef6f575b542,2,1,2,1,1,0.5,2,1,8,2,,0,3.407,0
commons-csv,e80c4ba5b907be5dcfbc168f496f26874be96bb8,2,1,1,2,1,0.5,2,1,2,8,,0,0.732,0
commons-csv,a4980da8ee4b5e8866d3eb07d271d8f0b5f3d28f,3,1,2,1,0,0.0,2,1,46,5,,0,1.745,0
commons-csv,ab371497099d41b2c555af53e4b316eb372fd2d7,1,5,3,4,1,0.1667,1,2,9,13,,0,9.734,0
commons-csv,2edd228da455fc7d5be62313d03693a32395380b,2,1,2,1,0,0.0,2,1,8,2,,0,5.812,0
commons-csv,47faf72c2374e54e5cec7640f75552d57a128a46,4,1,4,2,2,0.5,2,1,10,8,,0,2.801,0
commons-csv,edf1bfb82792c0a708702fbc7fd5573d8bde3b93,2,1,4,1,1,0.25,2,1,8,2,,0,2.801,0
commons-csv,e7d743b916cea8d725bf2d228b4e6ab87c89da0e,2,1,2,1,0,0.0,2,1,8,2,,0,2.015,0
commons-csv,bef059b932fb1d35582103f7575bec0aee4cf21f,4,1,4,2,2,0.5,2,1,10,8,,0,6.974,0
commons-csv,aba86f7e553bc7dc4b96884437089da98a816ed2,2,1,4,1,1,0.25,2,1,8,2,,0,6.974,0
commons-csv,9c3e16900a9964622d7f77656bba164f662f4ef2,4,1,4,1,1,0.25,2,1,16,2,,0,0.776,0
commons-csv,bd02352f88761da9613ffe80076adcbe016cd64a,2,1,2,4,2,0.5,2,1,8,8,,0,0.776,0
commons-csv,4c186f27f7b340aa7d78dc68d380200bcb49bb46,4,1,2,4,2,0.5,2,1,10,8,,0,6.986,0
commons-csv,8af37f7992e3e7fb37e0f2a5a9b02f27b9cb5e84,2,1,1,2,1,0.5,2,1,2,8,,0,6.986,0
commons-csv,bea505a55b6ab3c4eca27f395b9d6fa6787d496a,2,1,2,1,1,0.5,2,1,8,2,,0,7.02,0
commons-csv,36760506cae7b703ee7253ff43b592e5868151bd,2,1,2,1,0,0.0,2,1,8,2,,0,3.803,0
commons-csv,5770cc07e351cc124d34a6049c59e9aea8885675,2,2,1,2,0,0.0,1,1,12,59,,0,0.429,0
commons-csv,2abebaa74eb413ece7a56d86f826bc690ee26df9,1,2,1,1,0,0.0,1,2,12,2,,0,4.164,0
commons-csv,4cf21f897d5da1c6a354f5f78595499bd39aa1da,1,4,1,4,0,0.0,1,2,3,14,,0,7.312,0
commons-csv,f2ed1dbdc1b12a74eeddb9d936a4a02635719b0f,2,1,3,2,1,0.25,2,1,6,8,,0,7.006,0
commons-csv,e1f94c15080cc5d136073cf76432503cf92f472a,4,1,4,2,2,0.5,2,1,12,8,,0,2.556,0
commons-csv,2fed5f0cf893b72f089ca150511fe5d6ab6fa183,2,1,4,2,2,0.5,2,1,8,4,,0,2.556,0
commons-csv,44be7bfb278556c9b003442851ed30e3b3327415,6,1,4,3,3,0.75,2,1,14,6,,0,6.865,0
commons-csv,9c13806da113ca949c13541cf81738d60a31a9b6,4,1,4,1,1,0.25,2,1,12,2,,0,6.865,0
commons-csv,173c25476056a4bb2076cec8e2628117cddf9cd4,2,1,2,2,0,0.0,2,1,4,8,,0,6.865,0
commons-csv,c620c3f4b3ac52e78dd1b8dca6a1a59d41a81d97,2,1,1,2,1,0.5,2,1,2,8,,0,5.754,0
commons-csv,a1f3603c7e5b5ba254c265289b23170257d87cfe,2,1,1,2,0,0.0,2,1,2,8,,0,4.744,0
commons-csv,49ed389f3d9fb4c332586939ad41ec25aeb811b1,2,1,1,1,0,0.0,2,1,2,2,,0,5.895,0
commons-csv,95177a52002d7cc6118f45ffe2621be6a3c513cf,4,1,4,2,2,0.5,2,1,8,8,,0,3.934,0
commons-csv,14ca0ae93573f7075ba07ef72b8df7941a1ff37c,2,1,3,1,0,0.0,2,1,6,2,,0,3.934,0
commons-csv,7b02f262f5bd969ac026a01f12222054549c8767,2,1,3,2,1,0.25,2,1,6,8,,0,18.477,0
commons-csv,33e325ea112475b41a42e9eebb424fb18144375e,2,1,1,2,1,0.5,2,1,2,8,,0,0.806,0
commons-csv,26f9bb6dabdbd23f4d6a816424b66cb51504bfd3,2,1,1,2,0,0.0,2,1,2,8,,0,2.798,0
commons-csv,8ac9d6cc4b105feb0e694e4b88759b688b3e020f,2,1,2,1,0,0.0,2,1,8,2,,0,0.958,0
commons-csv,345d72e8e56756d04d977682a14c13ec31e03d38,2,1,2,1,1,0.5,2,1,8,2,,0,1.604,0
commons-csv,e9774d3d5dafc7deaf217072b73cab5ebada4840,2,1,2,4,2,0.5,2,1,8,8,,0,1.013,0
commons-csv,63bcf6b6b9e2457e4889361f0621e469dae15870,2,1,1,2,1,0.5,2,1,2,8,,0,2.064,0
commons-csv,e4ce1ff28da385bb69cba3114e3a391977878d3e,2,1,4,2,2,0.5,2,1,8,8,,0,7.03,0
commons-csv,b8690ea34d624f4940709f4dc217ffb932f6ce8e,2,1,2,2,0,0.0,2,1,4,8,,0,6.977,0
commons-csv,c2cf3057d37a8645234d083be4d5c4c5ab97ccc2,33,1,9,2,0,0.0,4,1,59,15,,0,13.988,0
commons-csv,a33b24c26c2303af61cc7bcdf0fb94d62d3b19e1,13,18,7,2,0,0.0,3,1,36,26,,0,11.99,0
commons-csv,f42982469b822e8fa8113fdfb8f71d775cefc7b2,4,1,4,1,1,0.25,2,1,14,2,,0,1.066,0
commons-csv,76c631af6913ddd2b372eeb4fee68d61e86f5be9,2,1,3,4,3,0.75,2,1,6,8,,0,1.066,0
commons-csv,b3679f4dfd52f2991775681c1d4c33896f88dbdc,3,1,2,2,0,0.0,3,1,6,8,,0,2.075,0
commons-csv,efbfc16eaedcc9a2d2761bfeacaf85ba1b45790c,1,1,1,1,0,0.0,1,1,4,2,,0,2.072,0
commons-csv,156f1f50714494ffd232019f66388877a60ee192,7,17,2,11,1,0.0833,1,3,77,217,,0,4.073,0
commons-csv,008269a7ea44dda0d743d5a10f175ad3628270a6,19,3,7,1,0,0.0,4,2,202,2,,0,12.006,0
commons-csv,b4abb0155ea2fc1695251ea09d9bf34b4384384c,1,19,1,7,0,0.0,1,4,5,202,,0,0.003,0
commons-csv,1e8014b27695a3c05f8c2c51f43ce1178ba652e7,2,18,3,7,0,0.0,1,4,81,202,,0,5.831,0
commons-csv,082827ceef359ab4554721477bed8fe77fb655ff,3,8,5,1,1,0.2,3,2,21,63,,0,7.043,0
commons-csv,676d654aeede73b7e2654235e0e9acb13e7ce5e9,4,1,3,1,1,0.3333,2,1,10,2,,0,6.635,0
commons-csv,ee849e5fb695d0d38fc06539d01a01c0aca64574,2,1,2,1,0,0.0,2,1,8,2,,0,6.635,0
commons-csv,768fbdd70b3398e4ab2a43abd9feedfe2c0c9360,5,1,6,1,1,0.1667,3,1,16,2,,0,5.744,0
commons-csv,decfc1b77da7b7e9846697235b9aed4a998405c6,2,1,2,2,0,0.0,2,1,8,4,,0,5.7,0
commons-csv,f596c7e07564f2944dc18e08b255ea136eb0c818,2,1,1,1,1,1.0,2,1,2,2,,0,5.771,0
commons-csv,bc61b750d85e9ac1b4a45e210fad81498b7b8959,30,1,11,2,0,0.0,5,1,102,38,,0,125.987,0
commons-csv,1842b788fd6bbcbc569b07b9f8a81a2d60c49f87,2,1,1,2,0,0.0,2,1,2,4,,0,5.546,0
commons-csv,ba8ba605a07ff4986d3b58b9ca699d46daa4b6f3,2,113,1,26,1,0.0385,1,6,6,1256,,0,103.996,0
commons-csv,b1bdb99c427716381eee074eba0450e5f9189cca,31,2,10,3,0,0.0,4,1,89,134,,0,28.264,0
commons-csv,3b55ade372459326df04ee7f56388ffa86574a45,2,1,3,1,0,0.0,2,1,6,2,,0,2.751,0
commons-csv,534916e25e9f4a519833ca7ecdfcf57d73ca3abc,1,3,1,2,0,0.0,1,2,2,4,,0,4.144,0
commons-csv,fe4d75e87e3a9d1be92214a4530cdbce7164a9de,2,1,3,1,0,0.0,2,1,6,2,,0,6.95,0
commons-csv,86b2bfa9c154c5a03cbe2b6dd9006956a8892aba,2,1,1,3,0,0.0,2,1,2,6,,0,6.874,0
commons-csv,b358bbd958209b112513ae86b076cbcbf290cf6f,6,1,4,1,0,0.0,2,1,14,2,,0,4.652,0
commons-csv,1cf6a1a26c60f57ffd31f51650692ed093ed6141,4,1,4,2,2,0.5,2,1,10,4,,0,4.651,0
commons-csv,18bcd0d2332ce737ef64cfbf7a2b5b71bac9a8c2,2,1,4,1,1,0.25,2,1,8,2,,0,4.648,0
commons-csv,1b62381d2d7f8600e6e44f7cb56cb4a331798a17,6,1,1,1,1,1.0,2,1,6,2,,0,11.03,0
commons-csv,d7afefc766509a951df6969685d19eaf008d0173,4,1,1,1,1,1.0,2,1,4,2,,0,11.029,0
commons-csv,4c70d5cf3f587f7c61fb0fabf9df481719f7ce9f,2,1,1,1,1,1.0,2,1,2,2,,0,11.029,0
commons-csv,c5ac847b35732ce2cdc70c71d037c70cc227098c,5,1,7,1,0,0.0,2,1,18,2,,0,3.068,0
commons-csv,4a865fd7f8fadc1b12d77ecabacbdc8cf2aab5bf,3,2,5,3,1,0.1429,1,2,14,20,,0,2.753,0
commons-csv,1b4e3af81aacc6a897bd4875d2deeb7858635dd4,16,1,10,1,0,0.0,3,1,430,2,,0,2.053,0
commons-csv,2fff399d1af90c0c8cbd870c83af301025a521be,2,1,1,2,0,0.0,1,1,28,4,,0,0.029,0
commons-csv,23c39b158e13ee835ae77ed3e39de0d54a0600cd,30,1,13,2,2,0.1538,6,1,219,8,,0,19.985,0
commons-csv,41a063d2cfd992d526db228e6a237fb7a57b4581,25,3,9,6,2,0.1538,5,1,68,150,,0,19.268,0
commons-csv,6d80ca8fa576bbdd46604b378d4078654d9e0346,4,1,2,3,0,0.0,2,1,15,6,,0,0.002,0
commons-csv,d46919da2651a797662a937c9870cb04ac4037c2,8,2,8,1,0,0.0,3,1,26,14,,0,5.841,0
commons-csv,ded226aae1ad36ebeedfb82900091e30b87b9149,3,1,2,4,0,0.0,2,1,4,8,,0,0.674,0
commons-csv,2e851bc96029b60c2f7cbdb10ae1b99207fcda3d,12,7,6,2,1,0.1429,3,2,311,219,,0,10.162,0
commons-csv,019915bee292b6ed5897112031578bea16a59ca8,1,1,1,1,0,0.0,1,1,1,2,,0,0.026,0
commons-csv,994407df291262aaf29c58871fb4c715f20fa03c,1,1,1,1,0,0.0,1,1,2,2,,0,6.972,0
commons-csv,4d1290d1a0a2ddad68ab23f2805a788f12cd93ec,4,1,1,3,0,0.0,1,1,4,14,,0,1.042,0
commons-csv,c7541b63443d5c30f81afdc39754b526ceb68324,3,1,1,1,0,0.0,1,1,4,2,,0,0.001,0
commons-csv,dce2b545299bbf5a45a45ff3d8c9079f267ba932,1,1,1,1,0,0.0,1,1,2,2,,0,0.64,0
commons-csv,3627c5ae83226dbe383ed8abb32c1e9c3f51cefe,1,1,1,1,0,0.0,1,1,1,142,,0,1.872,0
commons-csv,d59f0866cee8af91d7391e613de353ae42a119c0,1,1,1,1,0,0.0,1,1,2,2,,0,0.001,0
commons-csv,ee9b09e7502436f39ad21edf5425f32e3b2705a5,3,1,12,1,0,0.0,1,1,149,2,,0,0.018,0
commons-csv,805d329bda8c322eabdd9fd821157ea011ee62e1,1,1,1,1,0,0.0,1,1,2,2,,0,1.898,0
commons-csv,848c148b56caa79cf236728477def53eeda47e1c,1,3,2,3,1,0.25,1,1,4,94,,0,11.04,0
commons-csv,f57be875117d56fa9a9a52026d9c7c2cb774b5e9,1,1,1,1,0,0.0,1,1,3,2,,0,0.001,0
commons-csv,d32fae69d0575132526552862b386e96d97b420f,1,1,1,1,0,0.0,1,1,2,2,,0,5.019,0
commons-csv,660f7c9f853092ec8abf5d6c81d260e3c80c2194,1,16,1,16,1,0.0625,1,3,2,324,,0,14.342,0
commons-csv,1521cc285daf9923d09bd112892647c60e59a750,1,1,1,2,1,0.5,1,1,2,17,,0,10.839,0
commons-math,68163ff8f1b5474c65d6680cf27bef241a8cc51e,2,1,2,1,0,0.0,1,1,4,5,,0,13.424,0
commons-math,9ca9e7d7917560baf0f604c5e823114363be154c,2,1,1,2,1,0.5,2,1,2,8,,0,6.071,0
commons-math,af7e2c753c318ff85469653b1d6f9276282cce7f,2,1,1,2,1,0.5,2,1,2,8,,0,6.996,0
commons-math,9637854bc06acf73b5fa1e75215fa4ad6f4c0e01,2,1,1,2,1,0.5,2,1,2,8,,0,3.259,0
commons-math,b0656699578d564d6d55949d415686e4085654a5,2,1,2,1,0,0.0,2,1,8,2,,0,13.99,0
commons-math,8e8e80efb77e8e6440f95427cf19c8abb7a51e91,4,1,3,2,0,0.0,2,1,8,8,,0,6.972,0
commons-math,ffe022284442f8da651dba52963303b789368d77,2,1,1,3,1,0.3333,2,1,2,6,,0,6.972,0
commons-math,fc151828844ebb7335d738cdf2d95fa47bd1adcd,2,1,1,2,1,0.5,2,1,2,8,,0,7.072,0
commons-math,bde0f3d787cfca7ad48569fa841675da381562c9,2,1,1,2,1,0.5,2,1,2,8,,0,17.984,0
commons-math,96a5c3af4ff6f59f894874ab252944efa130f9a3,2,1,2,1,0,0.0,2,1,8,2,,0,3.914,0
commons-math,f6ffde98b9fa09acbf8bd7d0a64a04c122a5f2e0,3,1,2,2,0,0.0,2,1,4,8,,0,7.011,0
commons-math,6c97f033f4c3adc3d0f692ef30f2d19d77f88e49,2,1,3,2,0,0.0,2,1,6,8,,0,4.023,0
commons-math,aed06726224122b483bdd31b60b1bc62c1873d98,4,1,2,1,1,0.5,2,1,10,2,,0,6.999,0
commons-math,f83ac78c27c3c34732517e118ff20ab24b8fa862,2,1,1,2,1,0.5,2,1,2,8,,0,6.998,0
commons-math,8dad3b8b5fad8b13f23843b93c36b4ffc9f097eb,6,1,2,1,1,0.5,2,1,12,2,,0,3.626,0
commons-math,b0e7c4678fb2c0d16d65bbaaafcc22fd18483dfa,4,1,2,1,1,0.5,2,1,10,2,,0,3.626,0
commons-math,03edd659394ecbe44e7903007366fca4814cdd6b,2,1,1,2,1,0.5,2,1,2,8,,0,3.626,0
commons-math,b8bc7590a3215b4b4872208ccfe7b2a64b35ec49,3,1,3,1,0,0.0,1,1,14,2,,0,0.01,0
commons-math,d961ff2f4d2adfa537e361c24082628fa866d855,1,7,9,84,3,0.0333,1,1,488,688,,0,16.469,0
commons-math,506d4bea15a1d8845b4ba254899d9b1bf9a5c953,11,5,19,21,10,0.3333,2,1,568,558,src/site/site.xml,0,8.811,1
commons-math,5b291c795051258a455fa65462f35c78f338f7d3,1,4,3,3,0,0.0,1,1,22,77,,0,1.697,0
commons-math,f466637d82930c0104c1fd0dcc8e179a4ce9b98a,12,8,18,10,10,0.5556,2,1,521,137,,0,3.038,0
commons-math,26fc13cf66c066ffa96f509dcb54e2dd77a34e78,10,2,78,7,1,0.0119,1,2,3662,24,src/changes/changes.xml,0,0.043,1
commons-math,de99fd0384f0101beeb47433ee8be89624bec9c5,1,4,2,16,0,0.0,1,2,39,76,,0,3.92,0
commons-math,c98e638d7313fec1cc5808cfaa18b2bceaa9864c,2,1,4,92,0,0.0,1,1,114,10629,,0,2.528,0
commons-math,9f92370627346243071b7424f581ed75f924adc1,3,1,14,1,0,0.0,1,1,179,6,,0,0.652,0
commons-math,b7dd3fd3d11df92e3f653f001e1a924a9fc49b73,1,5,5,17,0,0.0,1,3,20,150,,0,57.467,0
commons-math,830f1d1443b21bb17f76fba84eb1170d97ba369a,3,1,2,1,0,0.0,1,1,135,2,,0,24.864,0
commons-math,a9645dbc0249a3d1e477e0b81821beac3fe4debd,1,7,1,8,1,0.125,1,1,751,120,pom.xml,0,59.951,1
commons-math,286ab7c6dd4c4aae0b0290517ea3508487438d01,1,2,1,2,0,0.0,1,1,54,7,,0,115.481,0
commons-math,36553ffab375518a8ce39b25a916f730775435a4,1,6,1,2,0,0.0,1,2,2,299,,0,5.834,0
commons-math,7bbeaf72e8f6fc827823b6c3cbe3e5ab019f2ae6,1,2,2,6,1,0.1429,1,1,6,1296,src/test/java/org/apache/commons/math4/geometry/euclidean/twod/PolygonsSetTest.java,1,4.787,1
commons-math,1b99b4583c552e0ece96349b4cb56b3584ad2b42,2,30,2,123,2,0.0163,1,2,185,12206,,0,33.197,0
commons-math,3ea45970dbe94643fb57ce7713dc1c624526853b,17,3,114,2,0,0.0,1,2,11261,223,,0,4.439,0
commons-math,5ec8070228b3879a9bd4d2d2b697c295ef762fb4,2,1,2,2,0,0.0,2,1,185,127,,0,99.64,0
commons-math,cb4ad072e0d357d4fe4f0f27a0ed4df0ecdb0f4c,1,1,2,2,0,0.0,1,1,185,127,,0,98.068,0
commons-math,777af155a678286614d261887790352b43fa7c2a,1,1,2,3,1,0.25,1,1,5,6,,0,12.493,0
commons-math,7a59c0af26177cf69e702eaac85471e54762f664,34,10,282,101,18,0.0493,5,1,5639,8682,src/main/java/org/apache/commons/math4/geometry/euclidean/threed/FieldVector3D.java;src/main/java/org/apache/commons/math4/geometry/euclidean/threed/Vector3D.java,1,35.917,1
commons-math,843fbfbc3428819dc0763fa470a8af64c0e74775,22,1,270,4,2,0.0074,5,1,4665,729,src/main/java/org/apache/commons/math4/stat/Frequency.java,1,36.98,1
commons-math,bddcfd5a574a1d509cf54d799ec7604dad1380b4,1,1,0,2,0,0.0,1,1,0,230,,0,4.92,0
commons-math,595f3fb79a885f8620f77ebcccf8da65b5024b4e,7,28,4,44,0,0.0,3,2,2834,8268,,0,12.12,0
commons-math,c4c288a3e0e610ed02801b17ed26016b0e734032,99,6,296,4,1,0.0033,6,2,120436,2834,,0,68.158,0
commons-math,57e01f404ecf77b31d301231bf09184ee87e69f7,15,6,9,6,0,0.0,3,1,364,1076,,0,10.452,0
commons-math,64b47d86facb0dc2355a6295f143410938740ad3,6,3,6,3,1,0.125,1,2,507,49,src/changes/changes.xml,0,13.964,1
commons-math,bbd702ae2f6c52b58d2e2ba99d7fc548545f46e6,3,1,6,3,3,0.5,1,1,507,155,,0,10.322,0
commons-math,3ec3a2e353249f6f98874ecfd43d317dcfe3042d,1,3,1,7,0,0.0,1,1,71,780,,0,3.484,0
commons-math,73952558a19baa5cfb71094272b1c1420136d768,32,2,225,2,2,0.0089,2,1,117067,23,src/main/java/org/apache/commons/math4/util/MathArrays.java,1,36.254,1
commons-math,78ebedb0f1c84787e622a92cc47c2d28a0e1e4e5,11,21,130,219,122,0.5374,3,1,112893,116809,,0,56.234,0
commons-math,aeb21280ae82701d21321d882e454f5c6ada4ff7,7,2,5,123,0,0.0,2,1,29,112732,,0,36.242,0
commons-math,71760ddf88efe70447bacd92c33eba50fc7fb1ea,5,1,4,1,0,0.0,2,1,23,6,,0,36.237,0
commons-math,6c4fc0647f4657d65868cdea2f4a850103620f47,3,1,3,1,0,0.0,2,1,6,17,,0,33.785,0
commons-math,d0f45833617d8622f68bb33f1050cd8a6e9c9464,2,1,3,3,0,0.0,2,1,140,4,,0,63.25,0
commons-math,bd557f1b8bbb8c9603d6edf642a8db4c4c8db21b,1,1,1,2,0,0.0,1,1,2,71,,0,0.801,0
commons-math,3e5c248f739b7978c057b0fbd3d0117f4bc2302c,1,2,2,5,0,0.0,1,1,16,224,,0,0.932,0
commons-math,dcd8015fa6baefaa9ca3d6c9bd792c7f0bde08ac,1,7,5,8,0,0.0,1,2,224,53,,0,3.041,0
commons-math,2fcfce303989ae14b5b51f4c9fc92e97bc540ba8,1,4,2,5,0,0.0,1,1,8,31,,0,1.987,0
commons-math,85a4fdd0ead28ad4c2f489116b34166c2761e4a3,1,7,6,16,0,0.0,1,2,57,1106,,0,1.137,0
commons-math,47ed8d9207be8362463b9113de0c83bca871345e,1,1,3,1,0,0.0,1,1,229,2,,0,3.952,0
commons-math,e7e8c3f7177e22b5fa766d931d52142c9fc55f49,1,1,3,2,0,0.0,1,1,15,103,,0,2.862,0
commons-math,9575054ff07b8dbb912e889111f6b3a3be582680,2,2,7,5,3,0.3333,1,1,865,160,src/changes/changes.xml,0,8.079,1
commons-math,2990f6caad0db0f7c7a2df22d65f1031ed9e33e1,1,2,3,4,1,0.1667,1,1,30,103,src/changes/changes.xml,0,10.117,1
commons-math,a55ae85447ea6786c9aaf4c3f38779a61b23d142,1,6,4,12,1,0.0667,1,3,103,183,src/changes/changes.xml,0,23.128,1
commons-math,0a799598cbb436e67d65561793d1a8a7c56c3446,1,7,43,19,1,0.0164,1,2,1328,1054,src/changes/changes.xml,0,2.254,1
commons-math,f5532557b9fd00c2e1c8b1cc4559d95eed0ad8ac,3,4,41,4,2,0.0465,1,2,315,24,src/changes/changes.xml,0,2.022,1
commons-math,c1c61ce70d1e9f7ee005364ac797841f653ec3e6,1,4,1,35,0,0.0,1,2,2,233,,0,11.07,0
commons-math,3d9a76877b4f0e405f6436a9972c6f9fd8832d51,1,3,1,6,0,0.0,1,1,28,75,,0,3.182,0
commons-math,38e337f5c85cab778fc826438fce9f05d7e3a09f,1,2,4,2,0,0.0,1,1,59,8,,0,10.238,0
commons-math,0c1e6fb256aa1b4f963d325ac818f09955961459,4,2,6,6,0,0.0,1,1,93,147,,0,3.157,0
commons-math,01c55de5f5869a6c244c87294616283b4ffd27c8,8,1,6,2,0,0.0,3,1,53,195,,0,8.744,0
commons-math,c278ac388b133213afddbfadf5c9456ad049373f,1,2,2,1,0,0.0,1,1,8,2,,0,0.537,0
commons-math,a6c3e571ca30d7f15a0a65743ca34183041deb8f,1,1,1,1,0,0.0,1,1,2,2,,0,0.444,0
commons-math,d7b9578de3266d6defdd81fa9f29880163bfa810,3,7,2,4,0,0.0,1,2,31,80,,0,3.784,0
commons-math,649e19b0f2d320fe2f9f2deaee9f4a391817c548,1,1,1,1,0,0.0,1,1,4,18,,0,1.981,0
commons-math,fa2adc7b477f4e37bb0d437ba8cb800f1fb1885f,1,16,2,5,1,0.1667,1,1,31,373,,0,0.745,0
commons-math,d9b951c1fad20e04440e7013e49ac08a8fac4061,1,1,1,1,0,0.0,1,1,2,21,,0,0.02,0
commons-math,376958763cda7cc546e4446243638418fefd1568,1,1,4,31,0,0.0,1,1,1436,417,,0,0.196,0
commons-math,92a027bc73d5ef67c4b2ead2f3ef63f198be1e26,1,1,2,2,0,0.0,1,1,9,19,,0,0.092,0
commons-math,c8f122c30463a186b0586c1370aa2b8e87890375,2,2,4,3,1,0.1667,1,1,1150,138,src/changes/changes.xml,0,0.576,1
commons-math,e11c00085cf0ba8c692522a851a387b63803c74c,3,2,7,5,0,0.0,1,1,1005,181,,0,11.08,0
commons-math,9786ad4de8ef2f0aefcbe2bcb14889bb148eebd5,1,3,5,5,0,0.0,1,3,519,67,,0,8.464,0
commons-math,7df65a5ddf59b564af1d753b89d30f8dc33a2c5d,7,3,8,4,0,0.0,1,1,202,123,,0,1.493,0
commons-math,4a6bf542e1929503f354d0afccc76e19d1cae177,6,3,8,11,0,0.0,1,1,202,2590,,0,2.689,0
commons-math,29b193629150c9a38949a6afa5b620cdb4d7f6a6,5,24,8,35,0,0.0,1,4,202,3244,,0,11.756,0
commons-math,b5e155e7d0448a100e9d4ff7d178a2fb9ea9f659,6,1,12,1,0,0.0,2,1,2271,2,,0,2.053,0
commons-math,bd3a6ecaa777247aaa6175e5c4721bfbd1645451,1,5,10,3,0,0.0,1,2,2264,29,,0,2.03,0
commons-math,fc7eeb4801b1ea7524b9329d5584c2e5ed945913,1,2,8,2,0,0.0,1,1,65,26,,0,5.046,0
commons-math,cee04d16489749883b8319f313e782ee20048652,1,3,2,2,0,0.0,1,1,6,31,,0,2.981,0
commons-math,d9df34360f3e95f1b5bdda9095888dab7f45d982,8,169,9,401,9,0.0224,4,3,449,31129,src/java/org/apache/commons/math/distribution/FDistributionImpl.java;src/site/xdoc/changes.xml;src/test/org/apache/commons/math/distribution/FDistributionTest.java,1,239.007,1
httpcomponents-core,4f7ad02c9ebe77066f39fcd775eabfe13530ba4f,2,1,2,1,0,0.0,1,1,9,2,,0,1.794,0
httpcomponents-core,de19a6054e0f661a78381d5cda91c9c7692c78ce,2,1,3,2,0,0.0,2,1,97,22,,0,6.738,0
httpcomponents-core,9b898d9206950b4602930f36c5b217c6364cdee0,16,1,69,2,0,0.0,4,1,2412,86,,0,12.228,0
httpcomponents-core,44309dd884117cb3c93f2c62599a12d8b3581ade,8,1,58,1,0,0.0,3,1,1958,51,,0,8.981,0
httpcomponents-core,a4931124479e4973b25dad54a88969c70a02906b,4,1,27,5,0,0.0,2,1,1645,97,,0,4.175,0
httpcomponents-core,6af1b9f2c98036012043d1c08245727ea9f7aead,9,2,43,26,0,0.0,4,1,789,1631,,0,9.964,0
httpcomponents-core,81bccbb08779c0e632ef929eb45d6466d09b6dea,1,1,1,2,0,0.0,1,1,3,4,,0,1.397,0
httpcomponents-core,556dd7d2156f070b5eae4cfd4861b58f336474cb,1,1,6,8,0,0.0,1,1,413,141,,0,0.169,0
httpcomponents-core,d398d7b9c1ce29728a2621dbcd5e1e5f65415cf3,1,1,1,2,0,0.0,1,1,40,39,,0,2.452,0
maven-resolver,5ff45a2b00102e44ee5068e11315ff528a1455aa,4,1,2,2,1,0.3333,2,1,6,6,,0,0.782,0
maven-resolver,26558272325e3d550070f256497a0eef4109316d,3,1,2,1,0,0.0,2,1,3,4,,0,0.872,0
commons-vfs,40ecf71659a80d4ccd3c736ccc6df49976298b35,1,1,1,4,0,0.0,1,1,1,194,,0,0.002,0
commons-vfs,9769e276fc0737ccf591d89d9b2d42e54416f3be,2,1,2,2,1,0.3333,1,1,16,8,,0,0.021,0
commons-vfs,3c0984b1f6018c52a6ed3acefe8f341dfdeefa54,1,1,1,1,0,0.0,1,1,1,2,,0,4.598,0
commons-vfs,08e80802f47daf43aedc639530c223a10169265e,1,2,1,2,0,0.0,1,1,75,3,,0,0.044,0
commons-vfs,e3d23075e665330790d17b487c8f8a1270b597ba,1,1,1,1,0,0.0,1,1,2,2,,0,0.941,0
commons-vfs,38c08e7f3602b1e7b8cfaa3a380dd2861e461c81,3,3,4,15,1,0.0556,2,1,29,73,,0,11.698,0
commons-vfs,5a6fe1715452c2e2c6142f720f9856b235705668,67,1,165,10,10,0.0606,4,1,26518,46,commons-vfs2-ant/pom.xml;commons-vfs2-bom/pom.xml;commons-vfs2-distribution/pom.xml;commons-vfs2-examples/pom.xml;commons-vfs2-hdfs/pom.xml;commons-vfs2-jackrabbit1/pom.xml;commons-vfs2-jackrabbit2/pom.xml;commons-vfs2-sandbox/pom.xml;commons-vfs2/pom.xml;pom.xml,0,44.763,1
commons-vfs,1e8297603c7cd433955f9e4befabcae08515e2be,1,2,2,2,2,1.0,1,2,12,4,,0,0.053,0
commons-vfs,84c365180ff186df2d8777d063903358b59a6c07,2,1,2,1,1,0.5,1,1,26,2,,0,3.229,0
commons-vfs,e0a4b1743a41bb585acc08d5128f2b436a28567f,1,4,2,2,2,1.0,1,2,7,8,,0,0.418,0
commons-vfs,f15cdb6ec533661622f5ad0f85bdd61aefe9b503,1,3,1,4,0,0.0,1,2,31,12,,0,2.05,0
commons-vfs,e5cf3e4c1252edc6bc486923a9b579303685e0bc,1,2,1,2,0,0.0,1,2,2,4,,0,1.61,0
commons-vfs,4f6b0dfb573aac9c61f5e25589b26a5f728e06de,1,1,2,4,0,0.0,1,1,4,9,,0,0.974,0
commons-vfs,cb61c01ccb1f6bd2b4014154b7442173cc840884,1,6,1,6,0,0.0,1,3,1,32,,0,6.957,0
commons-vfs,a4186edf809581f50b8cce7efdb6513c6d9a195d,25,2,38,2,0,0.0,1,2,216,4,,0,0.276,0
commons-vfs,30ddbd3345c0cff5c654adfb439dfa5f16fce4f3,1,1,2,1,0,0.0,1,1,5,2,,0,1.824,0
commons-vfs,88d2bc8eab20af1640890fc55d3bf2664fd33a7c,3,34,3,132,3,0.0227,1,3,21,1703,,0,12.062,0
commons-vfs,e094ccd899962e4ce3882017a839d16a321536c6,2,2,3,3,0,0.0,1,2,21,14,,0,4.136,0
commons-vfs,2b198f42de3f6815029d9eb45ede2763c90d3328,1,2,1,5,0,0.0,1,2,1,441,,0,0.03,0
commons-vfs,c41eec99caed585982dbd128a1c9ece24a8770f6,2,3,2,4,0,0.0,1,3,10,357,,0,3.016,0
commons-vfs,223d5692d64b8ee5ac64a83c918377e0da0f81d6,1,1,1,2,0,0.0,1,1,2,8,,0,2.931,0
commons-vfs,fc090b7ac80c72a28a0955396ec05045de2b4fd0,1,1,1,2,0,0.0,1,1,14,8,,0,3.063,0
commons-vfs,3bfae6ab6cf98730e825a1c823376a8e0bee77f3,14,4,18,2,0,0.0,1,3,72,15,,0,7.328,0
commons-vfs,0a8d89764938b4729086f23c6d32c473666deda3,1,3,1,6,0,0.0,1,2,3,12,,0,0.977,0
commons-vfs,22415922f4f27935f4e50f7d54abcc1cefe2a0e3,1,1,2,3,0,0.0,1,1,7,148,,0,0.045,0
commons-vfs,0f386af279de5e9535dd4b4f30ca58b21a2df937,1,2,3,2,0,0.0,1,2,524,4,,0,1.664,0
commons-vfs,b40b95f72ac4a2c3ef2aebb7d2970ed4b2ab2980,1,1,1,1,0,0.0,1,1,2,2,,0,0.003,0
commons-vfs,f05c5400042eb7fd7a84550467435fc28304072f,1,1,3,1,0,0.0,1,1,25,2,,0,1.151,0
commons-vfs,d97ebdee30f15a2001114998ef297ae22148614d,1,1,1,1,0,0.0,1,1,3,2,,0,0.001,0
commons-vfs,e76a3713f34d154ecf48625d37243d29ebf6b68c,1,1,1,1,0,0.0,1,1,3,2,,0,5.374,0
commons-vfs,36413713c5fa8a29b748bfa5c664ad14f0edc3b0,2,1,1,1,0,0.0,1,1,10,3,,0,0.002,0
commons-vfs,e55895aae1cd3dc5c3da9ee95e347609dcce7aee,2,1,7,1,0,0.0,1,1,521,3,,0,0.672,0
commons-vfs,bf429fc0aee4dbfe5bc5985637a5ea39457dc050,1,1,1,1,0,0.0,1,1,3,2,,0,0.011,0
commons-vfs,d12e28856ae948e9ece8e0e7228c8f6b7ab2b427,1,2,1,5,0,0.0,1,1,6,14,,0,0.007,0
commons-vfs,36c789a9b3e317789e79a1aed2854e521bf0a828,7,1,14,1,0,0.0,1,1,500,2,,0,6.807,0
commons-vfs,a19631a852cdef62533566c158788f1bd221fa50,1,1,1,1,0,0.0,1,1,5,8,,0,0.004,0
commons-vfs,c05755e9fd49ce04472f69ad940ad666e205f8d0,1,1,2,1,0,0.0,1,1,8,3,,0,0.232,0
commons-vfs,7d7509050c80db8fac5c4a075522b0dac05967a0,3,1,3,9,0,0.0,1,1,60,45,,0,0.404,0
commons-vfs,b21d3248aabc30f904162559169aa6e6e095e98f,1,7,1,66,1,0.0152,1,2,6,263,,0,13.908,0
commons-vfs,61cf46988bf34ed26f0eea27b8f6bea79de3f17d,3,1,2,1,0,0.0,1,1,48,2,,0,2.136,0
commons-vfs,acd7bf4ef0d495e11cf9a7473481a1024f095e5c,4,19,2,26,2,0.0769,1,3,10,727,src/changes/changes.xml,0,8.917,1
commons-vfs,797382024a2f8cb3bce51bd5977ac3b801bcbdf7,1,7,1,25,0,0.0,1,2,21,158,,0,0.047,0
commons-vfs,39929cb44779e5841e2b81a9b0b66efea0345580,1,1,1,1,0,0.0,1,1,6,2,,0,0.003,0
commons-vfs,46a67ef58779505e10b560df71ddcd4a8981d01c,1,1,1,1,0,0.0,1,1,2,2,,0,0.002,0
commons-vfs,3e49d7162a542898587c034117a16b8e7def02b1,1,1,1,1,0,0.0,1,1,3,19,,0,0.002,0
commons-vfs,955700fcc155a398e88cab0ba048a65e25da0756,1,1,1,1,0,0.0,1,1,4,2,,0,0.001,0
commons-vfs,051ab32097d55808ae315811274bbc2b9681eebe,1,1,1,29,0,0.0,1,1,3,388,,0,0.007,0
commons-vfs,6ee40aaed670f3df5a51d415df861f636cdc8d09,2,1,2,5,1,0.1667,1,1,5,23,,0,1.049,0
commons-vfs,496e6339c29f8882795585d3432bcdd490b6d535,2,1,2,1,1,0.5,1,1,24,12,src/site/xdoc/download_vfs.xml,0,2.168,1
commons-vfs,c40d057d92f6739643a4e55f9b08d44a119f08fa,1,1,1,1,0,0.0,1,1,3,4,,0,0.004,0
commons-vfs,a52627eaf1a45190649de6a912d678a16a976707,2,2,1,5,1,0.2,1,1,4,22,,0,0.066,0
activemq,307c0293856c00cf430804a26840dc962c3ab26e,10,1,22,2,0,0.0,5,1,599,23,,0,49.619,0
activemq,c2ebea7e2eabb52e7066d23cc97b86d4dac143e5,2,1,1,8,0,0.0,1,1,8,205,,0,16.17,0
activemq,a5962478eae9c8164dc7f23831c830c4ee600b74,3,1,10,1,0,0.0,2,1,57,93,,0,5.073,0
activemq,1a10be8fd70c91a4f5f94cc0df21aa6dd58fd045,3,1,4,3,0,0.0,2,1,43,115,,0,1.012,0
activemq,d008a1d188ad3144f82b8b09fc6d9df24c66d17a,1,1,5,1,0,0.0,1,1,477,2,,0,23.687,0
activemq,79f28c5aa3b5e461ee949b397ceb6ae010e6607d,2,1,74,1,0,0.0,1,1,1055,7,,0,1.014,0
activemq,78ee3434256b59138b948b43db9e232f9c4ddcf5,2,1,1,1,1,1.0,2,1,2,2,,0,0.181,0
activemq,47b5286d72b3b112915bfb5ed5fda25e126cba5a,13,1,5,1,1,0.2,3,1,139,2,,0,15.8,0
activemq,4e14a4cfd1cd6cfea5b1cdb0e8d6ddc7f4c7e541,1,10,1,5,1,0.2,1,3,2,137,pom.xml,0,15.797,1
activemq,2108301fae215e005a194a35fadad60c39c249e8,8,1,5,1,1,0.2,3,1,135,2,,0,15.797,0
activemq,7ef19ab9a3a7d7bf1672248c0189c69a06623ba9,6,1,5,1,1,0.2,3,1,133,2,,0,15.787,0
activemq,3fd5f1a65b5ce3006c1448f5d7c736d3e5f42e6d,23,1,77,1,0,0.0,4,1,4635,20,,0,45.8,0
activemq,84fdc659324c173cd2da7aed485aae9617ffc7a1,2,1,4,1,1,0.25,2,1,111,2,,0,15.734,0
activemq,fb52acb84418eba7d9292d9926fa14a82ad2c300,4,1,15,6,0,0.0,1,1,2582,44,,0,12.022,0
activemq,a4a42277d1b69273652d8cb1e326ff90f4ad1399,2,1,30,1,0,0.0,1,1,1015,8,,0,1.587,0
activemq,ca7eaeb8049f605db7be6252efa17b48ca6c961d,6,1,1,30,0,0.0,2,1,6,1015,,0,12.547,0
activemq,b271fa82f2d102862ee8f5be5b795f3a0ab4c331,4,1,1,1,1,1.0,1,1,4,2,,0,11.853,0
activemq,27dc2812260120fbecf7d5d5efddb42c2deb5c7f,2,1,1,1,1,1.0,1,1,2,2,,0,11.851,0
activemq,5cb8cca32a73dffe64a4b48452659f5e2c73d028,19,1,12,4,0,0.0,6,1,155,65,,0,16.93,0
activemq,322c84d5c223986ad5b6ba810b38c5ac0fd2abc3,136,1,61,5,0,0.0,13,1,1645,22,,0,155.224,0
activemq,04c367a6907da74da870ed48b96533e168fe21a3,5,1,2,1,1,0.5,2,1,71,2,,0,2.21,0
activemq,82bb04c22387add2bb680f810f57d14217d4c8a6,1,1,1,1,0,0.0,1,1,67,2,,0,1.63,0
activemq,645dd999644c49a0b28b3dbda3b04c7098fafc54,4,1,2,1,1,0.5,1,1,45,2,,0,0.977,0
activemq,aa3e8e7de2307eea6b2d31b50dd9d68155beec89,2,1,1,1,0,0.0,1,1,43,2,,0,0.96,0
activemq,aa842da2873739280fc2e786705c53ba00e64fb8,2,1,1,1,0,0.0,1,1,2,4,,0,0.025,0
activemq,a621df7affc0ed28d4616768873ddc912cc82c11,2,1,5,1,0,0.0,2,1,188,2,,0,0.032,0
activemq,be1856cace0128a3f5fc425002553914943fc4b9,116,1,64,5,0,0.0,11,1,2164,188,,0,121.67,0
activemq,871f9424372baf7e6a442ebe3f08d60d6535dce4,6,1,2,1,1,0.5,1,1,8,2,,0,5.121,0
activemq,13b6d299286246bf46787e172c5a8d73dd41ff37,4,1,2,1,1,0.5,1,1,6,2,,0,5.108,0
activemq,c60bb18d29575d46f27f0e04a537323b2731c36e,2,1,1,1,0,0.0,1,1,2,4,,0,5.106,0
activemq,e0469d39916553655f5e3d61aca53f07dd595044,2,1,1,1,1,1.0,2,1,2,2,,0,0.989,0
activemq,ea713b16e4284599eb4537bcef3cf032b26dfe06,12,1,1,1,1,1.0,2,1,12,2,,0,1.637,0
activemq,975307790807b2fcb26fa74b7f73c578129803ce,10,1,1,1,1,1.0,2,1,10,2,,0,1.635,0
activemq,eacb30f5c3395d0ac62fdc4a61a3fcc78e4d447c,8,1,1,1,1,1.0,2,1,8,2,,0,0.627,0
activemq,6ada8021b6c02e66e5fb5e07ad37420bd5ddf730,8,1,1,1,1,1.0,2,1,8,2,,0,0.72,0
activemq,4ac88314b9f7944d05cdb07b510d742150eddb23,6,1,1,1,1,1.0,2,1,6,2,,0,0.715,0
activemq,7b680fb38cdd8c3b9caf569aa81476f6b1bef9b7,8,1,1,1,1,1.0,2,1,8,2,,0,0.999,0
activemq,19f93a007480b66b471db0297fb78470511eb4cf,6,1,1,1,1,1.0,2,1,6,2,,0,0.379,0
activemq,d83cbbccb86175dba94a11469a982e4f69134649,4,1,1,1,1,1.0,2,1,4,2,,0,0.285,0
activemq,7ee0999bd553fde6821c8a42427d9af7d08ba82e,2,1,1,1,1,1.0,2,1,2,2,,0,0.284,0
activemq,b8764242d36921f6623de58455c20123982ed436,2,1,1,1,0,0.0,1,1,2,2,,0,7.106,0
activemq,5b93d2481ce9273d4bfdd1deba6ab8136f9441d0,7,1,6,1,1,0.1667,3,1,151,2,,0,20.405,0
activemq,6ce1b449989d4fca98a7522cb147bd360a8a4f17,5,1,5,1,0,0.0,3,1,149,2,,0,20.333,0
activemq,fd7f4839972f093d8861787ea47ac32f20fb4eaa,74,1,61,2,1,0.0161,10,1,2025,117,,0,105.852,0
activemq,4ff78ddab993d62408c8e63ce63a63d5757fe039,3,1,1,1,0,0.0,1,1,6,2,,0,5.171,0
activemq,5834065ab97af44b3baf74b55f048146d178c7ee,19,1,4,1,1,0.25,4,1,56,2,,0,2.707,0
activemq,6ef9d63710eebc7d867c123c9486d9b3d98cb45c,17,1,4,1,1,0.25,4,1,54,2,,0,2.17,0
activemq,317d3542b390bacc47edd5c2dcc1baa56c4329b6,15,1,4,1,1,0.25,4,1,52,2,,0,2.167,0
activemq,93d80a5caa9c91c7c8f690f97f95c2bf9d752797,13,1,4,1,1,0.25,4,1,50,2,,0,2.166,0
activemq,0bb56c8f9e1acecf520ad0363f64ad7315b76b80,5,1,3,1,0,0.0,2,1,43,1,,0,0.981,0
activemq,f3d6b7e36438d2a3acfcb5c8e29f897f5cef4ecb,9,1,3,1,1,0.3333,3,1,47,2,,0,2.13,0
activemq,f1bd80541c0f46066e0e8b08db3d8a3835d491d8,3,1,3,1,1,0.3333,2,1,41,2,,0,0.983,0
activemq,5debe1faccab7ef384852c678457f1120513c05d,6,1,1,1,1,1.0,2,1,6,2,,0,4.094,0
activemq,a6eaa8579969df3b2cc240953b152925f42dd76b,4,1,1,1,1,1.0,2,1,4,2,,0,3.087,0
activemq,88655e611277d356e946bc70db52507740f0bd2c,2,1,1,1,1,1.0,2,1,2,2,,0,2.957,0
activemq,216d73fcb5dc430e496c9b2312560a2de3790f97,7,1,8,1,1,0.125,3,1,199,2,,0,1.952,0
activemq,0e0c0f32616230ad9e3f85d34ec13518d6ac698c,7,1,8,1,1,0.125,3,1,199,2,,0,2.171,0
activemq,dc6960de9145755ab8f566274b77f2c87565a92e,11,1,7,3,0,0.0,4,1,76,131,,0,8.506,0
activemq,2ee8700ff3a6778955450f1fbb8dd075bb17f43e,11,1,6,3,0,0.0,4,1,135,60,,0,25.903,0
activemq,2fc07ac39a4adb23d0c549348ae7b4efeb5c3dca,5,1,4,1,0,0.0,3,1,126,5,,0,23.84,0
activemq,6b6f5fbe24550452cd09aab9c4d7094cf782a04f,2,1,1,1,0,0.0,2,1,2,3,,0,5.874,0
activemq,4a0bb48881001424f945b0fd0b42e625142078dd,2,1,1,2,0,0.0,2,1,6,7,,0,3.48,0
activemq,0e24799687ccdc7be671c433ef0a3eed8de10194,2,1,1,1,0,0.0,2,1,4,2,,0,4.271,0
activemq,645e2b084aa501b022f649b21f5789b720554c9a,9,1,10,1,1,0.1,2,1,767,2,,0,10.882,0
activemq,7aad5eaaa3493cecbeb780669330915934daaa9c,7,1,10,1,1,0.1,2,1,765,2,,0,10.882,0
activemq,27e2614452865de97baae9697c9a22cfb56cc5cf,5,1,10,1,1,0.1,2,1,763,2,,0,2.393,0
activemq,9d11e0d7e96c4871e190d0c99aa0f3cdc8ffb8db,4,1,1,1,1,1.0,2,1,4,2,,0,12.028,0
activemq,6bdb8e26e061318b5b4f28fb4f66586471b7177b,2,1,1,1,1,1.0,2,1,2,2,,0,11.97,0
activemq,789ca4939de5492377c761a0aca6d0bcb4c205dd,8,1,1,1,1,1.0,1,1,8,2,,0,9.744,0
activemq,50ea73f1d5788ba1b216f7bece4580b8033c1759,4,1,1,1,1,1.0,1,1,4,2,,0,3.077,0
activemq,814871a0488e677957b546e4fdb148d60ed79afe,2,1,1,1,1,1.0,1,1,2,2,,0,3.077,0
activemq,d1ab8ef93d8807faf4fb5c9d28fb0a5a2c5b015d,4,1,3,1,0,0.0,3,1,194,2,,0,9.0,0
activemq,85f82035cda1bca7ee7acb22b015d2965e37c676,4,1,2,1,1,0.5,2,1,4,2,,0,2.229,0
activemq,17aaff3709683a8accf626388f32816d1ec7e8b3,2,1,1,1,0,0.0,2,1,2,2,,0,2.229,0
activemq,0f520f1e2744f2d3938202b6d62df1e667cd375f,2,1,1,1,0,0.0,2,1,144,2,,0,0.941,0
activemq,986cd7c52b582bf2613f02b1fbc742a5e8fa1feb,12,1,45,1,0,0.0,4,1,346,144,,0,21.24,0
activemq,b39e64f2582045b92f17a53e03000b0e63c27801,2,1,1,1,0,0.0,2,1,4,2,,0,1.784,0
activemq,f6d067a49aa0f7aea18afa7738d60f9d15eeafa9,4,1,4,1,0,0.0,2,1,60,2,,0,0.174,0
activemq,1c3c1289bbc4a4d4b6e7030210cf9dc6d2e2f038,6,1,5,2,0,0.0,3,1,216,7,,0,0.73,0
activemq,78d95552338db1be2b95fc5c2fdd4eae8d045458,8,1,5,2,0,0.0,5,1,39,158,,0,9.696,0
activemq,f90c10df8e140ab97aaa42eb18107e8a18b80c8b,15,1,44,1,1,0.0227,4,1,122,5,,0,15.635,0
activemq,04e84afa891123ead07dbccb0b21f0ca80666e65,4,1,3,1,0,0.0,3,1,9,25,,0,9.251,0
activemq,d0dac1792692df34a94cdd89edfba64df2c1aa2b,2,1,1,2,0,0.0,2,1,2,7,,0,9.244,0
activemq,a611b143da8af7beb6dd2a96088332ea6bc678cd,2,1,1,1,1,1.0,1,1,2,2,,0,0.655,0
activemq,3f2b2ba0aedd0d26d52b47c29d60552534ad4bfe,6,1,1,1,1,1.0,1,1,6,2,,0,2.108,0
activemq,84204f4c96a393554530b687bb9358b57be109a4,4,1,4,6,0,0.0,3,1,65,12,,0,0.029,0
activemq,45bce62d05edf06726a5da2f3202ee2f01f65394,8,1,7,2,0,0.0,4,1,54,24,,0,11.159,0
activemq,d347f47b66ab3ecd5e85b23def000fac3fec6876,4,1,5,2,1,0.1667,2,1,11,41,,0,8.015,0
activemq,dbe995642d22be8eec14c3a7d52ddbb08da5069f,2,1,4,1,0,0.0,2,1,9,2,,0,7.958,0
activemq,544687465b677670151ce72f633f3cb4b0efd00e,2,1,1,2,0,0.0,1,1,11,19,,0,0.323,0
activemq,b08f65d48c297ba2229071db6bd39f2a7b61b7a1,2,1,1,1,0,0.0,1,1,17,11,,0,0.69,0
activemq,a2fa43359e189617461c6216caa9312e6987143b,16,1,9,1,0,0.0,2,1,96,23,,0,3.931,0
activemq,dcb660f7fc0c221a7a1a620909bbcc614288b790,14,1,8,1,0,0.0,2,1,90,6,,0,3.547,0
activemq,6546dd1b8b17b0dda35babd57042707cc0d7065f,12,1,7,1,0,0.0,2,1,74,16,,0,3.534,0
activemq,51965401bc5fa7615c1f9ed5c206823d98fec92f,8,1,7,1,1,0.1429,2,1,70,2,,0,2.812,0
activemq,7d4adf9e0eaf8670a2756f6140a750a7ce437f0d,6,1,7,1,1,0.1429,2,1,68,2,,0,2.806,0
activemq,ff360abf431a9ebbdadeb43e82e741165bdaa1ff,2,1,1,1,1,1.0,1,1,2,2,,0,2.792,0
activemq,85eb0f2df8b83cf1bae89e9727f7bac090af7e38,6,1,10,1,1,0.1,4,1,243,2,,0,0.8,0
activemq,c549d70800e5fb2115715edd5ea5c04f6a1c79c4,4,1,9,1,0,0.0,3,1,241,2,,0,0.792,0
activemq,99dced2fa74f3ace8ede94b40fdb27fe81a98fa7,50,1,82,2,0,0.0,10,1,999,154,,0,106.331,0
activemq,1e37fe64e8914dd2a330de3d8ca446c76742b25a,2,1,1,7,0,0.0,1,1,2,87,,0,11.901,0
activemq,a2bf5b8adb8669a1fa020519cfd9a0fdae2f8787,2,1,1,2,0,0.0,1,1,2,25,,0,48.217,0
activemq,aeab06e93e40d3a3ec198dc537388326832ff270,2,1,3,1,0,0.0,2,1,7,3,,0,1.006,0
activemq,4baf997a3c805b24c9d9b94ab8620d815e84db69,2,1,1,1,1,1.0,1,1,2,2,,0,3.981,0
activemq,58867f7c3cef580134cb4e32e2f9086552c1876a,10,1,47,1,1,0.0213,4,1,188,2,,0,8.344,0
activemq,dcf86d391640b0292d0609412b67ab363b17b5a0,8,1,44,3,0,0.0,4,1,111,77,,0,8.238,0
activemq,3132858aecb5a36defb8152192d19cc441b0fc02,5,1,4,1,0,0.0,2,1,25,2,,0,1.854,0
activemq,98c62f6568c152122e25536f4dc2ba6df07325c7,4,1,43,1,0,0.0,3,1,105,4,,0,8.232,0
activemq,d0e2cce18f0e5541c062ef83a2a53af205131089,2,1,43,2,2,0.0465,2,1,100,5,,0,7.427,0
activemq,9aedca0067df977ac1a2c7c2655532bfc4d1d741,5,1,3,4,0,0.0,3,1,18,104,,0,1.109,0
activemq,fb379997c6fc1201c2cf71b3d1f1dfb3c3a1bd3b,4,1,2,1,1,0.5,2,1,4,2,,0,0.074,0
activemq,d23da10da80c37d01a42af1f8347193ba2baae22,5,1,3,1,0,0.0,3,1,8,2,,0,1.029,0
activemq,5d693d1c1d1a997a83eaec532839165f75702b52,3,1,2,1,0,0.0,2,1,6,2,,0,1.02,0
activemq,ca35e5921cf6da481ad2e2fb91be2a839f4f00ec,9,1,8,1,0,0.0,3,1,372,4,,0,7.121,0
activemq,18c74769dc55bdec93000b43be960172fa0a8f38,13,1,14,6,2,0.1111,2,1,222,364,,0,9.327,0
cxf,10ee0f1419b8c63a0d7412103ea4224215dab11f,6,2,9,2,0,0.0,3,1,60,205,,0,0.337,0
cxf,315eb6da4a0c7af09f55beaacc26cd77e3edd3c7,1070,1,1618,3,1,0.0006,36,1,32674,20,,0,547.666,0
cxf,12157306906b8daa33a868549c563949fc9bf0fd,580,1,1414,3,1,0.0007,14,1,17616,11,,0,283.615,0
cxf,e8cc4610d630b465fbabf1456268a092a2fc0491,27,1,29,8,0,0.0,7,1,433,127,,0,11.799,0
cxf,73362d5cc205ebd08ab8f6b50452b7e5c59378fe,1,1,9,3,0,0.0,1,1,52,211,,0,0.046,0
cxf,02886aae9bea932a87ac4d2afa7ddb4b53c153a6,1,1,2,4,0,0.0,1,1,9,22,,0,0.514,0
cxf,bc5905727f2ed2a28bcfcd3bcbe2775adb819cf7,1,1,1,3,0,0.0,1,1,6,7,,0,0.008,0
cxf,8039f641f03b3470dddb4ad2dba9c706754a32d5,1,2,2,2,0,0.0,1,1,28,12,,0,6.187,0
cxf,b2731a63ba28655aff76a39aa42162cfeb5a485f,2,1,1,1,0,0.0,1,1,4,56,,0,4.801,0
cxf,63fd5606b8ba94ccbac2bfe5189e61be35ac83b6,2,2,3,8,0,0.0,2,1,91,163,,0,1.726,0
cxf,d8e1317707203fd4b84ea9f93dca6d34a602e21d,1,1,1,1,0,0.0,1,1,94,1,,0,0.745,0
cxf,c56271ef4e6459c2899a6766cd0b5deaa164317f,64,1,75,1,1,0.0133,10,1,3175,5,,0,55.504,0
cxf,248c7da3183e9f061adc4c31f972d076a4221cda,1,2,2,3,0,0.0,1,1,6,115,,0,2.497,0
cxf,9d11427a238226236db50a38b557e56708f1059d,2,1,5,2,0,0.0,1,1,98,220,,0,1.542,0
cxf,218c83b502a8b339731518d099457307c6d8d6ef,2,2,8,7,0,0.0,2,1,324,903,,0,2.134,0
cxf,722b6a044466bbed8c0ef665127ee360bc5d0120,1,1,1,1,0,0.0,1,1,17,2,,0,0.86,0
cxf,ccd7a7c1d55ee4cee0e148cba83273bc02f29a24,8,1,12,3,0,0.0,3,1,84,41,,0,1.537,0
cxf,70133ba0d7b7d4d7dd173d8e4ce4247376cb512b,6,1,9,3,0,0.0,1,1,145,36,,0,2.589,0
cxf,4a8d90e6a247f6713180df8ec6a4715c164f60dd,39,1,338,1,0,0.0,5,1,3926,16,,0,22.448,0
cxf,59856f3dfe02f734c563aa0a37c32ebb57819eee,12,2,37,2,0,0.0,5,1,914,23,,0,9.01,0
cxf,51707c7c25b3e4f7e67704688e48e4894896b5ed,4,1,7,1,0,0.0,2,1,43,31,,0,2.175,0
cxf,9897b1cc13058cbbf0eceb001665fb11c34b88af,2,1,1,11,0,0.0,1,1,4,640,,0,0.608,0
cxf,7340f82e6aa4ed75e51a3ecb6ae0fa2a0fa229f3,9,1,54,13,0,0.0,5,1,3679,704,,0,2.232,0
cxf,cb60a4d794df79f6d0901e44d3eafa3d6bc8fd0c,2,1,2,3,0,0.0,2,1,4,12,,0,6.698,0
cxf,b3b7e59b35a3ca85200e7603b85a2fc84b65b2bf,3,15,11,10,0,0.0,3,1,119,474,,0,0.887,0
cxf,f337f255ba41ac607f558c0d36b3f8db2f8fba89,14,39,10,65,0,0.0,1,7,474,1155,,0,12.875,0
cxf,b8f66bb7c77125560d8d4091ac77258d79401613,6,19,10,32,2,0.05,1,5,461,591,rt/features/logging/src/main/java/org/apache/cxf/ext/logging/AbstractLoggingInterceptor.java,1,13.347,1
cxf,77d15448c44353aad897a4c861723e687fbad70c,1,1,2,1,0,0.0,1,1,26,2,,0,0.334,0
cxf,8d216eefc5cbf7ff3501c128bba5bee446d721a8,10,3,18,10,1,0.037,6,1,376,166,,0,8.09,0
cxf,b8e24192378aa2b9bd8110186673d8904f6237d5,3,2,3,6,1,0.125,1,1,12,108,,0,4.098,0
cxf,296fd745d6f4e47a1404fc6521ddd80e16af8677,1,3,2,14,0,0.0,1,1,67,908,,0,1.48,0
cxf,55de869117d93853e5dccaee878e86a38d6f057b,3,7,4,18,1,0.0476,1,3,77,109,,0,5.116,0
cxf,0a62ccf4d93a04e5c495b27e744aebe0a74980f4,98,2,231,6,0,0.0,11,1,6614,167,,0,44.991,0
cxf,dc7cbfbae302d6b0519174ac1c38ffa1e687548a,1,2,1,1,0,0.0,1,1,2,22,,0,1.763,0
cxf,700f95cbaac85b3965297e3d2533d8d36672ec8d,4,3,8,12,0,0.0,3,1,209,467,,0,0.805,0
cxf,d9dea3e07e1f2ba5d43768313232f205c90e8b29,1,1,2,1,0,0.0,1,1,473,4,,0,2.388,0
cxf,6fabd55129e5bf6c0768a61aa649411dfdd98ddd,14,18,64,29,2,0.022,7,4,1661,368,,0,3.185,0
cxf,32e264f539c4c9250cf2f98f86ac94ee25cda5e7,2,1,15,1,0,0.0,1,1,96,2,,0,1.06,0
cxf,ebf621e8b4cb3c8fc2ce64d23bf615e4a6d922b9,2,1,0,17,0,0.0,1,1,0,1398,,0,0.843,0
cxf,96cdc143498a4935b999616653e4e4ad42f0c0f8,13,22,12,79,4,0.046,4,6,158,1282,parent/pom.xml,0,14.824,1
cxf,4926f24d8ef4857430f7f20d8180f8e2941f74b8,12,3,12,11,2,0.0952,4,1,158,30,parent/pom.xml,0,2.393,1
cxf,544604a95d423c9f4325618dae09240d75afaa09,11,208,12,605,5,0.0082,3,24,160,21977,parent/pom.xml,0,127.968,1
cxf,ab708ae4c90b2e944ca48228206b76f5fa831778,320,1,1003,3,0,0.0,26,1,28370,169,,0,173.844,0
cxf,bf81196008d0ba72ac37e5704e3b65417eaac0e7,6,10,53,20,1,0.0139,1,2,1071,1105,,0,1.706,0
cxf,bb6a56e4542ca07981a3e931ec9d5ee490348fc2,8,33,15,356,3,0.0082,2,7,1095,2602,,0,29.155,0
cxf,6c5dea29d4415b3de0836fe5e10cac8964271afc,23,1,152,3,0,0.0,8,1,2045,26,,0,14.113,0
cxf,d99a1d8023e4827ed3ad0da61291f0f3089eb5bf,4,2,9,2,0,0.0,2,2,382,10,,0,4.014,0
cxf,aa1fdd031cd52578c5ac2a8e618dc1aee7241945,1,1,1,3,0,0.0,1,1,16,6,,0,6.269,0
cxf,4f403903bc44d42a87872d4cd0e48967847c8c80,7,1,11,1,0,0.0,2,1,224,10,,0,1.981,0
cxf,5addbf920c2f5a242a22ecd705911c2a278f8f02,19,2,100,1,0,0.0,4,1,5220,8,,0,11.014,0
cxf,9c553151f94f2589ec759ff29f83a53b16a53f3f,1,1,7,40,0,0.0,1,1,13,4522,,0,0.237,0
cxf,37fecc9e80f22ae2ee3ad83919e11851bb21ebf7,1,2,2,1,0,0.0,1,2,16,28,,0,0.643,0
cxf,b7dad93a24e00fd18d28db72951b704de1ef8271,1,5,1,30,1,0.0333,1,3,5,710,,0,1.941,0
cxf,2e3a749fb70628699155502c0714e8ea13d7567f,1,7,1,206,0,0.0,1,2,5,971,,0,0.182,0
cxf,5cae97285027cdebab8f77698a272c0db98a846c,3,3,187,24,5,0.0243,1,1,404,567,,0,0.137,0
cxf,b688cf6273da4db0f44f47d0742bcfa65b4eb854,2,1,4,1,0,0.0,2,1,33,2,,0,0.311,0
cxf,b587b41e8f16a709d5e4064b157055f4dc6b9399,1,1,1,4,0,0.0,1,1,2,33,,0,2.996,0
cxf,145b7ec034ea121c743f3458e6f7cea74b4904d9,1,2,6,1,0,0.0,1,1,493,5,,0,1.716,0
cxf,0ac8f73cd3cc1fb56a3a510fb7c32a458312455d,9,2,14,1,1,0.0714,3,2,325,61,,0,5.07,0
cxf,0ac9c1494f095aa0ed608b7ad511683d5a86d5c7,5,1,7,1,0,0.0,1,1,233,31,,0,2.226,0
cxf,18c663e881871c5fbb9dc4f6f2a9105e4b782a6d,5,5,23,5,0,0.0,3,1,540,130,,0,3.984,0
cxf,1f3d8225ebbfe560a404be32ce3ce908372fbab9,1,2,14,3,0,0.0,1,1,288,6,,0,0.928,0
cxf,40b98145c36d4f510e45824c45f8243147316e6a,4,5,13,2,0,0.0,3,1,333,100,,0,1.243,0
cxf,d00ec746daa06be71e05c70158f89763911c8892,31,2,142,1,1,0.007,4,1,3060,18,,0,6.855,0
cxf,3edd5a9629a3172dec81b136b2291aee84f1f3fe,1,1,13,1,0,0.0,1,1,954,18,,0,0.882,0
cxf,1b38b8a8ed2bf3192bc0920e1c2215d8076d1aa1,11,4,60,5,0,0.0,4,1,1520,86,,0,5.279,0
cxf,cd3741fd162b4704c1bee7ac485f2ee0310177ed,2,1,37,1,0,0.0,1,1,125,1,,0,0.144,0
cxf,b63a8fd9dc2f0aef97f99992cfa5a44b7126e597,6,1,207,1,0,0.0,2,1,1121,4,,0,4.652,0
cxf,5bb01b745968b05a0fba3dd5272c493a778249f4,1,1,1,1,1,1.0,1,1,4,2,,0,0.257,0
cxf,06699335af86ef4769587945170f8ff6fadbee5d,58,1,92,25,0,0.0,8,1,2556,1347,,0,5.225,0
cxf,9c413045b2bd4dd11e3f2a54ef85a1d015bcc850,66,35,876,33,1,0.0011,11,2,11325,1727,,0,17.059,0
cxf,2a43acfe9e058fce9d525a542c02713bfbf96912,76,4,2070,13,1,0.0005,10,1,21035,290,,0,25.522,0
cxf,7803d9afff00b60711ebfadc12aa51ca2ebc9689,51,1,1373,2,1,0.0007,7,1,13325,30,,0,18.703,0
cxf,0f975b0d92f2c34ccadae84ce58aac1b8d675472,15,21,34,821,7,0.0083,2,4,1715,7272,rt/rs/security/http-signature/pom.xml;rt/rs/security/http-signature/src/main/java/org/apache/cxf/rs/security/httpsignature/MessageSigner.java;rt/rs/security/http-signature/src/main/java/org/apache/cxf/rs/security/httpsignature/MessageVerifier.java;rt/rs/security/http-signature/src/test/java/org/apache/cxf/rs/security/httpsignature/MessageVerifierTest.java;systests/rs-security/src/test/java/org/apache/cxf/systest/jaxrs/security/httpsignature/HttpSignatureFilter.java,1,10.579,1
cxf,550ca9107d794365c4b85581e1433a821bc1ca1c,5,4,22,22,0,0.0,2,1,684,847,,0,1.309,0
cxf,4e4922ad8bf583ad32833856a081aed213774d42,2,3,2,4,0,0.0,1,1,4,10,,0,0.685,0
cxf,1f503ddb89a63deb29565fc51fdfcafbeb30b68e,7,1,12,3,0,0.0,4,1,448,85,,0,6.464,0
cxf,5eb8c3f59473f3d06d7c696aa9c75c430f014721,54,1,420,5,0,0.0,10,1,10324,57,,0,29.443,0
cxf,4835e3286bea87afe26843c091a92f44dde9c01c,1,1,1,1,0,0.0,1,1,6,21,,0,0.387,0
cxf,b0755d060be16e806c19b1ccb627b0061376e83b,1,1,1,82,0,0.0,1,1,4,455,,0,1.208,0
cxf,0b389ba00e7064d8e0d9b4470aa16964f64a57e9,4,1,5,1,0,0.0,3,1,13,2,,0,1.941,0
cxf,e5c6c9393a1adee74ad06b38239d30467b28fe71,1,1,2,1,0,0.0,1,1,34,8,,0,0.5,0
cxf,19ee1065be6463a83fa79f34187527e8af242a93,1,1,2,5,0,0.0,1,1,42,23,,0,1.414,0
cxf,39ae7d507f5a1454448971ff2cc58be8e7f5bcf1,1,1,2,95,0,0.0,1,1,100,333,,0,1.115,0
cxf,5f034e1df4793b2d384ece16be447aad2ee562b7,5,1,588,1,0,0.0,3,1,2193,26,,0,1.318,0
cxf,952459d609f9b5773067bd4b05582d9021b442fd,3,1,5,3,0,0.0,2,1,155,224,,0,0.747,0
cxf,1bea8686b3183009c9d506cb06acd30b6c4f2523,23,1,70,2,0,0.0,7,1,1165,3,,0,8.482,0
cxf,dcb401e5c524036fb1b610ddd39b2cad38ba5fca,1,1,1,2,0,0.0,1,1,15,26,,0,0.337,0
cxf,a97a7c378d8bf12f1ffb0354d94c745c3eabd8be,1,8,34,5,1,0.0263,1,2,104,43,,0,1.119,0
cxf,c8ccf31b23b7a188e9530e79c02265f2dc5af18b,5,2,3,2,0,0.0,2,1,183,84,,0,1.735,0
cxf,a2e746c6588dbc7ffa9f2d3bdd5c73d74dcc1d71,1,1,10,1,0,0.0,1,1,97,2,,0,2.449,0
cxf,3a729b0ed271a847ca6eaec2d4acba64a9f1399e,7,1,14,2,0,0.0,5,1,99,85,,0,2.151,0
cxf,7b585fabbbe4e77ec632e63f477f767f4505c7af,13,1,49,1,0,0.0,7,1,2051,6,,0,10.041,0
cxf,b6d2db2bf2682b71fc36cfec85b9f5673f0dcb5c,11,2,9,1,1,0.1111,4,1,104,3,,0,7.678,0
cxf,c7eee85aaebdfaae988adfcf8cc43206e568fda8,2,1,1,1,0,0.0,2,1,2,2,,0,3.88,0
cxf,e9acad25437e7273a823f32e299599ede9020df9,49,7,247,23,1,0.0037,9,1,11634,993,,0,26.665,0
cxf,f82e825cb42fd4efcd4e04eb5bae743218711033,1,1,7,11,1,0.0588,1,1,14,216,,0,4.319,0
cxf,e0441f616584cae8687fcf88aa670da6b9d2b7c2,1,2,71,6,0,0.0,1,1,1434,198,,0,1.766,0
cxf,ba70603bb7624b173273e8898629dea1c7e82570,1,1,1,1,0,0.0,1,1,8,2,,0,2.573,0
cxf,fc9431f92b938c365c1e0af2da47c2872dc682fb,3,1,5,2,0,0.0,2,1,66,45,,0,3.817,0
cxf,2711f972a8a7b03ce93562aa31e55f6e3b4491e9,2,1,1,1,0,0.0,2,1,3,20,,0,0.092,0
cxf,5f8ed2d2a53ac8160eadb82e4521398f805ccc83,51,1,304,1,0,0.0,19,1,6564,3,,0,41.135,0
cxf,3b6b16c97f48e6e841a4c2f08a4b81384b63a23e,2,1,2,1,0,0.0,1,1,8,595,,0,0.412,0
cxf,00f957b0eb6aeec3ae1a13a2be389b94091ca010,6,1,19,1,0,0.0,2,1,243,5,,0,0.904,0
cxf,a043ce731a67a491400f00da1586c47ffa5015cc,4,1,7,1,0,0.0,1,1,170,9,,0,0.578,0
cxf,c369fde1f0fd66e6d491cc2b315ebb14bd811b25,1,2,1,9,0,0.0,1,1,6,390,,0,1.17,0
cxf,1643d074271218151cf2a17cbc71e5322497dee0,3040,1,8122,1,1,0.0001,96,1,0,7,,0,960.363,0
cxf,1ca02221349e41d0473da3e3ec919485d189d41c,9,1,8,1,0,0.0,5,1,149,30,,0,4.717,0
cxf,846d6c701c152f93e10a63ff110fd358c304e5b3,14,5,29,5,3,0.0968,10,3,566,114,,0,9.097,0
cxf,639b96bb24ed12a08798a58e0f0ea06c9fd0528d,27,2,168,2,1,0.0059,8,1,1777,135,,0,16.074,0
cxf,7a68aa17ac20b3e518e5fbb372051606fd85431d,1,5,2,17,0,0.0,1,3,38,550,,0,5.135,0
cxf,30a6e5b5091d8feabb1eb8e27c08016b2c34b48c,1,2,1,10,0,0.0,1,1,18,371,,0,1.382,0
cxf,2fd0b2ed9286a77bc8cb5b83538b47bcc9c1a6bc,7,5,40,9,0,0.0,6,1,676,464,,0,5.606,0
cxf,6c15d8f9c864e5c11135390248434c01acf7d8ff,8,5,5,9,0,0.0,2,1,89,220,,0,0.482,0
cxf,1c91c2968efbb17d9dfb777a6703bdfec16bbbe2,1,2,2,3,0,0.0,1,1,40,10,,0,0.344,0
cxf,dcae47fac2c0e22994572e6744852070737223e5,2,1,5,1,0,0.0,2,1,85,8,,0,0.258,0
cxf,2aecfa9dbfb208e54bd9fd905470e5c2c863ed1a,4,1,5,1,0,0.0,3,1,48,4,,0,0.44,0
cxf,64184a57568edfb6a0341db0e6837e61609441a7,20,1,36,2,0,0.0,7,1,953,35,,0,5.802,0
cxf,edc0b1886086de2745c36101a3e79f5561cc482b,1,3,1,6,0,0.0,1,2,10,378,,0,0.178,0
cxf,388b202bc40a4697eb619ceaa6c651e5dd1cfc01,1,8,1,20,0,0.0,1,5,12,379,,0,4.341,0
cxf,c14acde99ea206151780093ff09da1bf5ddc905b,1,2,2,16,0,0.0,1,2,39,248,,0,0.831,0
cxf,57a8a8841ba4fcde6e8d782b48f2c73a8a20d32c,5,2,34,6,0,0.0,5,1,1032,230,,0,4.587,0
cxf,782371e380d2974881b4158d7809c77a6edd7724,42,1,1228,2,1,0.0008,12,1,4064,109,,0,22.942,0
cxf,1522fb246e4ccf1bb5359b34cfef79a9be37cfb6,4,1,3,2,0,0.0,3,1,11,5,,0,2.93,0
cxf,de5916a0ad7d5fa43ddde930f6572d56948691bd,1,8,1,1140,0,0.0,1,3,2,2168,,0,2.496,0
cxf,83b4f6844e8c071697c620a9543723e1c35930d4,2,1,4,1,0,0.0,2,1,281,1,,0,1.337,0
cxf,0fdcd4316f3fc44d3a323ed2a37151cf103b94bb,47,1,88,1,1,0.0114,10,1,3367,2,,0,11.201,0
cxf,e63890f7b191954dadeac929213c15a4566e079e,2,1,10,1,0,0.0,1,1,209,6,,0,0.173,0
cxf,804addfd6f85a589ae4ad930b30207b7eccff5a3,3,1,14,2,0,0.0,3,1,226,201,,0,1.087,0
cxf,3984faac0a3b4870f14b3aa43f1fdee3b7a63fd4,1,1,2,1,0,0.0,1,1,198,6,,0,0.192,0
cxf,786c42004971817f0eb406a5a934685c6574b007,3,1,18,2,0,0.0,3,1,373,4,,0,3.948,0
cxf,00a73dd200ee6b2df2bba96738b0641e4f59daf9,15,1,37,2,0,0.0,5,1,1101,124,,0,7.384,0
cxf,54b037ebca67a6108cf6dfb8dd78ac69c2174914,1,2,1,3,0,0.0,1,1,11,133,,0,0.019,0
cxf,03c608de6446f5a27e282ebfeb509daac8938fb5,1,1,3,4,0,0.0,1,1,4,59,,0,0.073,0
cxf,dfabb48baf89bb6728d7558938434bbad3a6c374,2,1,3,1,0,0.0,1,1,62,2,,0,0.601,0
cxf,f09bff99904c503b9630edd8ab10ca2b869ecc9b,1,1,1,20,0,0.0,1,1,6,1241,,0,0.332,0
cxf,031502b34abbdda1da06c20a256822167177c75d,5,1,6,3,0,0.0,2,1,72,15,,0,0.3,0
cxf,529a403a438210955ce5f4f75043f2587e81aabd,4,1,15,2,0,0.0,2,1,388,16,,0,1.014,0
cxf,f7cec5425861eff7eb69fb794a07e16e32e617ec,7,1,18,3,0,0.0,3,1,413,54,,0,4.543,0
cxf,4fa41c23cd766033545c24d64ce09b302abdc179,10,2,87,2,0,0.0,3,1,887,158,,0,0.999,0
cxf,a8a7fb40118154fd8f68a8f8c5faf7b218de04a4,2,1,1,1,0,0.0,2,1,18,4,,0,0.658,0
cxf,160eebb571d26d367b9e185a98c83d317bcd8321,6,1,18,5,0,0.0,3,1,162,112,,0,4.842,0
cxf,c50fcb670f9102bfed5e494ef8562afdd227a417,1,1,3,1,0,0.0,1,1,49,8,,0,0.593,0
cxf,fa404273d5272e069b92573a8d27f8f03da30f1e,1,8,2,20,2,0.1,1,4,8,77,,0,3.071,0
cxf,f8a3ab807c60ef7b7dc3047ff61410a5b76645ec,1,1,2,1,0,0.0,1,1,103,4,,0,0.062,0
cxf,472c37bcab01a476d283608a593484f308c39fc5,1,1,1,2,0,0.0,1,1,4,22,,0,0.098,0
cxf,cc3565f3e7737d6e4b048de5a14374afe1e8db54,1,9,3,89,1,0.011,1,3,12,955,,0,0.683,0
cxf,4a663dbab187172d809045c715c935349e4a110c,1,9,2,298,1,0.0033,1,1,33,2744,,0,0.161,0
cxf,d86a5597ae16fcf3df70e90982c762d6728a26f1,1,1,6,1,0,0.0,1,1,45,6,,0,0.758,0
cxf,da07e67588333ce6793f5f008400f74c0c94c582,1,1,2,1,0,0.0,1,1,80,8,,0,0.775,0
cxf,4be7044693681d6263658821ff620ba1cd8ec62b,1,1,2,5,0,0.0,1,1,19,113,,0,0.223,0
cxf,20663ce50eb1210cfbfa765dfadefe702c6ed920,126,5,470,2,0,0.0,10,2,12879,100,,0,45.875,0
cxf,c7d1969c140f014b4171081399daeed6800fad9c,144,1,468,2,0,0.0,10,1,12606,26,,0,47.061,0
cxf,daf48cacd16f1e20f5fb1b4658a3ba916c43b6a4,1,1,2,2,0,0.0,1,1,101,19,,0,0.058,0
cxf,cb14bf9ac392a7936aff08d7e54dd12720f8e733,3,41,0,123,0,0.0,2,5,0,6866,,0,6.97,0
cxf,1f430d4c717ade779a23489e3d07d4311bbc21a2,5,12,31,12,0,0.0,1,4,4145,221,,0,2.037,0
cxf,8f38958d75d23edb9b711b6d9c77e663091412ab,2,33,0,84,0,0.0,2,9,0,1706,,0,15.123,0
cxf,c0efcafeaccad55ef3c2326e7147468edf9dbdd8,1,3,2,2,0,0.0,1,1,96,26,,0,0.207,0
cxf,a07135b12c37a406d29a8398330214ef8cc4b7d9,2,6,21,7,0,0.0,1,1,3522,141,,0,2.894,0
cxf,a6e8702a05fc642231abaaa6ac131360bb030fda,1,1,21,9,0,0.0,1,1,3522,18,,0,4.052,0
cxf,eec3cd484749630e599732a082e45d60ef1d10d7,1,194,0,981,0,0.0,1,15,0,13447,,0,34.817,0
cxf,0dc7db7aa48f36235f33ff1e7281bec525222903,1,1,1,1,1,1.0,1,1,0,6,,0,0.563,0
curator,1d6891a9d6dbfc97988c6e51520240c96e6e9394,4,1,10,5,0,0.0,1,1,50,47,,0,10.82,0
curator,2d54d92e106b748d2da1451f5cbe42127441c9e7,3,1,10,1,1,0.1,1,1,50,12,,0,22.97,0
curator,35bd0cbe26dfc52bdc0a22ab49dd7b7d94d65f28,2,3,10,1,0,0.0,1,1,50,12,,0,4.487,0
curator,192d598f1b53e6f7373f85d54488236046cd5ea2,2,1,1,2,0,0.0,1,1,27,6,,0,2.028,0
curator,629486ff647deb66831831e1e13845d3b62d0a5b,5,1,4,2,0,0.0,1,1,86,5,,0,0.08,0
curator,1d0c6f288107e024533aaa98279802f4d8081172,4,1,4,1,0,0.0,1,1,86,16,,0,0.306,0
curator,e73b0349b53ae6bbc4c684821204ac699017946d,3,2,2,3,0,0.0,2,1,75,74,,0,9.954,0
curator,7b19bf7403e733937c8365dfe91a23edfa393658,4,1,60,1,0,0.0,2,1,4156,56,,0,16.795,0
curator,55a6d929030b005c35d31b937de92f4edebdf7e8,1,1,11,11,11,1.0,1,1,448,448,,0,23.609,0
curator,0ec8b4475f1969b191a080c2453405ceaf0a7a70,8,1,3,1,0,0.0,5,1,15,4,,0,3.033,0
curator,022a02aad00e18f3f486d425b6438d100f100c44,7,1,3,1,0,0.0,5,1,15,144,,0,29.948,0
curator,2d33782265103a8fc5af24613c4856523084650d,6,2,5,1,1,0.2,5,2,83,2,,0,23.791,0
curator,20223ad901df4dc11910dd25f2550d2c2364a194,2,1,1,1,0,0.0,2,1,1,12,,0,12.075,0
curator,db399d4194b55a2b2af7f8c454002f8a11400b87,4,1,18,3,0,0.0,3,1,0,70,,0,15.197,0
curator,1cd08fe6b11fd2b12cf05f0c1aa5c7d59a6c7acc,1,12,1,24,1,0.0417,1,5,2,551,,0,90.945,0
curator,c670844a8c5bdaec94ca4b7becea5df734cf5a47,2,1,1,17,0,0.0,2,1,1,510,,0,14.99,0
curator,a3514d87b1036716e5dc9877c9980fdd81440458,9,1,13,5,5,0.3846,4,1,98,10,,0,70.605,0
curator,6f0f5f2d47294c0f923ae6d004296e6e3c8e11a7,5,2,11,1,0,0.0,1,2,36,43,,0,46.047,0
curator,15527554bc38f981d8391a7d5bc976e25a4c043d,141,1,103,1,1,0.0097,18,1,3738,1,,0,374.416,0
curator,e11279d4b5d42c9cff5cffc03c5b060d868833b4,96,2,80,16,2,0.0213,10,1,3075,107,pom.xml,0,161.412,1
curator,aa5f1615f7f9590484e955e1fdc125a53b50f6ae,4,2,6,1,0,0.0,2,1,128,4,,0,5.346,0
curator,0a00aca63392f258426925ed5837d8d54e2959fd,19,2,41,4,1,0.0227,1,1,1765,98,,0,48.926,0
curator,48bd7670af41e1f5d33f77467c9ed54a73a2210e,8,8,24,17,1,0.025,1,1,688,1119,,0,13.38,0
curator,973cb0ba6825efca27095e56948af6a3c8455abe,1,7,1,24,0,0.0,1,1,5,688,,0,28.814,0
curator,22c028f56bafc90d2a9a85caf5b16d3ff3504ff7,1,3,2,5,0,0.0,1,1,70,117,,0,0.314,0
curator,647f278cdd1661d88b95356782e172ba0624dffe,1,1,5,5,5,1.0,1,1,117,117,,0,0.134,0
curator,2a9f04aa3eb0f7d0a97e5810afa22feb58a84f06,4,14,5,4,0,0.0,2,3,100,503,,0,0.731,0
curator,b6cabde8e987fae8033bbed0e6cc76507ae4173f,17,3,10,5,0,0.0,1,2,112,100,,0,0.076,0
curator,2d4aa5778aaca926e59e3fd3dcec6c46e4fbe1b4,49,7,26,2,0,0.0,9,1,791,67,,0,121.448,0
curator,5b15f5fab8f444c1a66ef2d5550254ffaa1cfaff,5,7,2,1,0,0.0,2,1,436,4,,0,0.039,0
curator,f6868f4dd76d3ba556268a96a295dc61e161b235,12,4,10,2,0,0.0,1,2,109,436,,0,0.61,0
curator,f49a6d10748ee9ad8bbc951fa9bea92e4ebbf6a8,16,2,13,2,0,0.0,3,1,145,77,,0,3.215,0
curator,a17d3af9ad618571f40844cf78beb7398e4a0241,6,3,8,1,1,0.125,2,2,101,70,,0,0.27,0
curator,a0f5f6eccbbc7483bf4a9b9165e0ea8d64c3999b,9,1,6,2,0,0.0,3,1,114,52,,0,3.185,0
curator,771e9a4cde4f8af913db934db01b93460ac97ebc,1,1,1,1,0,0.0,1,1,70,1,,0,0.364,0
curator,388787c838cb2e6e0b755b576eb958257e2cef22,15,2,10,2,0,0.0,6,1,175,436,,0,23.584,0
curator,caf2a9d81a333154a0d36fcea1a624d4e00df3e1,5,1,9,1,1,0.1111,1,1,36,70,curator-framework/src/test/java/org/apache/curator/framework/imps/TestFrameworkEdges.java,1,0.417,1
curator,173183420688875c6e627260ffb4efbbdc48227c,5,5,8,2,1,0.1111,1,1,54,30,,0,0.655,0
curator,2adccc54976ce028d8cfe4bf1e7ac6c404829e78,1,3,1,1,0,0.0,1,1,2,29,,0,0.343,0
curator,85161ab33b36e2f42b00bd4c27d158f8183f2835,1,3,1,1,0,0.0,1,1,2,29,,0,0.343,0
curator,26fcc3cf240656957c813acfa5d31db4b28e70c6,3,1,2,1,0,0.0,2,1,58,3,,0,57.844,0
curator,36592e7e3dc9e3d8f478875d89badc9643861082,1,1,0,2,0,0.0,1,1,0,58,,0,57.844,0
curator,d4547b4f49bd4599ad89c26998b3391c270587b3,13,7,8,6,3,0.2727,2,2,161,98,,0,3.033,0
curator,c097e4b3f591c22b72c28a9c28d4e8d97d45e037,9,2,6,2,1,0.1429,2,1,150,12,,0,0.003,0
curator,4d87380a3cb6d321a67b1363655267ed5fc1b57d,7,2,6,4,1,0.1111,2,1,146,22,,0,0.007,0
curator,6f5c5f3f6760df70e0fa9c1a0f77e2708150c5eb,6,1,6,3,0,0.0,2,1,146,57,,0,12.859,0
curator,d976c5096fd8e8c36ddb52cf45e1a8fd86aeed19,4,1,5,1,0,0.0,2,1,142,44,,0,34.003,0
curator,cfea1fb07bba7d367edd4a30fac35d31d9a1dd6d,4,1,5,5,0,0.0,2,1,142,58,,0,34.003,0
curator,a1f620efe00916db168c7405a46b32dfe89a9965,23,1,17,3,0,0.0,6,1,474,10,,0,105.974,0
curator,9383aa3e91b1e01743ec2cff20f5fd68a66b83c1,2,8,0,4,0,0.0,1,3,0,140,,0,88.382,0
curator,3ce2948908e9ba9e5401de0cc86562914dfb877b,6,1,2,2,0,0.0,1,1,73,67,,0,47.3,0
curator,f57206d6bd1744a71f7416438e010775f2e50adb,2,6,10,1,0,0.0,1,2,32,126,,0,8.424,0
curator,f54ed8c4dcbdee20aeaf4dcb242efce784d09475,1,5,1,1,0,0.0,1,2,4,126,,0,41.288,0
curator,1fade17a26b0b1e7d630f5b5ffbab298ecf5f1d6,9,6,8,3,0,0.0,3,1,163,87,,0,82.191,0
curator,de4432e84c1d0e8cdf84e5f404a70c8abbe99de6,5,2,6,2,0,0.0,3,1,96,67,,0,69.541,0
curator,97ddf919b120650183bbadbf4348564a643c994a,2,2,1,5,0,0.0,1,2,29,67,,0,69.531,0
curator,6ba4de36d4e8b2b65d45c005a6a92dd85c3c497f,8,2,2,2,0,0.0,2,1,175,50,,0,62.666,0
curator,dccbd7ac3838a5123441ab41ee6a28212876286d,3,3,0,2,0,0.0,1,1,0,63,,0,23.023,0
curator,4194c07aa72c2c05f1c11cabc1af25e0c5c3fedd,2,1,10,1,0,0.0,1,1,32,67,,0,0.294,0
curator,31d7f9a2040975dee08cb685d61cceb7015f9e32,14,15,24,56,4,0.0526,1,1,231,1801,src/site/confluence/compatibility.confluence,0,0.081,1
curator,b57f9ef65c1c0fcf948da3f9d66e31c74d5e3db9,10,2,22,2,1,0.0435,1,2,159,19,pom.xml,0,0.249,1
curator,63f83104d8b7fc086ad92ba166ce58e1897646be,13,2,55,2,1,0.0179,1,2,1796,19,,0,0.249,0
curator,334950f6188fe646a4588fd5aafd46e1525686d2,12,1,57,135,3,0.0159,1,1,1824,66053,src/site/confluence/index.confluence;src/site/site.xml,0,2.483,1
curator,d3aaddefceaf659cb32d865ead1cd3e294f2fddb,5,1,22,135,4,0.0261,1,1,154,66053,,0,2.483,1
curator,81fc3d9b29ddef501919b6a4166afeae3613cbc5,23,3,14,2,0,0.0,1,1,970,111,,0,1.674,0
curator,7a60af0dddbf1e547ddb7448ce99e14341413ef0,22,5,14,5,0,0.0,1,1,970,181,,0,2.884,0
curator,ddf4cb281e61c6fb0a25ea68331e1b4599e4bb20,1,86,2,162,1,0.0061,1,13,72,12041,,0,137.693,0
curator,666b175228d7e642d1b0bbf049119a628501900e,1,1,2,2,1,0.3333,1,1,18,15,curator-x-async/src/test/java/org/apache/curator/x/async/TestBasicOperations.java,1,1.154,1
curator,84191f3d46d015cb49ebebb42fddc1019b3db6c3,18,1,15,1,1,0.0667,1,1,1092,132,,0,0.958,0
curator,2ab172a45722efb08e85b6b4d230d9d04b4ce15b,9,1,12,2,0,0.0,1,1,723,9,,0,0.159,0
curator,ecbd386645e015a72929ce37f33772c7b5efb3d1,6,1,14,5,5,0.3571,1,1,848,138,,0,0.428,0
curator,1784a7c68982bae8bed471d92464168f87b0fceb,1,1,18,3,1,0.05,1,1,969,34,,0,2.458,0
curator,34be09a44c7a941a95245a5bc31a11771e4f7e86,10,1,115,1,1,0.0087,2,1,9703,5,,0,29.63,0
curator,3b9d60626bd5f469dbe0be37a4f952ed2f7dd15e,3,5,5,3,0,0.0,1,2,125,150,,0,2.673,0
curator,174faef5f0de10626c616d2a25eb9fb1e5572966,456,1,380,3,2,0.0052,19,1,29894,148,,0,141.552,0
curator,c086d0a82885155c3df624916f397e686857ee9f,1,1,6,1,0,0.0,1,1,532,2,,0,18.228,0
curator,32a7755b85255a7a49d911fd9f315a9a394d51ba,1,1,1,4,0,0.0,1,1,26,28,,0,2.208,0
curator,ed3082ecfebc332ba96da7a5bda4508a1985db6e,412,4,272,3,1,0.0036,11,3,19927,82,,0,12.008,0
curator,abaabb5f65c2161f77527165a15d2420f6c88219,8,1,4,2,1,0.2,3,1,28,75,,0,35.529,0
curator,da7f18c618eb51e6aaaff7b10f79240cefaf0183,13,3,14,1,1,0.0714,1,1,787,6,curator-recipes/src/main/java/org/apache/curator/framework/recipes/nodes/PersistentNode.java,1,2.837,1
curator,00ffe77951a88ea12c60a506a9beff1ae78de300,394,2,264,1,1,0.0038,11,1,19269,6,,0,14.089,0
curator,e3fec5bc7fcd1091c3f07317039d1d5ed20f2d66,12,5,14,2,1,0.0667,1,2,787,6,,0,13.931,0
curator,1939389e2c072d85385ff8134c26fde3e19437a4,3,1,1,1,0,0.0,1,1,4,2,,0,12.024,0
curator,191aca247dc17d7657a3aaf2c678d29036e992cb,391,2,264,1,0,0.0,11,1,19267,4,,0,2.499,0
curator,649e490de01a5f440e00b22a69604df49e424242,1,2,1,1,0,0.0,1,1,4,11,,0,14.112,0
curator,1826b66d72f6e543a57aaf5f3acc3cd9ca6e965d,10,142,12,118,3,0.0236,1,15,711,6538,curator-framework/src/main/java/org/apache/curator/framework/imps/CreateBuilderImpl.java;curator-recipes/src/main/java/org/apache/curator/framework/recipes/nodes/PersistentNode.java,1,165.625,1
curator,b3939acd47b6198930812236678ceae6f6f6a7af,390,2,264,1,1,0.0038,10,1,19267,11,,0,11.613,0
curator,7d089ef5649e0d1052a188e3aaeb883c0a9a1cc1,9,1,6,1,0,0.0,4,1,87,11,,0,21.938,0
curator,6d41d4a8025a8c982fc8fbd1c92b5cd9a3e3dacc,389,3,264,2,1,0.0038,10,1,19267,62,,0,1.977,0
curator,2672049482abea4fba1354e7e583e197cdc5c61e,8,2,6,2,0,0.0,5,1,86,62,,0,17.487,0
curator,850b6e4e427028aa6366cd51d524570a10343a97,388,5,264,3,1,0.0038,10,3,19267,20,,0,6.65,0
curator,0e23fbac1be51df269f1b396af03980f8a614cab,387,1,264,1,1,0.0038,10,1,19264,5,curator-client/src/main/java/org/apache/curator/ensemble/fixed/FixedEnsembleProvider.java,1,2.03,1
curator,7d44baee3d87890b67fc4900f204bb5111368079,386,4,264,11,11,0.0417,10,3,19264,93,curator-client/pom.xml;curator-examples/pom.xml;curator-framework/pom.xml;curator-recipes/pom.xml;curator-test/pom.xml;curator-x-discovery-server/pom.xml;curator-x-discovery/pom.xml;curator-x-rpc/pom.xml;pom.xml,0,8.982,1
curator,d7a65ad5e90c26cb487fe864146b01277dd8cc1a,382,10,264,3,2,0.0075,10,2,19092,178,curator-client/src/main/java/org/apache/curator/ConnectionState.java,1,35.862,1
curator,e2aef818200b42bd289f5b1fb84ce45220cc99d4,2,1,0,1,0,0.0,1,1,0,1,,0,21.529,0
curator,585e1499d22a995b313bba9d32bd7a605faef5da,1,5,0,3,0,0.0,1,1,0,179,,0,23.494,0
curator,24ba3c2745c5fd6e4eaeba2cd2f31f7caeeccf65,41,38,77,22,1,0.0102,1,6,5365,643,,0,30.483,0
curator,8363692841ea46caebd25f7fe8e61b5bc8295bab,338,5,205,5,0,0.0,10,2,13728,193,,0,7.321,0
curator,8fe1e2699feea9efea0029af5f6961b2b67318a3,133,1,118,6,0,0.0,23,1,4886,204,,0,452.512,0
curator,8e7fbac86dfe14f18a540a6a10c75f5bfe74120a,337,6,205,5,5,0.0244,10,1,13728,142,curator-test/pom.xml,0,4.052,1
curator,a47ab1e1d685fd1792ffd8d4e01412c91bb3dbe2,17,4,12,5,1,0.0625,5,1,176,142,,0,27.902,0
curator,5cf7d050fa9905332e358cfaeb93d2e739d158a0,335,1,205,1,0,0.0,10,1,13717,28,,0,0.678,0
curator,540cd28a33bccc6423765851631a02dcd974b89f,334,1,206,5,5,0.0243,10,1,13733,35,curator-client/src/main/java/org/apache/curator/utils/DebugUtils.java;curator-recipes/src/test/java/org/apache/curator/framework/recipes/leader/TestLeaderSelector.java;curator-test/src/main/java/org/apache/curator/test/BaseClassForTests.java,1,2.228,1
curator,90b39dd87ce8e96dc4d25633960ec7583d33b3d6,331,3,205,1,1,0.0049,10,1,13653,14,,0,0.125,0
curator,0ad09eb4657861fece9fa4c12c87991a710eaac1,1,1,0,1,0,0.0,1,1,0,14,,0,0.124,0
curator,770aa411d00f97ce6040f2b4182d6f0fe744262d,330,5,205,1,1,0.0049,10,2,13653,5,curator-recipes/src/main/java/org/apache/curator/framework/recipes/nodes/PersistentNode.java,1,1.09,1
curator,144977f8bc94115fac53163f81310aff0d50c78d,14,3,16,1,0,0.0,4,1,269,5,,0,32.599,0
curator,b58cfd068dbe4771f83365124693049b6051f63e,329,1,205,3,1,0.0048,10,1,13653,19,,0,0.359,0
curator,da48ef388f6153e66d251121854bb0faae77a3ec,328,5,205,2,2,0.0098,10,3,13652,79,curator-recipes/src/main/java/org/apache/curator/framework/recipes/cache/TreeCache.java;curator-recipes/src/main/java/org/apache/curator/framework/recipes/locks/InterProcessSemaphoreMutex.java,1,19.581,1
curator,d3bccce4e4a03591ca33c2f8ae56a1abf6cbc9b6,2,1,0,1,0,0.0,1,1,0,12,,0,3.447,0
curator,5cdfb5bcdb352e352c45d5cccda7c74aecfb0bd7,1,1,0,1,0,0.0,1,1,0,67,,0,19.569,0
curator,67cebe5c243b7e87a0cb475c909d907435f5d427,325,7,205,11,10,0.0485,9,1,13652,171,curator-client/pom.xml;curator-examples/pom.xml;curator-framework/pom.xml;curator-recipes/pom.xml;curator-test/pom.xml;curator-x-discovery-server/pom.xml;curator-x-discovery/pom.xml;curator-x-rpc/pom.xml;pom.xml,0,12.575,1
curator,0a3e8490b64ad8466989726ac6215b357fed3152,5,4,9,5,0,0.0,1,3,32,96,,0,35.116,0
curator,140342045e15876e610d5adee5eda5723d00f09d,1,2,2,4,2,0.5,1,2,36,48,,0,15.866,0
curator,9643542c7880120ffe7332a0fe82eefca1504108,3,7,9,5,0,0.0,1,3,34,96,,0,27.059,0
curator,adcaf340f32755f063d50eef6baf7b0740eb7e40,320,1,205,2,0,0.0,9,1,13650,12,,0,7.082,0
curator,e6ed99965b6df91607b2505a3784780e51fa8c53,319,1,205,2,2,0.0098,9,1,13650,36,curator-test/src/main/java/org/apache/curator/test/QuorumConfigBuilder.java,1,8.784,1
curator,60d24c2c982ef185ac10d08d01a7eca8f6d57e61,318,2,205,1,0,0.0,9,1,13650,48,,0,19.25,0
curator,905b062b370c3cff399f3f726a6d74ab44d7618e,317,1,205,1,1,0.0049,9,1,13650,18,curator-client/src/main/java/org/apache/curator/ConnectionState.java,1,6.474,1
curator,786d69587d183250b4108a9e18898ad4b2e94659,1,5,4,26,1,0.0345,1,4,223,664,curator-framework/src/main/java/org/apache/curator/framework/imps/CreateBuilderImpl.java,1,43.363,1
curator,d8798c21de10926cecd2ffc11f1ed7ce695c330a,316,3,210,23,22,0.1043,9,3,14075,537,curator-client/src/main/java/org/apache/curator/ConnectionState.java;curator-client/src/main/java/org/apache/curator/CuratorZookeeperClient.java;curator-client/src/main/java/org/apache/curator/RetryLoop.java;curator-framework/src/main/java/org/apache/curator/framework/imps/BackgroundSyncImpl.java;curator-framework/src/main/java/org/apache/curator/framework/imps/CreateBuilderImpl.java;curator-framework/src/main/java/org/apache/curator/framework/imps/ExistsBuilderImpl.java;curator-framework/src/main/java/org/apache/curator/framework/imps/GetACLBuilderImpl.java;curator-framework/src/main/java/org/apache/curator/framework/imps/GetChildrenBuilderImpl.java;curator-framework/src/main/java/org/apache/curator/framework/imps/GetDataBuilderImpl.java;curator-framework/src/main/java/org/apache/curator/framework/imps/SetACLBuilderImpl.java;curator-framework/src/main/java/org/apache/curator/framework/imps/SetDataBuilderImpl.java;curator-framework/src/main/java/org/apache/curator/framework/imps/SyncBuilderImpl.java,1,19.618,1
curator,b51bb01176940896cad5408a453c524fcfe0fc49,1,1,1,20,0,0.0,1,1,26,453,,0,50.52,0
curator,693211e4141cef1e7f122edf677a60c6c7c5aeec,314,1,205,1,0,0.0,8,1,13639,26,,0,37.363,0
curator,9e400bc8620430c245db86d08bafafe2ecb8534f,310,2,205,3,3,0.0146,8,2,13526,132,curator-recipes/src/main/java/org/apache/curator/framework/recipes/shared/SharedValue.java;curator-recipes/src/test/java/org/apache/curator/framework/recipes/shared/TestSharedCount.java;pom.xml,1,33.491,1
curator,ff169d6e8da4740c254fb18a742f90ab012c3b4b,307,2,205,2,1,0.0049,7,2,13523,53,curator-recipes/src/main/java/org/apache/curator/framework/recipes/cache/TreeCache.java,1,42.965,1
curator,37d2b2b0e1e22d9ab674ecba2a223ff6fcaa825f,304,7,205,1,1,0.0049,7,1,13523,21,curator-recipes/src/test/java/org/apache/curator/framework/recipes/cache/TestPathChildrenCache.java,1,0.077,1
curator,d828dc0a1e69e111164e7213c8d52669926d3123,303,4,205,1,1,0.0049,7,1,13523,6,,0,0.032,0
curator,d94a54f7814b4de90c95867a3495c0755ef3646c,302,5,205,2,2,0.0098,7,2,13522,52,curator-recipes/src/test/java/org/apache/curator/framework/recipes/cache/TestTreeCache.java,1,12.005,1
curator,64767734acfa7908f27cb77a61db87ce1dea9372,4,1,2,2,0,0.0,2,1,191,52,,0,5.013,0
curator,31a824198a24cc0a681db5cc3fe1029cd6f823d2,6,2,4,3,0,0.0,1,1,64,6,,0,8.83,0
curator,d27a70c283cfd2829b96147c8670a1e7dd59659e,292,9,205,11,11,0.0537,7,2,13483,223,curator-client/pom.xml;curator-examples/pom.xml;curator-framework/pom.xml;curator-recipes/pom.xml;curator-recipes/src/main/java/org/apache/curator/framework/recipes/locks/InterProcessSemaphoreV2.java;curator-recipes/src/test/java/org/apache/curator/framework/recipes/locks/TestInterProcessSemaphore.java;curator-test/pom.xml;curator-x-discovery-server/pom.xml;curator-x-discovery/pom.xml;curator-x-rpc/pom.xml;pom.xml,1,7.796,1
curator,eefdf8ee93ae9708ac52711e4981a2925bba2c40,283,3,205,11,10,0.0485,7,2,13260,56,curator-client/pom.xml;curator-examples/pom.xml;curator-framework/pom.xml;curator-recipes/pom.xml;curator-test/pom.xml;curator-x-discovery-server/pom.xml;curator-x-discovery/pom.xml;curator-x-rpc/pom.xml;pom.xml,0,1.197,1
curator,bd0792376b80de02c7524cb913065543885586ab,1,1,9,1,0,0.0,1,1,34,25,,0,0.166,0
curator,5ff8aaae89f911316c3e4c2082cc5e780c8480ef,273,2,205,2,2,0.0098,7,2,13235,31,,0,0.016,0
curator,8f281eb5bf2d3d65f1c9c3dd1ea8d04188210f90,2,1,5,2,0,0.0,2,1,12,31,,0,1.784,0
curator,20c6955b1e3fb9af2cac6fd6a7056b7f8ff14904,272,2,205,5,0,0.0,7,2,13235,12,,0,1.784,0
curator,6ae3f8591f5e2b31d4b53ac734df231b20408a5b,23,1,40,5,0,0.0,7,1,1538,12,,0,103.178,0
curator,1735000d984ed9022c99b8f63698ad4f64a1e0ec,8,3,5,3,0,0.0,2,1,158,111,,0,3.037,0
curator,41a700429ad8cc57d96fe205164fbfc263673c22,266,2,202,2,2,0.0099,7,1,13123,45,curator-framework/src/test/java/org/apache/curator/framework/imps/TestFrameworkEdges.java,1,1.424,1
curator,d63e06e84190cde818f56a791b4738b2199d2db8,1,1,2,2,0,0.0,1,1,167,45,,0,0.855,0
curator,073ed35be1448f6fe8bd27adafb2afbb1f9a5ddc,265,1,202,2,2,0.0099,7,1,13152,167,curator-recipes/src/test/java/org/apache/curator/framework/recipes/cache/TestPathChildrenCache.java,1,0.855,1
curator,80c497c67d036ec7c7aa082334bd2aaa9204565d,264,2,202,1,0,0.0,7,1,13152,2,,0,0.754,0
curator,48e2c15b8c3e3e6e5de97858898aa757e213fb02,263,3,204,6,3,0.0145,7,2,13188,330,,0,11.336,0
curator,63a0d4550ebfaa2e29ddf719f8bfe9696cffc5ae,4,34,2,37,0,0.0,3,1,74,1922,,0,28.723,0
curator,29906f1ebb9130b91ec1d7034de9885af9f15d07,225,3,185,3,3,0.0162,7,3,11266,76,curator-framework/src/main/java/org/apache/curator/framework/api/CreateBuilder.java;curator-recipes/src/main/java/org/apache/curator/framework/recipes/locks/InterProcessSemaphoreV2.java;curator-recipes/src/test/java/org/apache/curator/framework/recipes/locks/TestInterProcessSemaphore.java,1,40.677,1
curator,168dfd7348cd5a66f411fcfdf51376cc8a08a515,1,1,1,2,0,0.0,1,1,2,74,,0,22.502,0
curator,e76eb590fddb5b363b3d40b76908d40f2a89ffc7,1,1,20,1,0,0.0,1,1,350,2,,0,22.328,0
curator,f7ef2f1e040818f71e2b6a25646fb0e2868a3bb8,221,2,184,2,2,0.0109,7,1,11010,37,,0,0.153,0
curator,88da05c03caffd022737d382fde07271aedda9df,220,4,184,3,0,0.0,7,3,11010,22,,0,21.35,0
curator,3d1fca23108fbb5840e544c3e68d9af2b71de949,6,3,24,3,0,0.0,1,2,859,22,,0,41.477,0
curator,062a7d750788a187f1d41df0bf0a6a5926a78d3a,219,6,181,24,19,0.1022,7,1,10914,859,curator-client/pom.xml;curator-examples/pom.xml;curator-framework/pom.xml;curator-framework/src/main/java/org/apache/curator/framework/imps/CreateBuilderImpl.java;curator-framework/src/main/java/org/apache/curator/framework/imps/DeleteBuilderImpl.java;curator-framework/src/main/java/org/apache/curator/framework/imps/ExistsBuilderImpl.java;curator-framework/src/main/java/org/apache/curator/framework/imps/GetACLBuilderImpl.java;curator-framework/src/main/java/org/apache/curator/framework/imps/GetChildrenBuilderImpl.java;curator-framework/src/main/java/org/apache/curator/framework/imps/GetDataBuilderImpl.java;curator-framework/src/main/java/org/apache/curator/framework/imps/SetACLBuilderImpl.java;curator-framework/src/main/java/org/apache/curator/framework/imps/SetDataBuilderImpl.java;curator-framework/src/main/java/org/apache/curator/framework/imps/SyncBuilderImpl.java;curator-framework/src/test/java/org/apache/curator/framework/imps/TestFrameworkBackground.java;curator-recipes/pom.xml;curator-test/pom.xml;curator-x-discovery-server/pom.xml;curator-x-discovery/pom.xml;curator-x-rpc/pom.xml;pom.xml,1,26.629,1
curator,fc7404585c455e33efad1df10e2086d880a7e2e9,4,1,10,2,1,0.0909,1,1,97,40,,0,0.769,0
curator,c43116a28fd0737a05754f9db3f3c1eec36329b3,2,2,9,3,0,0.0,1,1,32,43,,0,1.2,0
curator,b521b2ef27154e6e091ab7d3e800687881a8f12c,2,3,9,3,0,0.0,1,1,32,43,,0,1.201,0
curator,95bceae69f1235430179cbf71dacf93f6d3b6748,208,2,181,3,3,0.0166,7,1,10840,43,,0,1.2,0
curator,4c92edbc15bb69343089c918ed9dc9e8347f79d7,207,2,181,1,0,0.0,7,2,10840,4,,0,5.863,0
curator,567cac3a7fc08eec1b3092cbfea5be953830b6e9,28,1,64,1,0,0.0,4,1,1658,4,,0,36.261,0
mina-sshd,1cccb85e0ffa50fe6125353fa343b7c397e59f20,9,1,8,2,0,0.0,2,1,107,178,,0,12.915,0
mina-sshd,40a08a4fc4b469185b1dd4f7c90cdf8949dc0c80,5,1,339,1,0,0.0,3,1,16559,18,,0,13.535,0
mina-sshd,8de056871a5031ad52a86c607cd0bbf0c1a154e2,3,2,2,16,1,0.0588,2,1,27,36,,0,1.943,0
mina-sshd,4b40da32f21e014f5826105f817be26d2b7f9ef1,1,3,2,1,0,0.0,1,1,11,22,,0,4.27,0
mina-sshd,e754db9e2cfcfa5fbb8b75d1a845d8a9ef28e1ec,16,2,34,2,0,0.0,7,1,1113,39,,0,81.377,0
mina-sshd,f8a0aeca1596d1bd37ba3339ae1cc29721d52566,1,1,6,2,0,0.0,1,1,333,48,,0,16.571,0
mina-sshd,2309e0112290410bbe3696606f36907bc19ecff5,6,1,14,1,0,0.0,4,1,90,2,,0,40.917,0
mina-sshd,283c8d42a4c28d747231760ba2a770b5b3198a66,4,1,2,12,0,0.0,3,1,7,83,,0,40.916,0
mina-sshd,2b3b15c7c0b21827e3450eb65599c1053ce1c7dc,2,1,1,1,0,0.0,2,1,4,3,,0,40.914,0
mina-sshd,a6dad81f2627de3e3369ac0401f1bd2a40cdcfb2,2,1,14,1,0,0.0,1,1,638,4,,0,5.769,0
mina-sshd,340312c0663424a34149c8969dfe90c6f2b713e7,1,1,3,10,0,0.0,1,1,131,954,,0,6.486,0
mina-sshd,67c9a68b9ee7fbf6b3c19408fd69ae7b4ca41bdb,1,3,2,3,0,0.0,1,1,7,50,,0,4.882,0
mina-sshd,ef1399672f022f5e8a24a196fc9cb806c806201b,1,20,12,77,0,0.0,1,4,295,3601,,0,114.976,0
mina-sshd,18e8c98712a1146a6a753f93207665aa70cca1bf,150,1,388,1,1,0.0026,6,1,12193,2,,0,225.351,0
mina-sshd,d02fbcfd5c00dabdd756e20fd7c882bf7afd8ca5,86,1,157,3,1,0.0063,4,1,4512,13,,0,131.209,0
mina-sshd,2292042eff6e1bdc98f3bd99708d45c8eea83f6a,2,3,4,4,0,0.0,2,1,661,14,,0,0.956,0
mina-sshd,721f399bd919845a15e678336baabaed2bf068d5,4,4,145,2,0,0.0,2,3,1867,281,,0,5.961,0
mina-sshd,f029d162c2dc732dabfd4b25c5790def917cba77,54,1,262,1,0,0.0,5,1,6386,281,,0,94.788,0
mina-sshd,da410fcd5db042db9178f430fc7c8024819a5758,2,2,4,1,0,0.0,1,1,68,14,,0,13.396,0
mina-sshd,b82143f3ed920de7fa1fca78ed1ba540200fcb77,5,2,33,3,0,0.0,2,1,600,367,,0,50.388,0
