repo,merge,pca_1,pca_2,pca_3,pca_4,pca_5,lda_1,label
commons-lang,27e195c7f665160e0c61607ac2caa56f89cb45fe,-0.5012130889856864,-0.23957531467920215,-0.3115942949105694,-0.24512529289963444,0.14254277025576712,-0.30105455005535864,0
commons-lang,0311b67baed404b2b12f9ced753dbee7b5bca11f,-0.5018597068862207,-0.2417323774450052,-0.31054535161096813,-0.2466896880524437,0.14055613274290532,-0.30165588834656587,0
commons-lang,1a256d3e74dd547b0ec7ea3b4b31ce1039cff312,-0.5214229795506486,-0.17809328993012108,0.8107009823218397,0.7762751856460567,-0.08278463351572334,-0.14547593178131485,0
commons-lang,5fceb927149723bc6199d46f3a5f27675e65d9db,-0.4171072744304994,-0.04239734996336418,-0.23153568407105832,-0.3929315782618063,0.03411308934698411,-0.13942682124446004,0
commons-lang,b33448dd18cf76ac03d82e0da0c27fc521470312,-0.50396922067594,-0.24887501372270035,-0.30678807087023885,-0.25123219941928565,0.13726990354275304,-0.3036638222696584,0
commons-lang,b9bce16817a58756b287ae2b4403a961307b95f8,-0.4877655559497115,-0.22217129069693312,-0.3228983631665611,-0.230631620419263,0.15319262563947922,-0.2830718059617287,0
commons-lang,38f7109f4214300ae6eaf4bd76f5a7f1b2a10dc1,-0.49229807601439174,-0.20951915478290464,-0.3270619103311623,-0.22524017818787137,0.1603480079076711,-0.2926253951212524,0
commons-lang,f51d0615d034ae997611ac01fd4c79823122372b,-0.493200225270882,-0.2376536870330884,-0.31460670088317333,-0.2412565908895264,0.14227174983125707,-0.2928339798989528,0
commons-lang,225d1c8058f39e7bf42f2b77f75a8b88dae4e037,-0.49771860098791454,-0.2476739785646139,-0.3092264335705173,-0.24923193143080544,0.1327668130396676,-0.2949661584821087,0
commons-lang,2c68a657e19b8412fa1fe090b72d4910896fecc4,-0.5031529426872893,-0.24604650297661126,-0.3084474650117657,-0.24981847835806223,0.13658285771718173,-0.30285856492898033,0
commons-lang,efe894332c981836e8953b6f2ffc7e2891e8b155,-0.49500950072832606,-0.25394420523969874,-0.30742002049233813,-0.25100944847579854,0.13113272909865736,-0.2986880694218213,0
commons-lang,371f8c7a7767325658de405bd20d7697dc42e457,-0.49962133931384883,-0.2378177422471668,-0.31184541494247114,-0.24776266528999133,0.13071289028243305,-0.2972770930445989,0
commons-lang,91ce5ba318af40e9d9b37cfb301a4bb1bacd3ba2,0.06406611271381388,-0.4113715568176291,-0.24347420776893403,-0.2995892388797018,0.10935648573786286,-0.9374073547996956,0
commons-lang,ffc86e432bba72d9d54f09dd3f74b6cdb3c9198d,-0.5043686023203875,-0.25020731719569633,-0.3061401941263675,-0.2521984434842561,0.13604286272598545,-0.3040352370965805,0
commons-lang,d631b6c4875c428230d6eb606fa982e36b38fff9,-0.5030190901408133,-0.25071389277198985,-0.3063974984923718,-0.25186535110153563,0.13583296219051025,-0.3048642448736817,0
commons-lang,ad6890f9e63a5c08866725d65d3b216a82aeb5cc,-0.28875255289310836,0.29577140748225184,-0.20955891399864648,-0.49810038206708646,-0.1466464010128073,0.08072249777745921,0
commons-lang,c55d1f3ccb0a3631eecff63743c936ed9b8505a1,-0.5024682884396647,-0.24376255416576098,-0.3095581108584023,-0.24816205996097007,0.13868635626021186,-0.30222185379711386,0
commons-lang,7de27aa9ab457b5f1c2c6a5bb695e268d95c6a64,-0.4950669637545168,-0.21963660347344008,-0.3201279279775652,-0.23447891934857068,0.14937225640898577,-0.2940834183455828,0
commons-lang,c969f2c93ad296e999c0f837edb596c83989f177,-0.5029168278285101,-0.25032856000574644,-0.3065809545907615,-0.2515936002517651,0.13616817345792304,-0.30478336693724345,0
commons-lang,f66f39f817585a422692bdc01213790102d0e652,-0.4900956887335956,-0.21325625153589098,-0.32421531904274414,-0.23480752782927888,0.13107925634041287,-0.2921741262856966,0
commons-lang,a337fec4ce58ed03c416b5af03f593edb26f0a00,-0.2273877508700037,0.5371833667691239,0.13517989690917384,0.058392167725137355,0.14441890308610927,0.1863816091349409,0
commons-lang,5b59487808d0b86a94ad7a1ebd4c200e09b7be09,-0.44305770113821746,0.021087842166220592,0.8917732471851363,0.6285303481335381,-0.18442920118251765,0.0074449015095138515,0
commons-lang,2abb7d3a98ed88814c4867dc58e41432e85f96f4,-0.35539081279050105,-0.3068417844088456,-0.33036695309406033,-0.21744097761312206,0.14599665589018013,-0.22271754229633584,0
commons-lang,b02333396adcff6179074f6d71997eab1d6197c5,-0.5000936459725701,-0.2514875821233727,-0.3070155020655072,-0.2507623402233432,0.13783669211698854,-0.3024497473567001,0
commons-lang,98fa10a80243a40685437b684d885082fbb26302,-0.5030958881666538,-0.2458561739090404,-0.30854001883231874,-0.24968044349163787,0.13675814926243424,-0.30280550566799147,0
commons-lang,d7cdcc6a7114d8a8f99bfe05a081c5f1a3bbf215,-0.47986158710750004,-0.24974864101183397,-0.31192739553591653,-0.2489339460035354,0.11317746237965337,-0.268005217652609,0
commons-lang,bac2371b9ca2069ef7ba70bc9f4a315c46abf9c8,0.018846474681407255,1.4332582938804204,-1.0067471499653582,0.49611336669761646,0.5235447088202612,0.2866182605613067,0
commons-lang,248ec2e719b35570f2635cde69a00865388fe869,-0.49524105902491977,-0.24943856678290413,-0.30979627431038714,-0.24812190709305695,0.13488064047527198,-0.30809017362680247,0
commons-lang,f73fa2d3b399ba2f49c7af833a9bd70b36922c09,-0.6003513250751521,-0.07967203860022971,2.946507361742184,2.910841500969762,-0.5597912938215257,0.12417926157637058,0
commons-lang,a01e0621dcc7d88ec226044778881055949cef9b,-0.4975139315635447,-0.094294867035905,1.053449292863543,0.9673938901981721,-0.12603102150641707,-0.08259513716516934,0
commons-lang,064971c7feaeaa3286fab614921171a8fa8a4e92,-0.4999719345111012,-0.2408750235216519,-0.3102919112751379,-0.24920458405533838,0.13000946197171004,-0.30077160732708963,0
commons-lang,5e1f169cee3d19f83d9885eec0b4a0f4cd186ca5,-0.5029967560865087,-0.24632097540401196,-0.30838463896010676,-0.24987877332908046,0.1366842589875899,-0.30245729365025864,0
commons-lang,73c5a884da70bc40e7a17a7b9ebf5cc5223d7caa,-0.30090700647919333,0.26315248820825443,-0.20779509073704935,-0.483198906685321,-0.06680687705078442,0.05545653031966741,0
commons-lang,4c050914d980efc55562f8322d2f6e4f8ec863af,-0.32016368317405797,0.17635831195806184,-0.1618347692579497,-0.5321250613637801,-0.0861570326783628,0.03976628619053313,0
commons-lang,d69c9f3769e8714d20aee1e6c07f0fe2c633b519,-0.473579405974222,-0.2001153159317901,-0.33603245504009643,-0.2215007289259694,0.14436507105875038,-0.259134913214884,0
commons-lang,08d28f59526b058221be974e55dcf24ea0fbe0e7,-0.1712022026745015,0.514036146853629,0.14134931152723107,-0.5299397706862672,-0.16390319400492268,0.27819440499485165,0
commons-lang,6681a34d25b63a47c2d619ae0466825304ea9b1f,-0.37078706140677864,0.10843432946199795,0.03600768907918203,-0.12832151249247203,-0.05807239516278181,-0.042094945685991036,1
commons-lang,fb45bd7f2c1a8097eadb6b4a6bc9f16c03422a5b,-0.5025452209821114,-0.2509008780160562,-0.3064635602010255,-0.2516925957784109,0.13644783511420067,-0.3038546214521026,0
commons-lang,e852e8088e0485e2214efe0f10400aa9d931eaef,-0.4974809410769036,-0.252878962139691,-0.30699353899082643,-0.2515145078677067,0.13191534036925223,-0.2965908316583279,0
commons-lang,38d13dddadc2876fde6134e094f5eac8bc792614,-0.4923723824482446,-0.21151398040265673,-0.3231966033222038,-0.23935805645012476,0.11744296812026468,-0.28875070660772245,0
commons-lang,4a8aa9e7243e7df4e5ebca91b85209bd69c875fb,-0.4883767820739753,-0.2134799607507157,-0.32306262955315357,-0.23900276222750433,0.11654736451741322,-0.2800161784184848,0
commons-lang,4b621c8c031265e4ca1749474c701b198a54e587,-0.08260540965519782,0.8942598972692218,-0.30099809634329083,-0.5163958802581319,-0.4470316569832435,0.3974750277046975,0
commons-lang,c49dc4893fd48964e5b88eabe0c7854a15033b4f,-0.4238406804600785,-0.20207172047445682,0.8203981239371261,0.7675152116799017,-0.09635384536838991,-0.2440379917191375,0
commons-lang,69e3ba4188ae857eeb05a36a5e7b30fac344c905,-0.3177539183632782,0.20455133993527522,-0.17268735815949188,-0.5238164816561335,-0.09460239545682982,0.04150845395888486,0
commons-lang,8f579b4f3074b79c44771ce6c6dec1d253401f50,-0.49020261155655914,-0.23824272408232053,-0.31554542522212387,-0.24240814453769471,0.13278688351544213,-0.28260598773225254,0
commons-lang,977e1008fb13ddcf0465324426c38e96b6194553,-0.483833853296064,-0.2289970315860169,-0.31842689237425403,-0.24372004463705557,0.11378312893709361,-0.29951978401439866,0
commons-lang,535ec32c680a6581739a41bf97ecb8b8718c73b8,-0.5034133858031276,-0.11341096759607167,1.0609571538819833,0.9624950984712071,-0.11382740278687446,-0.09057075330430799,0
commons-lang,c8bfb687e4974e7514f51ff78e8aae75205c3735,-0.4931327364452598,-0.21415645937559813,-0.3228791739868809,-0.2303348811724046,0.1548523218444225,-0.29197172047470743,0
commons-lang,18ce3b473018d1d7da90c0b5b563c97bf030b1a4,-0.4992317972328625,-0.2521633148090895,-0.30688451185334525,-0.2502866743723677,0.1427419208169261,-0.2931136177231965,0
commons-lang,0a98b934d234782f33e71f762b66f1d8b79f0f8f,-0.5014398148264657,-0.25138207862394185,-0.3066586339819015,-0.2514875737963162,0.1358874394248884,-0.3051808867747835,0
commons-lang,2f28cef08f0668004d003f2695e9845f37c1f0ee,-0.40758845101804003,-0.011410960206730993,-0.24450152665024336,-0.3851586020621032,0.011412083043885399,-0.12670569766508288,0
commons-lang,be6501ef4af31302646012e31ea3bbc891b1032b,-0.49810253521413844,-0.22949077937560028,-0.31619174389825155,-0.2435307960807009,0.13044007189603873,-0.2967537812132707,0
netty,79fc7f96f6dbce637ab745ac90290455af21c54c,-0.08502041346898899,0.4147203630805309,-0.10816847569157498,-0.6624758739694988,-0.2619836898493391,0.12813154650701064,0
netty,64588eb53274d2d47979fa5b542d623e37843d93,23.985176182477414,-7.950957144356732,-0.5093599854871851,1.8264629199986968,4.82759377221616,10.897403975739156,1
netty,9c4eeaa32bdd7119d255c44b107647020f16f34e,1.0598537599912112,-0.5338880638654239,-0.4337280143236969,-0.04814620220598598,0.17560751653961693,0.10895195944617775,0
netty,76c2c06922f6749cbc8ac733925275e726caff0c,1.8138750162412356,1.4328731671350923,-0.17327336571730725,-0.4286794454021755,-0.007205805372826456,1.2592135587798583,0
netty,4b9c6f4582e43d0b8602c944ac1872169c431266,1.3367332273650534,0.178701573489602,-0.15162386763200267,-0.4946353168084343,-0.1790147467379466,0.6122836160664239,0
netty,9e67e9f43878692a8473af9774df627e68309a42,1.6495632100141118,0.9218599325379436,0.21658357336876283,-0.7533048158805522,-0.137006702236699,1.0864118941728131,1
netty,af11c51ce576c4ce1918f2e8e1a342a765ad9219,1.4240329097440094,0.3862222547598636,0.008014133188183876,-0.667630008394169,-0.24943969670710495,0.7711071442022364,1
netty,08abd189ce118b0adb9a67a64afe49eb66584b62,1.5276489238441646,0.7675974435330221,-0.13059586569665815,-0.5135937622914529,-0.17812587531863033,0.84889031549572,0
netty,3d0228a2d3ae407c65a0800365efc379711ccc50,1.3967517242625942,0.34239021288596555,0.12112316892847133,-0.7171894513854309,-0.19451740446419208,0.7143852567815614,0
netty,1cb45c608627e668d8dcc7f98833fa8a421d3d59,1.1081851727564311,-0.34984430841525016,-0.1451154741553994,-0.48137310893395524,-0.05256566522867748,0.24631807812415757,0
netty,18a444c220d878d65ff67e222aee55bc57389f72,22.88298869281586,-8.392980231195537,-1.3441467112226837,2.424630898430481,4.556367034597406,10.58326020220212,1
netty,6b99132f60d5cee2d5f797458427b48ccc037241,-0.27387912349387294,-0.1156940936280086,-0.2508982223853716,-0.3682885168512146,-0.004516738535938287,-0.2466649878495188,0
netty,464213c354cb21caa1bf13a43e3430160c8b00bf,1.1850127399164483,0.2400708299919782,-0.20994142813325303,-0.294531057801867,0.05281663397787183,0.5105422618355993,1
netty,ded5a30e026a32ff346bcf860eda72ed4fd65c19,0.9035544892110774,-0.5152344127758262,-0.2317759988448076,-0.329523861409709,0.07690882441612833,0.1311714503836588,0
netty,cf5cff8a3fc2f9d9a4181d5f0b06d0ad325605a0,2.116216201659334,2.815100412566965,-0.23342747769987826,-0.8088408911082636,-0.8225961415480486,2.0117541208690666,1
netty,06b0741189f9e39e5db533401047c0c8951fe789,20.95263864260694,-7.703594994027331,-1.2201457153776392,2.3730555609488504,5.06690728132162,9.189878623627045,1
netty,c9321a159a5d17216ca8122dd914394594674b51,0.004737307757822518,0.6931282654398271,-0.06219894794538005,-0.7805929472026761,-0.3855476810585945,0.34904090316097425,0
netty,f3c256ba68e061da02201d7353de0ec4b2d53c05,20.606430044034692,-7.829010094765908,-1.3156094899219648,2.546244654569569,5.2926277852698735,9.070979332482871,1
netty,dc1829a992d9c27139fe22501344d73a2e330cb3,1.5785472366502926,5.7474882703637835,-1.1945392499545502,0.11004545814876822,-0.3364618536907777,2.7514981328074803,0
netty,281298d55e5c67ffcd9bd151f1cfcbea395d1e28,1.8189680151719754,-0.5740294150777129,-0.45160768290022624,0.1036986156547578,0.3150379459830787,0.5266144395739699,0
netty,192cab05ca8207735ca1ea79901562b3f33a4cd8,19.957772023624184,-7.774090094285164,-1.46772996686284,2.67624094252067,5.5198809747569335,9.032730085821079,1
netty,4a578904993ca115bb92b2fc7a5e3c5cd94340a8,2.098021203287189,0.10312826458321887,0.06758483692534144,-0.7104775879766744,-0.3910600023696815,1.0904857035481783,0
commons-io,7a7e8a5f42686947f57f252577699c430970194b,-0.49184456532575965,-0.2207557901405873,-0.321908912158025,-0.22948094394095087,0.1634378092814737,-0.2920365442173368,0
commons-io,cfc7a99f43d3fee6c347b534b66c3f4178181cc5,-0.5015877011203073,-0.24125665026068904,-0.3096026890798861,-0.2501818391480391,0.12940133529600686,-0.3001902094346031,0
commons-io,b5bc19048c8de0dd9f813bbc0592d76983fbb18d,-0.4922920726992836,-0.2448391344154112,-0.31050555836108784,-0.24993135099792863,0.12125029342654423,-0.28375583105696467,0
commons-io,8b290be602ce34e58ac72e2e79340241d1b7c765,-0.3286649847130152,0.16831210681142586,-0.15600884460349865,-0.53920537941185,-0.08825344566583591,0.028762193803962277,0
commons-io,809c173c64cea583b329f87ed4394d68114ad1c2,-0.42047048420040717,-0.053827686505191624,-0.22540942989789542,-0.39994607799912507,0.030170004125467238,-0.14264680017581186,0
commons-io,121db2954f1dfac4ea1300a83d3f9527e8e28fd8,-0.29662999205284357,0.29519106422389096,0.45284728243518657,-0.060550814770455826,-0.16819667560632318,0.14938895064736285,0
commons-io,2350e6d82d86f8720cc7edcbbb114f35cfd67176,-0.6080988064477485,-0.07911896045397883,2.9492588155555475,2.9036122576832266,-0.5769256287317771,0.10945598487714045,0
commons-io,d23228f4a94bd070b0505e5a528da1413915c8a4,-0.4204442945822845,-0.05369612582904272,-0.22546948090221444,-0.39985837363792026,0.030271493332543323,-0.14263666792069207,0
commons-io,909dc0f9aa1874aafc2c6f54d11946199983a0d5,-0.14152934796010533,0.9827612693935791,-0.9725952336736877,0.4861566674976798,0.47418047398574903,0.04634731390685255,0
commons-io,e28f97685236891636342d386b63b7dd116fe846,-0.4798085914629236,-0.22958230889600664,-0.3197232938406733,-0.23710267271888472,0.13074356365871911,-0.25960562974439194,0
commons-io,4e2320ccec92ea06ffee4774eda0970fae372442,-0.49891306332326535,-0.2519850519842545,-0.30686571785166544,-0.25168232538589164,0.13218681613376437,-0.29605200056267067,0
commons-io,5d854f34cb0c602b119f1ff95ffdb6a812fdcca5,-0.4949322991717842,-0.24390759486737745,-0.3103954549019332,-0.24962165504903727,0.1249386896085288,-0.2932178209563907,0
commons-io,c722fe80b9df938cdb3d949428ce51fe12ee88a3,-0.5025517583547185,-0.25025977134681876,-0.3067164485219395,-0.2513432744253097,0.1367431324035743,-0.3040740524522282,0
commons-io,4efa8cf29a9f4a35bc6bd347bfe50070e2916b1f,-0.50436143087581,-0.25013919954207103,-0.30616939385716885,-0.2521567507451928,0.13608592141797735,-0.30404279126179035,0
commons-io,1dfa5367620b7bdf88c28add555c3ddc2be1d187,-0.4915741392976948,-0.2225211669810228,-0.3197340759589718,-0.2419308132083966,0.1192821421742893,-0.284586392725172,0
commons-io,0ee29cea53f9f541b9921cd8fe2ddfa75ce10277,-0.5016577312322715,-0.25122514297938503,-0.3066564544010923,-0.25152793983573707,0.13563843347812737,-0.30566801206524347,0
commons-io,72ae92deb39d4ce1586b9bf25ed2fd4104348b7f,-0.5014279680974981,-0.2513867532550435,-0.3066602855246179,-0.2514832549132381,0.13590281124798068,-0.30515564618924407,0
commons-io,1d4ede072a7729b6e4267f25dbaddc0b3b456fd2,-0.5028442936621625,-0.24545881906239167,-0.30877249317410593,-0.24931517330586656,0.13732088109894602,-0.3024292948702893,0
commons-io,2ca87c10c6849c891ef7d698b511278fc51dfe77,-0.4150194670665622,-0.03721719813855788,-0.2332941573437082,-0.393395113246074,0.024648292719252316,-0.13575698021846846,0
commons-io,44b355fca0c21f2e8f40757ee6a78a37d2807a20,-0.4587915702833821,-0.26815908839895525,-0.3114539325558408,-0.24801266468130906,0.1095107223534663,-0.2463606023516023,0
commons-io,2224df7b9de1dac7f1a809668c72b35412633c4d,-0.4940886457734234,-0.23559232351830053,-0.31478006007424414,-0.24428296160675145,0.13279753284453555,-0.2942197783803744,0
commons-io,82a8ef1b14a1055f777d24fac855080ca2893ea0,-0.4977361928314324,-0.2483639744206931,-0.3093664897234428,-0.2486356042511213,0.13563250809968236,-0.30604341703438803,0
commons-io,be60e48c4c673fb9a46e24ea4ade6bb45f44691d,-0.4164024937299495,-0.055225731762503505,-0.22581594671015373,-0.39985507552776395,0.02640699703855301,-0.13386992870546002,0
commons-io,86631315076f5d435c6c16630093ff78be15e39d,-0.4204396192978945,-0.05376891811376966,-0.22544193271412943,-0.3998957474939055,0.030243806463643677,-0.14260387316994275,0
commons-io,8ad6764d1e79e81ed37997706564ae28d268986c,-0.32819888094316696,0.17004376694397022,-0.15683522281761073,-0.5379803411463433,-0.08673730905093234,0.029138764810704224,0
commons-io,24e5af4917c0f23651c727aba9773212dd4a5db7,-0.5083115067439826,0.1323235847154411,3.0834444642486134,2.7161548051081223,-0.6465440365075157,0.2844666367727599,0
commons-io,b0b49492e08dcb0eb86facd7b74360175d221cfa,-0.4203566921951217,-0.05380164053148127,-0.22545349351314387,-0.3998655153123587,0.030351409225289505,-0.14242718907116642,0
commons-io,1bd12b55b019788c0cc58208ab7fde34d3d6b589,-0.3821990347041325,0.23235682090547816,1.5118765175084128,1.0082681745019508,-0.4139183002757056,0.23170043085071967,0
commons-io,7df58926b00e29c78a6df607ad9f75fada4b5ab5,-0.46504081002395314,0.03956234260024429,1.4291144923134855,1.1579859884268187,-0.3080159494966564,0.07135472890012404,0
commons-io,e751e2f8c34a4913f612fc42ced100b37abe2a4a,-0.49612816103244983,-0.22374064915691783,-0.31634422288853353,-0.24642038132537578,0.11578306916863679,-0.29258103204708663,0
commons-io,290d72eda9152d1e11b79d48453908ff3f6b9897,-0.4911886731205043,-0.22108587674656333,-0.32133779603321866,-0.23638423598110347,0.13556776137044096,-0.28542988511093315,0
commons-io,1a824eca1485f6106d8c5e439fe5fded6152a35b,-0.41452914347050285,0.024476647144949175,0.34445783840117,0.10947462220151938,-0.06230135646643204,-0.04900448536905054,0
commons-io,a01ac042ebb411836caf13fb85d2fbfb65e03c14,-0.49618432267618606,-0.1696669591319531,0.26303400274334077,0.2550541766993076,0.03096314004419913,-0.2091606527683252,0
commons-io,cfd4d86033e5cee159dc869ccb61aa3afe5fa015,-0.263790808234575,0.3850785416650541,0.06262164517695634,-0.2664579428162099,-0.17895201488032644,0.14606400107729908,0
commons-io,063463f51f401a9b31c2e1a795590e650f4a223a,-0.4989956064636562,-0.24782200360848589,-0.3091499458872542,-0.24889677171323157,0.1359930700887953,-0.3050452793237203,0
commons-io,6e615bb8ca57d6dd62928fa134192cdef7c7b08e,-0.4945171451789319,-0.2279448382846339,-0.3179861187289321,-0.24093926485975756,0.1325542683513697,-0.2974594882641033,0
commons-io,29dc5ea043959aac66829275641e48b89e9b4be3,-0.3130758543037482,-0.2994550970023641,-0.28870064013797714,-0.2634301076367838,0.13395291674773768,-0.518233401450602,0
commons-io,12453a3a65ff16a9f860b5465e78a2933195d03b,-0.498789658620649,-0.25254377355977004,-0.3070408601278171,-0.25075847087005126,0.1372976938686703,-0.30319308122658306,0
commons-io,7bd05817d027627a85c73d68566fbcebf8b70670,-0.3383165711677718,-0.24385022208534624,-0.15165491283757476,-0.17490556178970146,0.09571877732386515,-0.3569740749569267,0
commons-io,fe620a6a0466d54921cfe638db87e7d78eb21480,0.185290913398243,1.677159619117696,-0.413943195105016,-0.4050900696643879,-0.563297605507418,0.7667352397585266,0
commons-io,8247e9562e969128043d030b1cc555a1d0a150d6,-0.23838646446662,0.3702563990160121,-0.07913716477392563,-0.6816813003853291,-0.19114220318635702,0.201319784805842,0
commons-io,872db158a2e806c649122ee47d33ee5fd97c5e59,-0.4934639483993217,-0.21473049673319122,-0.3213014317534571,-0.24114568546327575,0.11753653846313969,-0.2899826559171816,0
commons-io,41817d3cea3ae7ce675ef9129b03229d738f68f5,-0.4670515350914501,-0.26471970549047524,-0.3101385375922415,-0.25023207072699827,0.10677183442882314,-0.2492334907756692,0
commons-io,b507d7e60b3593288990dd9f570ab87bfcc65e17,-0.48454078385383953,-0.203543631708807,0.05738265150159508,0.03570253327358026,0.08429303688630858,-0.24780057117132265,0
commons-io,e67946c81a55069dcd32dd588faa57dd1532455f,-0.37968312576163693,-0.22925502547018087,-0.3220111373805549,-0.2349703697676872,0.11881280884844099,-0.378348932401619,0
commons-io,c3471687e0dd5065ad7ad3878a71fcf5a921c9a3,-0.4942815958123796,-0.25438672083996755,-0.30782043547288096,-0.24966982387689193,0.13719674780195132,-0.30465537280588806,0
commons-io,6921f87e35cfbd5d725011883b9d1c492f26b31d,-0.49624981758648445,-0.23355941261743518,-0.3130226826676873,-0.24870066998834267,0.11879463093171506,-0.28694638338930833,0
commons-io,9600e9afca238a447547f11cb9bf136ce0c5a663,-0.5214594457050596,-0.1037522336220642,1.3851771917767288,1.2782472692037148,-0.18542027820447327,-0.061717808383983455,0
commons-io,266bcc4d5d0fbd230756539f93acd9fc5ddd2c5c,0.23082960170987854,1.8299459373897935,-0.5000717431356996,-0.3317450698272435,-0.557690067429126,0.8131406173034121,0
commons-io,9ce4c8398bcddd0c7db96330162d470c5a4c061e,-0.38032135467345796,0.29191284516572596,2.0912207146159267,1.5066820574426276,-0.5135828387186051,0.3192985353709652,0
commons-io,b1842c0e0c5af94976ce6504c78e7ef6200abec9,-0.49804954458586836,-0.24414831962786882,-0.3111248626610063,-0.24676882810676545,0.13787419109638843,-0.3005560698455502,0
commons-io,f62bc91596d4fe9290ce022b0479cf1aaf5ef4f8,-0.5082734703968924,0.13245047076048833,3.083382761701578,2.7162468283524053,-0.6464271754773474,0.2845020096134192,0
commons-io,6b4e35dc7fa1993983d48f32cc7def314cb8d6c9,-0.32961356396107155,0.1664429727480237,-0.1579961677892956,-0.5342004382163135,-0.07347157510739662,0.025475760019414373,0
commons-io,3ddd67183a6241ee628251bb60d37a7d304963e0,-0.39230572927031176,-0.014963681360914676,0.13952296370276016,-0.1138829286454833,-0.02794270322994627,-0.06692549538079487,0
commons-io,f8a80699363e4a1d749b0207d566f27b193a07cc,0.07815054011053615,1.2664119719279658,-0.1459002662901263,-0.7783341564114243,-0.5355667524279122,0.6990590824776302,0
commons-io,750ec08f68fb45000d4f9c2592f43352bbb2e5f2,-0.5043377374178749,-0.2501485488042744,-0.3061726969426016,-0.25214811297903655,0.13611666506416187,-0.30399231009071137,0
commons-io,84628e28779d9b1f4d0b43d83c5056168085f096,-0.5027669929517354,-0.24648258567967044,-0.30838847008363235,-0.24983408840658142,0.1369486367574432,-0.3019449277742592,0
commons-io,c53cab56e5f078e2500970a01bdf1c7bf350fdaa,-0.49759328718384244,-0.2427675576697432,-0.30994254871696003,-0.25019581657019524,0.1254753517096475,-0.291524432561529,0
commons-io,bc80b9ae48bc4e74781ef485e389f08fa5b788f1,-0.5438476389000312,-0.15447524713064428,1.3458941570155627,1.3078609147688622,-0.20585197571290664,-0.08033017225269742,0
commons-io,42e76965c151d6c2be0fe3359c837e80bae9b3c2,-0.5043377374178749,-0.2501485488042744,-0.3061726969426016,-0.25214811297903655,0.13611666506416187,-0.30399231009071137,0
commons-io,81d825517ca90c2ef8a5e8d10ecf36ed95aad984,-0.4990483696622836,-0.2522154509188407,-0.306734055044013,-0.251887966289848,0.13187623495796638,-0.29624894917168654,0
commons-io,f9225c549de4f4c819bf9f925f04df3941f27f2c,-0.5043258906889073,-0.25015322343537605,-0.3061743484853179,-0.25214379409595844,0.13613203688725414,-0.3039670695051719,0
commons-io,92c5d8d36b1b37af85d9dcd214138b7f72cb2eb2,-0.49881397136480454,-0.23237410097930702,-0.3130359843026034,-0.24820692755088547,0.12271674917403627,-0.2963376276074159,0
commons-io,5e103b46a3ae581a1da7eaf3fced605aeea9c08d,-0.5043377374178749,-0.2501485488042744,-0.3061726969426016,-0.25214811297903655,0.13611666506416187,-0.30399231009071137,0
commons-io,c146a948b515bb0752047339afe0c94e4234c2a8,0.04395581105749116,-0.4011168558582506,-0.29148845457284517,-0.16854205397831443,0.23497959722302703,0.07033220920933184,0
commons-io,302c9d1ae9d44c677fc9f35cd9b3bfe2fe77bf08,-0.5043377374178749,-0.2501485488042744,-0.3061726969426016,-0.25214811297903655,0.13611666506416187,-0.30399231009071137,0
commons-io,c8130d72529c1b845c7f10aea7b6ef7fc2788c77,-0.5043258906889073,-0.25015322343537605,-0.3061743484853179,-0.25214379409595844,0.13613203688725414,-0.3039670695051719,0
commons-io,05176a75580307404fcd91ac380175daa9048fa2,0.008121256129293096,-0.39284608096598533,-0.23254747294638697,-0.23297035457754706,-0.014687261864442734,-0.1090294087342648,0
commons-io,eaf44e440db100c5222be7988ce4f14fb0aeb55c,-0.5043258906889073,-0.25015322343537605,-0.3061743484853179,-0.25214379409595844,0.13613203688725414,-0.3039670695051719,0
commons-io,369e45fe3b179bd44af9f19bc22187b3fa5a7fd3,-0.5043258906889073,-0.25015322343537605,-0.3061743484853179,-0.25214379409595844,0.13613203688725414,-0.3039670695051719,0
commons-io,b8690c086d18f38d86a06080422674d317e33f71,-0.5043258906889073,-0.25015322343537605,-0.3061743484853179,-0.25214379409595844,0.13613203688725414,-0.3039670695051719,0
commons-io,021879c4e8a80da4d814d6777d9dcbb215357e67,-0.4061792553064041,-0.019907418769930987,-0.2455225321228381,-0.38002569784329676,0.029188083507903938,-0.12403266100150306,0
commons-io,61d5459230d97432790585f3a738a804e7923119,-0.5043021972309722,-0.25016257269757936,-0.3061776515707506,-0.25213515632980216,0.13616278053343864,-0.30391658833409296,0
commons-io,2d7fef18c6ec90bd30d7e29a14a5967011a2fc4f,-0.5043021972309722,-0.25016257269757936,-0.3061776515707506,-0.25213515632980216,0.13616278053343864,-0.30391658833409296,0
commons-io,724125eff6608884b0ac1c59f62695ecf43e5c8a,-0.5043377374178749,-0.2501485488042744,-0.3061726969426016,-0.25214811297903655,0.13611666506416187,-0.30399231009071137,0
commons-io,d5bb4ec469995d9b3302397298fa3c59240b3019,-0.5043258906889073,-0.25015322343537605,-0.3061743484853179,-0.25214379409595844,0.13613203688725414,-0.3039670695051719,0
commons-io,77597df19476afa40244cb7d414a66971f817530,-0.5019311042960112,-0.2420589418198266,-0.31039439832881244,-0.24691110839699473,0.140294723813669,-0.30169383927713506,0
commons-io,34ce9f0989e47daa9a7c821bbaaf84c138aa1117,-0.5198295854449672,-0.16616134415464082,0.8052518256208211,0.7833285180447165,-0.07601316228476164,-0.1423475526680378,0
commons-io,85737d13dae292040dd75293bfb6ee4a6b6c3f26,-0.4807205349451086,-0.1695533700958208,-0.350483490581793,-0.20515905694865963,0.15112606490945432,-0.2811699520731641,0
commons-io,d3a51772915cff2b36aebf4622dd367ad60f6459,-0.4827681693431869,-0.25881955908314397,-0.3091675444265763,-0.2467446764002729,0.1450218471160698,-0.2762881843373932,0
commons-io,b803066005e1244932146aa904f05b420ca689a3,-0.5042498179947268,-0.24989945134528155,-0.3062977535793886,-0.25195974760739265,0.13636575894759081,-0.3038963238238534,0
commons-io,0fdef9fc5d5249a006712ba23829adb1f400a725,-0.5043140439599397,-0.2501578980664777,-0.30617600002803425,-0.25213947521288027,0.1361474087103464,-0.3039418289196324,0
commons-io,e64f29c6195fa036affbc3488aa28769742bb76e,-0.4172677760418852,-0.0449725140051171,-0.22895892857728736,-0.39773662001611065,0.024109549195709606,-0.1379259061851626,0
commons-io,01f92b184933bf8f333676f0b872cecb8e23466d,1.31330287459172,4.800541357179636,-0.6992016224039974,-0.6665936628572682,-1.9567195230839647,2.5336621103851966,1
commons-io,d59098202590aef21b614273c87b922c3cea51b1,-0.5043377374178749,-0.2501485488042744,-0.3061726969426016,-0.25214811297903655,0.13611666506416187,-0.30399231009071137,0
commons-io,7adaaca7002ac57031c4786ee5d3c1f98a2b4acf,-0.5041718832123292,-0.2502139936396976,-0.3061958185406303,-0.2520876486159429,0.13633187058745352,-0.30363894189315865,0
commons-io,c244009bedb5c0a018d5402d9241f0f1eac3ef84,-0.5043377374178749,-0.2501485488042744,-0.3061726969426016,-0.25214811297903655,0.13611666506416187,-0.30399231009071137,0
commons-io,93eada500cdfd4e3f44914e81c378814555fdb2b,-0.13602265561885138,-0.3854426445925463,-0.32462758782726414,-0.24305390867348584,-0.06106317827667675,0.0021760824522551875,0
commons-io,257d6f423ec5e3e15e136b72fd686c49208b1aa1,-0.6107016896773305,-0.08778513469407963,2.952555493342463,2.9018559436392635,-0.5698843459647317,0.10587607341558755,0
commons-io,71bfef486b2e7713947e317ea843dc15f533a785,-0.4921180581130742,-0.21004004989401112,-0.32536343908013243,-0.2351049847694423,0.12706194888422892,-0.28970921923470094,0
commons-io,2bb2ab0b322e65bbd7b4d88c71c17e7b8465ffa7,-0.4937826953646275,-0.2542730037712037,-0.3072921100599918,-0.2516364573668157,0.1276050612055864,-0.2885560694237407,0
commons-io,dc1348ea72a83ca291309bd3aa79043e15304ced,-0.4889234702135318,-0.256125159250679,-0.30775253231535876,-0.2513351563242693,0.12480122070496207,-0.27804772980628467,0
commons-io,761605b23c4dba3ad0e6df164a7941fa46ae6139,-0.5034322349850046,0.07786659587530904,3.1815659784784134,2.729906011697969,-0.4407757663995444,0.21029193024296816,0
commons-io,e85750d2f8bb9f28a4dc2b32b625e2dfdeb8c015,0.40032079390659264,-0.43713591056680323,-0.11257070899774892,-0.2580650891383647,-0.05861677219587499,-0.48771223787698764,1
commons-io,76573da120a550720f17d9f1cd6fa7af98fb2fb1,-0.500445935057187,-0.23756331035477762,-0.3117022587642422,-0.24810236096144478,0.12960917579707518,-0.29901113928161294,0
commons-io,2fd345578627290e3e6e713a1e1ea1b540f756f7,-0.5030912128822639,-0.24592896619376733,-0.3085124706442337,-0.2497178173476231,0.1367304623935346,-0.3027727109172421,0
commons-io,a9e8244e42a3c746c27db06544d027fb897fe17e,-0.5042167739680118,-0.25005438517693873,-0.3062459602886513,-0.25202585755320683,0.13634112885597605,-0.30378025315127577,0
commons-io,58b0f795b31482daa6bb5473a8b2c398e029f5fb,-0.5002419298606545,-0.20276821854211288,0.3839982779849514,0.35164449956936994,0.025740249922161926,-0.1975842387952504,0
commons-io,e5f5eac9e65620e4697b922e0f49b7bbdb90695e,-0.5026199215898862,-0.24813038296091622,-0.3074837749244463,-0.25003688515909955,0.13962825777711024,-0.3012000169328695,0
commons-io,cfb682e9da63f308d26e547bb7d0b350ef3eda42,-0.49701860950537974,-0.24746699887753096,-0.3080104371969571,-0.2520038240447298,0.1253649591982812,-0.29263655975722885,0
commons-io,748eef8b96068cadc45894967f58f015860afb1b,-0.5363492210577616,-0.062420002400537924,2.2432809217792453,2.037093615972167,-0.32050566935208924,0.04778874430869556,0
commons-io,2c30851e4de51181b018a4e0d6605ee2c9776695,-0.5363492210577616,-0.062420002400537924,2.2432809217792453,2.037093615972167,-0.32050566935208924,0.04778874430869556,0
commons-io,5e2ace28efe0476feb6a32794fe6b5e90e71eb7e,-0.6106755000592078,-0.08765357401793072,2.952495442338144,2.9019436480004686,-0.5697828567576556,0.10588620567070732,0
commons-io,5f88079956ba7fc4551a5fc51dc28d82e33dc65f,0.551113751479707,-0.3354602322758237,-0.10303294149735182,-0.4161575961041105,-0.10239070650150581,-0.36626581499573163,1
commons-io,958657f3c7cdf1f1d81a139b312c032020d582f0,-0.4519947836163016,-0.10439841661166582,-0.1782635042553375,-0.08808573645086139,0.13944193427943058,-0.22432860781050684,0
commons-io,4f6b009a28ab7203260330bd93384ef5c07fd062,-0.5039526986625824,-0.24895248063852893,-0.30676217422487023,-0.25126525439219277,0.13725758849694564,-0.30360578693336954,0
commons-io,f00d97a6cea0a08c8112ffb8bd0b6847373899ae,-0.37954795516417245,0.08144813022403899,-0.2877624533373908,-0.3459259417255096,-0.0071192726511008905,-0.09391919123141812,0
commons-io,703228a3d40881ea52faada723726b05f6d77b8a,0.10921676282347827,-0.40202880646388395,-0.17206656208745624,-0.26095109758944524,0.06490965981946907,-0.4553986226810872,0
commons-collections,c23b20d0842d5a18f312b7417444058c27abd966,-0.4818927374264771,-0.14940698223217874,0.6986159215567093,0.5964987206894209,-0.020551717040725347,-0.12336668618951763,1
commons-collections,e9d0c275f93cd7c72eb7a24e809a4d40e874a8b5,-0.5027345428692965,-0.24465075648109164,-0.3091261930291547,-0.24880622267095034,0.13786832904903348,-0.3024694636817286,0
commons-collections,0cf09633b39e81c0e0a3c8d69bff2f7005169e14,-0.5477304399554127,-0.15272459152480064,1.3461056569304168,1.3080718953288186,-0.20164615459693383,-0.08884948168783462,0
commons-collections,2228018be1d88154be329327e295558e197e5cb4,-0.5043377374178749,-0.2501485488042744,-0.3061726969426016,-0.25214811297903655,0.13611666506416187,-0.30399231009071137,0
commons-collections,a056026a26ef4e5cba6ccffa47fea0ee499fda4b,-0.4149675582874148,-0.05562411981815643,-0.22614155979405876,-0.3994126843684481,0.02637544482561521,-0.13456260129974415,0
commons-collections,c6305c49740b118d8ca40a8bae53ef0211424f48,-0.4175331658582772,-0.059336596909993024,-0.22397323210192846,-0.4011714555784208,0.02923708636546702,-0.14615647407156895,0
commons-collections,3a22be2c1c2c92354b10874bfae8c4b46fdaaec2,-0.4011366149018525,0.010023432144048775,-0.2549325601846531,-0.3695980360121372,0.031192340788519558,-0.12067720642259097,0
commons-collections,3322769985ed472a9f7927e019113ef3755d1d1a,-0.5014161213685306,-0.25139142788614516,-0.3066619370673342,-0.25147893603015997,0.13591818307107292,-0.3051304056037046,0
commons-collections,d9d94e4631c7bd1149b9950feb0c7e629731659b,-0.48841933241375307,-0.2334849131931195,-0.3178848612887505,-0.2413082787861777,0.12910902661887488,-0.3019385313595222,0
commons-collections,20a877f04ab1864dda210d26d9a2745e85fc3e8e,-0.4137249837045337,-0.05644323587596639,-0.22624295624975826,-0.39931396897951305,0.02585801989162692,-0.13550528176403298,0
commons-collections,956eb47745e740b39186c706ba86dba58b3a6441,-0.5041363430254265,-0.25022801753300256,-0.30620077316877936,-0.2520746919667085,0.1363779860567303,-0.30356322013654025,0
commons-collections,7e96acbf58d692ecd3819e506fab863cbae5d44e,-0.4937622830885436,-0.24000002279600996,-0.31300807106876677,-0.24642111960724794,0.12851050087313762,-0.3033151758455659,0
commons-collections,26e733fec01a7edaacbaf4e1651deeddc99b2b85,-0.49740190965963316,-0.2285745753656546,-0.3152578355764067,-0.24591167460246066,0.12337657403601783,-0.2946511676537263,0
commons-collections,57c9348430907a62a593f8ab4785d75cd3c6f8f1,-0.48867383926830255,-0.22331741314995177,-0.320814052502288,-0.24004141408560373,0.12248457608216298,-0.29717501928919704,0
commons-collections,720c9e5c9630cecb9e8267029de86ea23a3aa2c9,-0.3287920165351452,0.16827580615367338,-0.1571691175919208,-0.5353868280781863,-0.07667426279025595,0.027445560419846332,0
commons-collections,09dd28409ef1ccc1182108274575087cb40b1a58,-0.4990799008642553,-0.23814735284689972,-0.3119336664848778,-0.24780232355163143,0.1293869602157926,-0.2997821117224254,0
commons-collections,d28a7fba0b7197356100ae3cdd4f26e61ca9ce82,-0.5028527748291233,-0.24612291959337398,-0.30821271211829415,-0.24906666099520192,0.14023745682957042,-0.3023126404729568,0
commons-collections,ae7219445dc063e9cc090e338fae1d7ec3bfcbe4,-0.32872386909437923,0.15385400134213986,-0.1506274286069604,-0.5435584541167591,-0.08608401036798262,0.03223971900380235,0
commons-collections,36b23c5455d607443e740d935463a2279c9a00c7,-0.42157203479223476,-0.05760784258913497,-0.22328726665360335,-0.4020499733924703,0.029980592224776025,-0.14371735382143422,0
commons-collections,8279d9ba4618259536a9cd16edbab83723a4f4b3,-0.4254773767158704,0.014277539803109241,-0.4522563369682782,-0.10432805954068172,0.15760178975781527,-0.22858676700454086,0
commons-collections,9bbfad5db3a0dc5a7f354e014249ecce5dfb3a60,-0.4959756780547387,-0.2537182485924303,-0.30758426486444396,-0.2502874241570628,0.1349985770997581,-0.30826477653803336,0
commons-collections,4a398f54ae96f391155563a10227eed4d904ddbe,-0.49638957263245254,-0.16532613371139593,0.2611349895061026,0.25687962909823003,0.03145162664163423,-0.20719292375419296,0
commons-collections,6f74aef97bb67250debb68a5f3d380f77c5dec3d,-0.5003792129317866,-0.23716395369522927,-0.3118807602344829,-0.24784356676090857,0.12989827159521114,-0.29900598310179316,0
commons-collections,ebc66db42635b901a5dce7f5286ba3b2427fc119,-0.2004658148426346,-0.23758486789371916,-0.19203473628494996,-0.17084580439618227,0.1008389422521497,-0.3642275341749226,0
commons-collections,c811f541aa74d111cb731736bdfc6071a2084c7c,-0.28364989069357527,-0.20818136167934628,-0.32784218515999064,-0.23094540273017133,0.09896864924940348,-0.4764612695323052,0
commons-collections,5e9b391ce2581603a19ca8fb63a9bf96471e8b31,-0.40767324397136206,-0.021798362123272116,-0.2443368268528698,-0.3799844004165115,0.036481290999040204,-0.13036975095813855,0
commons-collections,4e0fb4f8091088d7a331a1f29835463209f62fc0,-0.5020965998871295,-0.24246135059134044,-0.31047872597822107,-0.24784829894806326,0.1366123498957127,-0.3018158299588074,0
commons-collections,4984c960728eda95baa4253748e96f2d4ec9fac9,-0.4990275216280099,-0.23788423149460192,-0.31205376849351585,-0.2476269148292219,0.12958993862994475,-0.29976184721218585,0
commons-collections,e77c1d875ef3ac4a07c967e88c5b46a4597339c0,-0.5043495841468424,-0.25014387417317274,-0.3061710453998852,-0.25215243186211467,0.13610129324106962,-0.30401755067625086,0
commons-collections,bdfbbcdca2e5487caab92743bff4c4ae8fe86eee,-0.5910962275431678,-0.060280564522221955,3.000589885233133,2.8660106538994143,-0.540466394183214,0.12417399408315306,0
commons-collections,4a980fadc47e1983a7435ec4666763bd8bdea205,-0.48190814039034274,-0.2588280975906562,-0.30851353534510007,-0.2502478185615053,0.1247950520071291,-0.2629456036206438,0
commons-collections,70fba6c8e0f82e247c04cb1fbba1233241a081fa,-0.5043258906889073,-0.25015322343537605,-0.3061743484853179,-0.25214379409595844,0.13613203688725414,-0.3039670695051719,0
commons-collections,ac61e06bc174b3571364278feef3a6973d98d0c3,0.05827376646279126,-0.42651354089400884,-0.25899272285560404,-0.2931589178109834,0.031699919191723165,-0.6420655809322886,0
commons-collections,4d4caa6a92797835ed46d4f8aff361ecf0ad1a18,-0.2972844912611665,-0.29971722974398446,-0.2915985669583753,-0.25882511445223483,0.1311596930668063,-0.47857257654288315,0
commons-collections,5907d36b262c9e696c32c5ec942535e718002432,-0.3324252162094696,-0.2338423707000966,0.8327039800025108,0.7609981931723777,-0.08486102192942553,-0.3511561387440783,0
commons-collections,ff178a3b63e777408f712f6039c07441f307ba45,-0.4060370342720287,-0.2776185706138374,-0.29651289134667996,-0.2585007655886589,0.1337384923024727,-0.4010650427605476,0
commons-collections,181fe9c708624f9418777c885eb1653a05708294,-0.5061854944355418,-0.1960111403290534,0.5444634623535747,0.511484828716634,-0.008784448596274594,-0.17378404086325988,0
commons-collections,dd69cc72dc7bc269dc36b46f9cc8225aabd2ee8e,-0.501932607769801,-0.24195848104225315,-0.31072718770907887,-0.24747588708785356,0.13709516583947834,-0.3016490980106309,0
commons-collections,98293b24bde29f0cf76f1f52d30b9519c11f5686,-0.5029692070647555,-0.2505916813580442,-0.3064608525821235,-0.25176900897417465,0.13596519504377086,-0.304803631447483,0
commons-collections,c30586294f4fdc9a542427a86f30a4241d8ea2c9,-0.4925363891235964,-0.21072872071387963,-0.3255915046072842,-0.23057679562812997,0.14438834171040973,-0.291559713540936,0
commons-collections,b398b82c7f5cef6f54a34dbf67d7f48cc8126b1f,-0.5043258906889073,-0.25015322343537605,-0.3061743484853179,-0.25214379409595844,0.13613203688725414,-0.3039670695051719,0
commons-collections,843429515ba7537c28d3f6d2a0adde259676b455,-0.4952529809929699,-0.22000199448990404,-0.32051419373372253,-0.23602690021263956,0.14243189400175463,-0.29417835418108057,0
commons-collections,1118a1ccddca5b8f982c4268e70a7412a3269cff,-0.5042142778078242,-0.24991347523858654,-0.30630270820753763,-0.25194679095815825,0.13641187441686758,-0.30382060206723494,0
commons-collections,42909f82d9303d12fb85b041c4c093778589a15d,-0.5029724285566032,-0.24562110034335255,-0.30867003009725485,-0.2494791214707596,0.13705335861513993,-0.30263379764451503,0
commons-collections,f4cc9984c3ea0cb85db6c30c3bba6e6dfdc0b677,-0.5042426465501493,-0.24983133369165628,-0.30632695331019,-0.2519180548683293,0.13640881763958274,-0.30390387798906326,0
commons-collections,89008f2b154a48545ad36ec9c970ce35f3327ac4,-0.26831602935780074,-0.1738883952257615,0.3175381689349761,0.22360416037464906,0.06765765030466717,-0.37624999738242554,1
commons-collections,0dad34216c390614907f26c88790acc899c6f1d3,-0.4206339383404462,0.00979768377260529,0.6224202769303903,0.36252219015571874,-0.1390525040814375,-0.006915044120412342,0
commons-configuration,bc310d9d9030f76424e8e0a52ec4d1985c3d0e38,-0.5002098201984079,-0.24184536738391282,-0.309835748343238,-0.24987748285514766,0.12919449153781654,-0.3009359412898761,0
commons-configuration,0677990d6ac8686cf2af8a056735a4d39c5cc406,-0.5071769582173171,-0.1855776150851388,0.5417720679729878,0.5106168944754642,-0.029463562430035062,-0.17779826569135643,0
commons-configuration,b9c32ee93cfc7977d5468ecd89ad1efb0a456821,-0.38504871414170033,-0.009280539082733536,0.08203079679127197,-0.16464866982978607,-0.02312154258984494,-0.07187098267051562,0
commons-configuration,e5e9e444fa3bc932a2872425f9b15e4db89a7887,-0.4943952803023604,-0.22178858866546594,-0.32099693285986775,-0.23854275333910988,0.13114718484351093,-0.2953405392524494,0
commons-configuration,2749ec70ed8d2c9eaaff0798cbf72b6956932965,-0.39570802774992964,-0.18152037827691977,-0.10134806809514146,-0.16811824304892142,0.1260406987443784,-0.2554342192621385,0
commons-configuration,357c5dd60ca89982ebd097737021fbe8339df11a,-0.41567473265643523,-0.03781237633639321,-0.2334891920165331,-0.388953301766324,0.04166724908358792,-0.13811228623549304,0
commons-configuration,076313b4949f15d7aa7d91bcdb80e2ec79d1f5dd,-0.5828676329841977,-0.03380922185234181,2.9903875080136832,2.8717843971752166,-0.5607415595636549,0.13560295854710744,0
commons-configuration,edb452c20f93d6ec8837dd184703ebeee73b6ce8,-0.4438826824722121,-0.03671626224802652,0.2213661858924492,0.22383747414914523,0.05615462682228479,-0.15692982608117018,0
commons-configuration,136102875fe9408cf46f9b92fe6fdcaba41fd451,-0.49917821322382855,-0.23349398694482612,-0.3139885876324207,-0.24574249415892363,0.13018297121174083,-0.29770071002110554,0
commons-configuration,6d0f104c7729fff04d0cb9fa092526917a840005,-0.39206819213359967,-0.2457188862192374,-0.3156191311651872,-0.23782901370892556,0.13905346052307424,-0.397566713009443,0
commons-configuration,b99b92790e8dbd8f809ee00cea1eabf968d485bd,-0.49419239033031814,-0.21672885645807421,-0.32150366372011474,-0.23875781329907508,0.12728900354801806,-0.29187280891705536,0
commons-configuration,d9f131a39ce10e1aa9799e09cd972fab66de801e,-0.421779567198097,-0.2809017808642868,-0.32229083142234133,-0.2322288120673371,0.12049135644872168,-0.35405258043255344,0
commons-configuration,2701aec1e76f02b5566536ae215ca5fb26e3c3f2,-0.4098202379800055,-0.019243742989118795,-0.2401404012384538,-0.3895331638050469,0.010861024474535304,-0.1288165882954882,0
commons-configuration,cfce55ee3407b88d2d97b40cbbc4de608b070aa6,-0.5001908020248628,-0.2417819243613892,-0.30986659961675567,-0.24983147123300622,0.1292529220529007,-0.3009182548695465,0
commons-configuration,807602d2f5c8d083a6858ee8848fc6d9915bcb5d,-0.5000475045206952,-0.23729484336607573,-0.3119270034305405,-0.24772263803472128,0.13032868264179442,-0.2982992467066877,0
commons-configuration,a005929e73119f2d035a3521a7b052c14003660e,-0.4387758598700953,-0.20205529408931286,0.01783652054827726,0.011349915183737102,0.04430220740798689,-0.16260854677469772,0
commons-configuration,0572d2c1ebd5c432be7f11dedd286aac6128b5a4,-0.45082230418757413,-0.23162902538519714,0.030394569565244448,0.0035979259749152,0.06784263500938448,-0.18464080046501896,0
commons-configuration,033d50d9ba4f308bbea7786ee33d73df72f53cb0,-0.46214643385457255,0.048184443347530546,1.4257489777705763,1.1598876484037197,-0.31464524981749553,0.07553286024941457,0
commons-configuration,df9d3a362b17f978cd2291b8018185b70015373a,-0.3009172823094021,0.167616043411985,0.19275265090716354,-0.2863404888874777,-0.09032428275427824,0.10618330248448876,0
commons-configuration,1371b9058664c871a4a5eab7a418b16bb4a02408,-0.4124758590602602,-0.027705184974580358,-0.2366161721954626,-0.39058816038344446,0.021166497222093128,-0.13264814178316106,0
commons-configuration,d0b7016527d3cf7590e4551644d15e73bef368f4,-0.4990368721967899,-0.23773864692514807,-0.3121088648696858,-0.24755216711725145,0.12964531236774404,-0.2998274367136845,0
commons-configuration,c00c6ab588893258678ec77e3dd69ba56d2efcfa,-0.5030190901408133,-0.25071389277198985,-0.3063974984923718,-0.25186535110153563,0.13583296219051025,-0.3048642448736817,0
commons-configuration,3a23ffdec2ea2711f1e885c330d0e867d3a52855,-0.5476084341379044,-0.15738730668907758,1.348157274992527,1.3060207037022669,-0.20241142194669753,-0.09088040221807547,0
commons-configuration,d1b4d0ed4894a095ab602c6c2b3705a9faaefa23,-0.4136870101399562,-0.030776684353965866,-0.23775449206477423,-0.3857790436580631,0.038231466113753484,-0.13615378305211934,0
commons-configuration,ea746c1ed2128f1d5b59a3903c3d07f47e4ad9ed,-0.5027568757883996,0.1501568009318304,3.0765486740723773,2.7201463210414927,-0.6598701500594648,0.2921642462619245,0
commons-configuration,5f7cb155e3e2859b5b46d50474f542615c5116d4,-0.5031981504789571,-0.24624150667528377,-0.308356562733929,-0.24995219434140847,0.13642293799502148,-0.30288638360442977,0
commons-configuration,e16fec6d5f2ed43e1c73a9c0574adc8fb8a176a8,-0.3196610818936302,0.15526089921038216,-0.15445911090197112,-0.5389949304996642,-0.08506550607679085,0.03154558307435909,0
commons-configuration,5b3748dc35ce1fa59bc61f723d6283467cd78ef0,-0.5026888206017756,-0.19740665228641022,0.38260056839135054,0.3512216159030314,0.01424486085560836,-0.20026007565255866,0
commons-configuration,265e1910575390d8900612ab61f74a4c69535134,-0.4130805475810379,-0.12008451016751513,-0.07365490954614203,-0.09536772844799037,0.13623471194534528,-0.20710287420048035,0
commons-configuration,71ab2a4026e2deca773f9e7de7eef54e2c4fead8,-0.5043377374178749,-0.2501485488042744,-0.3061726969426016,-0.25214811297903655,0.13611666506416187,-0.30399231009071137,0
commons-configuration,0e39e0e9df99c8708887e0ee92eb9f42c0fa1022,-0.5043377374178749,-0.2501485488042744,-0.3061726969426016,-0.25214811297903655,0.13611666506416187,-0.30399231009071137,0
commons-configuration,f6abe30b6b235f8e3e8b521895606e79e8d07f47,-0.5024255768081844,-0.24370846040544067,-0.30959226521735267,-0.24810741057267238,0.13877553042148055,-0.30215368620570526,0
commons-configuration,12959f66382b2e4fa5a22003aeddaa6f792755eb,-0.5043377374178749,-0.2501485488042744,-0.3061726969426016,-0.25214811297903655,0.13611666506416187,-0.30399231009071137,0
commons-configuration,c3685456336792a6e22fa0036b1ed04210baeea6,-0.49764851184374925,-0.22869011033559888,-0.31513885707239214,-0.2461188115981349,0.12295533332128913,-0.2951080762833468,0
commons-configuration,54fbbed972e65e3e9e981c3bc8756a5443716508,-0.5043377374178749,-0.2501485488042744,-0.3061726969426016,-0.25214811297903655,0.13611666506416187,-0.30399231009071137,0
commons-configuration,0f8137ff6984e865875aa84549152c54392870b8,-0.5043377374178749,-0.2501485488042744,-0.3061726969426016,-0.25214811297903655,0.13611666506416187,-0.30399231009071137,0
commons-configuration,4c8a5f5ce53bf7761776c98167b797b9d327ffb4,-0.5043377374178749,-0.2501485488042744,-0.3061726969426016,-0.25214811297903655,0.13611666506416187,-0.30399231009071137,0
commons-configuration,31c75d470a78f9c7e1cc9cbdd165d4180a1d2f10,-0.504287854341817,-0.25002633739032876,-0.30623605103235324,-0.2520517708516755,0.1362488979174225,-0.30393169666451264,0
commons-configuration,6665b8110a2651088bfab572246f502430466306,-0.5043258906889073,-0.25015322343537605,-0.3061743484853179,-0.25214379409595844,0.13613203688725414,-0.3039670695051719,0
commons-configuration,623466ba76c6f1f2423d9e5601c9ff96cdd68329,-0.5043258906889073,-0.25015322343537605,-0.3061743484853179,-0.25214379409595844,0.13613203688725414,-0.3039670695051719,0
commons-configuration,a749b0a5c0f723ff66e4ed988b22d5c4246857b2,-0.49171702268983924,-0.20729148791273072,-0.3292927094123899,-0.2261519992599703,0.14929037641762619,-0.2918578021090582,0
commons-configuration,8e2aef91d25beb4d615f83745ce3f8afb02de835,-0.4787363759538138,-0.0639800154087295,0.49417738536920247,0.544462575834167,-0.08937914765260288,-0.13610504976563892,0
commons-configuration,33a318106bd9c7dd90db13d4a5f69f56830ef226,-0.5056373665213914,-0.24951976181403523,-0.30597874666634894,-0.25238486323439596,0.13645879845289766,-0.3031026888874113,0
commons-configuration,9478944e92bb15ecdfa00f3bda5c73d9364dadf9,-0.4704558860750559,-0.2622739947877335,-0.30986665930102936,-0.2501732801674609,0.11077218238316353,-0.24205786796059423,0
commons-configuration,9052734032c1779e30a7cfc7a10b6ddb8294b56d,0.8985528164878901,0.6921666010733001,0.6881814095181281,-0.2809722905132404,0.43350300367004313,1.868347744346735,1
commons-configuration,d664badcbea6a3e73a6b5ad2d48a397e7a7cf92c,-0.3432749893906429,-0.2688939918078519,-0.3391328618984615,-0.2192164775927072,0.09894368270072255,-0.0591419730480529,0
commons-configuration,fb95d304d675402012280842a8db7a03cc581e63,-0.38423916800676,0.15375237328920652,-0.5126565545758545,-0.014030433646466077,0.26600136596931556,-0.18349980888854517,0
logging-log4j2,c369ac2cf455657c71054b8525df98982e4152ce,4.648563661654057,-1.526882812255751,-0.08544112026803913,-0.27705289106503445,-0.2853550131414481,-1.8460104676130125,1
logging-log4j2,a157901ebe93e277cb6bed6d7af36e07b83e50f8,1.2033357167658671,-0.8828366643441018,-0.4030398279646616,-0.07592388170858831,0.018652098632820698,-1.2698645300024929,0
logging-log4j2,5df0a575cece5a770f2be491bbe97689af9c644f,0.7295965336041152,2.695475320569348,-1.8758800148348134,1.4782207118808623,0.8022344251323913,0.2868420410900865,0
logging-log4j2,546e4fac4ed2c226de479e09908db6324d2ae87f,3.46220088343845,-0.6585192043426153,0.498073929857501,-0.7985375918729725,-0.07097635288289747,-0.9435896927613032,1
logging-log4j2,5f683c6dc8e3ffc514eb682bdbb85d39897e0da8,3.2838177450055124,3.7446458549623762,6.285038617346795,-2.924355765539547,2.3765514392305804,2.4554967806108063,1
logging-log4j2,27deaaf99fa0128085689deaaa5053afd9cfc711,0.1636068712898935,0.21538467949264664,-0.07394969746447205,-0.2935826228009513,0.08325663603350791,-0.19513080450031328,1
logging-log4j2,4b5dcc38227d667d4bdf3198d2d458f74824c217,-0.30341938322544243,-0.0074875747619719026,-0.27373397388447157,-0.35643198331546827,-0.02234103376352426,-0.002572632917209966,0
logging-log4j2,a18496567d3463ff1fe47177bfb2f09ac29a9557,0.25191003994257816,1.1701657411735613,1.5158160437280077,0.04314259684720021,0.47355747002523313,0.5631265874265949,0
logging-log4j2,c977798695b604b1c2be027bbb1f2d94d6d46959,-0.3675327913469887,-0.15573299298641513,-0.3542354852910765,-0.196918315409067,0.14385667955326148,-0.3641271446451153,0
logging-log4j2,f2fa3cce37fffd660c7bac36b0d22bde80927881,6.357883476274781,21.58699016649691,-8.927308827690625,7.888519162933821,0.7406027472318627,7.881397098285933,0
logging-log4j2,204d8251295dfa816b9b28d8d9cfaebab500f415,-0.46719550585731523,-0.2651490079521301,-0.3111913101115442,-0.24539362284993735,0.1330472764179656,-0.26856861546202493,0
logging-log4j2,c3212333aec0027d894c366ab3ec05fef8cb2378,-0.20235972321137424,0.44469814967161525,-0.1946898257193688,-0.3732625923182079,-0.03172790070521754,0.15971438020868228,0
logging-log4j2,dae04aa0df503fd1a21b83e6d8a4b131d48b41de,-0.2661003024414247,0.31510056878900505,-0.23187579021025853,-0.462922731015762,-0.0957422077126614,0.096952280558184,0
logging-log4j2,34c8b4af6a46bf7ad994e04052f40cc1d233ce54,0.044663084478862886,1.1470050900443334,-0.281126246998344,0.0237541184269429,0.4764111983154337,0.4352719362027084,1
logging-log4j2,85d6c7e7f415f5ce80abf819c325b9759146403d,-0.2937830045050834,0.2854610851719648,0.049306553081244216,-0.13063778935430587,0.06984263803068462,0.027559076387895926,1
logging-log4j2,f4cf44e988a31bb1deb2bb5b9f74105b02a7c14d,-0.32204252283533347,0.2486439497891237,-0.3595038568133646,-0.2863649004622248,-0.07021576377262735,-0.03090042940153029,0
logging-log4j2,3b2ee731d57b933a2ba725775e299f6dbfd97675,0.615586178152572,1.4161010741733564,3.9572666919664736,0.48675734387496783,0.6304408619281042,1.2070644544733098,1
logging-log4j2,1f9a58cbcfd8ed9f5c955cd65d0d94ce9545a6fc,0.04802500173654687,0.9986984834547042,0.5169391572396641,-0.36142508483690633,-0.03230484264531528,0.5510229317722235,1
logging-log4j2,542736a3968fd5f745865f719a26ec6add5dc12b,-0.3829726097537971,-0.298946729579144,-0.3219348502826392,-0.232711115486707,0.11244353610263423,-0.17605772213300994,0
logging-log4j2,620c26c4c66b99aaf6e94d3d6fa9430ad8e65043,-0.2160966929129371,0.08325608674468857,0.3329605740026622,-0.19725703842595693,0.0834337080389195,0.12430973812922148,1
logging-log4j2,2fe289f5eaf98882cd812d867203e55fd94681eb,0.14048305513131554,1.232281751103163,-0.35498808675833227,0.0019260728409576935,0.2926301964624071,0.5164850320358718,1
logging-log4j2,af0ca2916e846902b13c84145c803c78151526c0,-0.2539100700551558,-0.3190719011273422,-0.2972625354507553,-0.2524009578111262,0.11751559193419878,-0.4625240485963012,0
logging-log4j2,c1459aa0c1b085377edb0643c08de623fdf96e7d,0.1164082725816921,0.8494336277845299,-0.6930689205399746,0.1569179308179751,0.3237085092811491,-0.009429041233094182,0
logging-log4j2,19175d86e998385049703e175af3c06af91c1c5f,-0.26561115852263445,0.23594551509912312,-0.20684629878157856,-0.47934601042623304,-0.057733467587172245,0.06448482220858057,0
logging-log4j2,8ffdfc2a5cc38bef2016d3b2506483abb1f16465,-0.4997958383072379,-0.2432273190867101,-0.31085587318407787,-0.24693136903585983,0.13966522913650278,-0.2969595052801079,0
logging-log4j2,877ef02f7978bbbd52863f389db203c8f1a44a0a,-0.14091526136932825,0.07892204702941708,-0.48340331061730357,-0.043910292765944305,0.2067944419429428,-0.3128937315445874,0
logging-log4j2,6e7e345f306c39e97838ec392d0c9932b54738eb,-0.4382791731647621,-0.0821860355341652,0.029454924771296773,0.013908766357914371,0.10728857433827566,-0.18912306257330366,0
logging-log4j2,ce46f2e40c99d066b4b1b6671dc4cf426ca849cb,-0.2658911886322602,0.24026414737923976,-0.20371154631126007,-0.49046826102978414,-0.10126667829229696,0.06964359274800797,0
logging-log4j2,1f0ee2d9bdf31ef88732afb3ac957069c0888e8c,-0.3803999837257318,0.08094503546194626,-0.29571817709899606,-0.33209042332968514,0.02434057740776527,-0.10019269131017339,0
logging-log4j2,c8d60bc535907d1969d08649319a1e27eb473dd2,-0.14206816566927874,0.46318239497505287,-0.1318387582700445,-0.3859457417661355,-0.040855707796306935,0.16668226001651093,0
logging-log4j2,8b720761e75bb74035b64b3c07624d7a25beb10f,-0.4960453674234223,-0.17416791914334456,0.2640972746588415,0.2576336487402982,0.045330253411995945,-0.21236355350538016,0
logging-log4j2,819b73807ca7bb9955e037df8e40b92d7d296a9e,3.2729185439296256,-1.73535104791789,-0.7686259756299451,0.5129715706549395,0.3741144350447861,-0.763828479699048,1
logging-log4j2,0e1ee448b257d6c6b3dc66b7c36cd9ef83f3dfe7,-0.1954647781707326,0.26298243121165715,-0.19769935878678516,-0.2363057414928653,0.08184240717712696,-0.10009469466610556,0
logging-log4j2,c8c212faa60aba62317ebf11e05ed1c1a95472c6,3.958893825680364,7.262158705329619,3.2702055627071163,-2.253500476547294,2.318595639974966,3.5523263271027536,1
logging-log4j2,d6563e3432385001c760aae8ec5958f3bb004193,4.446207583346981,-1.7818636587659167,-0.1699136639564014,-0.18700712714065057,-0.7540757003885084,0.7452575982672086,1
logging-log4j2,1350c8dad6fe1f6530d84ee1a781998e2807d0c0,2.409872620608359,-0.6749075550986171,-0.29885481006663955,-0.17024314210348085,-0.2996928278744953,0.5207000697290496,1
logging-log4j2,b0413d5bc786b665f5f360b0f63c105d16001f97,0.7392948267902351,1.4585656645760898,1.284908759926674,-0.8041710889233208,-0.015158106104297298,0.6108301833887144,1
logging-log4j2,5d8d093024ad91146c141fda9409c1691b3f8bfc,-0.07760747621557275,1.049337920047964,-0.8033441519954229,0.18713053550913583,0.0883733031961732,0.21846575613571195,0
logging-log4j2,1ff33dcf2013c35e22cecc20c5af970bb2702a74,0.22760181957448702,0.10979074035946193,0.694118068416138,-0.4348764128471209,0.5797016750515379,0.06562041710153624,1
logging-log4j2,1090ec6951aff9b2f05328c6d94bdd23858602f0,0.2370121059199695,1.399665689545439,0.03832943135658753,-0.922724849630206,-0.5765430715031012,0.8467470038483347,0
logging-log4j2,db200c796907c07e2e9b53b02a6d032d08f1f363,0.19796211556504373,-0.484542460020351,-0.308196812149458,-0.22931022033603823,0.06140251479524604,-0.4076694146147403,0
logging-log4j2,b1e1643667d36056c2b08f393d6e3e6d902de12c,0.19367453303581278,-0.24522933611813125,0.01919529070001208,-0.1998308020023336,0.11592940435745648,-0.3639944218389368,0
logging-log4j2,8c054fc73833ba1ef9bbea916d7c7201c20a8730,-0.07145151325059719,0.8882087411724084,-0.2937852730348007,0.012665256825077511,0.3774619997431674,0.21728607657167387,1
logging-log4j2,9618ff7161113eef21a06f87c99ef151137fea03,3.9279108474768827,13.701287831291994,-5.633271137884793,5.140874208987907,2.285756154896724,4.818986019660961,1
logging-log4j2,b8931d733a39a3e89f16680d7b45778ce312ed5f,6.638096417545997,-3.106713055182823,-1.1086783216633809,0.9172049033331919,-0.43215223565685357,-2.21985680860913,0
logging-log4j2,2df18f2926d4e1cc499b0b189884c0cef0a13e32,3.921946140444166,-2.00852841696352,-0.7840529275579017,0.49495663825921987,0.11865731365224184,-1.4538030574001217,0
logging-log4j2,d39180ca0dbfc4826c802a94f89242d96c16af41,4.350342497039312,-2.0870742810141643,-0.6649618798718843,0.41871996016725266,0.15030777511574517,-1.6753506610118705,0
logging-log4j2,77ff53e6514bf0f3735133334a75a587f23f290c,3.505470266466084,-1.8056131125278452,-0.6969603397398084,0.4341873563491805,0.2856451642741501,-1.3625634484888385,0
logging-log4j2,04df7c97c35b0294a9a254d486a004eab06282c1,3.5340704573829864,-1.7410447402709779,-0.5989236568729788,0.36768823655151617,0.35360604829293957,-1.3388047888649997,0
logging-log4j2,c5da16880628cb4740178470e9bcc1eefb33e8bb,3.3634732414829256,-1.8119474094815522,-0.8142338804495118,0.5193126511548445,0.24241564843688562,-1.311153805078252,0
logging-log4j2,02ef333d56303c40bc56ce34b25f0d5e198a12e5,0.13233157301884915,0.6122006043954469,2.303528765105252,0.9830364090682029,-0.4085352714500567,0.29702503234070543,0
logging-log4j2,af0f9cf42a2ca82b0dec2ee4311730262f2e2c22,0.2591822930753581,-0.29053525662269963,-0.020855872451883663,-0.19867637287471648,0.16996537028993328,-0.7226800609961955,0
logging-log4j2,b34f8ca6ca39c3bf9e1f4ad734db454c8debdf02,-0.3314878470585656,-0.21948945773425216,0.5984482381700537,0.4649386621738666,-0.05876620418562624,-0.1357751336160187,0
logging-log4j2,7ba5d0435bdffba0ce7ac5d791fe09c06e2e9f4a,-0.3334944780964248,-0.12493288488577982,1.4972970060391266,1.1914244746084035,-0.17453278437950254,-0.016513994687285358,0
logging-log4j2,859ace8952061cdd8f7517ba48625974bf7e5b69,-0.3508044202215116,-0.24935018300496517,0.14643698823636936,0.1061037300139097,0.020379115686380116,-0.23505375315375643,0
logging-log4j2,02d99c3e3f8e9fb40cacfd488da5e1c91785668a,-0.36437103265838167,-0.29595433880570626,-0.2993156423431389,-0.2599353796629946,0.08958108601069957,-0.3210066551322147,0
logging-log4j2,9b62fd2f8a1913c7da235cfeb32902965ac62c71,-0.3421891099168662,-0.26043315881795515,0.20730309219362744,0.1586259594168405,-0.006057295630259753,-0.20531326591703652,0
logging-log4j2,31c60200fdc6af0677b27bc86b1404e1b78bb2f2,-0.3512672220836146,-0.29664346192640173,-0.3024882357721705,-0.2578274049139763,0.07805097766739688,-0.2939210844470404,0
logging-log4j2,352cda1c7c9c68b0a49d6e51641565bfe47e41a6,-0.3616241856251732,-0.29692795003365485,-0.2994406096867407,-0.2602062056641829,0.08603103623654539,-0.31131749996293345,0
logging-log4j2,e532daeb9ad747ac69d76ca325fa80ca05126700,-0.3831881665496648,-0.2350061368344907,0.5536330855548148,0.49977321794405183,-0.060250917578740376,-0.21238280424661643,0
logging-log4j2,69c8944dcc54c87e18fb325ba4da9a6533533468,-0.39112960750672415,-0.23200302054078897,0.5543061986580973,0.49981844832067657,-0.05233746311365262,-0.2296133956506068,0
logging-log4j2,623360f5a9792c43d24580ba24dedab162abc73f,-0.3990710484637835,-0.2289999042470873,0.5549793117613798,0.4998636786973013,-0.044424008648564835,-0.24684398705459706,0
logging-log4j2,fd4429d3e3d39d8790381db76ddacbaaee6cb532,-0.40420230366318466,-0.2763587136622279,-0.2975486994106782,-0.25869138904730965,0.12665114412943768,-0.3938421343246404,0
logging-log4j2,cecaaa45624d4df75b4a118440a637f7f1392040,-0.5197872654420256,-0.11505683203718137,2.964140584388564,2.8929937122620157,-0.5720255796721263,-0.0025400120683786442,0
logging-log4j2,47d334d425892c0e897987cfa9a23d46efee79f5,-0.4990009827464134,-0.25223414944324735,-0.30674066121487836,-0.25187069075753554,0.13193772225033543,-0.29614798682952864,0
logging-log4j2,1007cf0964f43b6bbbbbbc36d4f8e7e72f7cb23e,-0.4366932544419654,-0.19194107046294903,1.3579262689300529,1.297255356170492,-0.22401033881792107,-0.1559978199975105,0
logging-log4j2,f1a0ce26bf94f8d4c243b958fb42b64289c95dfd,-0.4446346953990248,-0.18893795416924736,1.358599382033335,1.2973005865471168,-0.21609688435283328,-0.1732284114015008,0
logging-log4j2,387340bff5cf8e71f731d9fa289fbb01f939f96e,-0.4092817461781195,-0.2787054292529457,-0.2950607798839435,-0.2608143619914058,0.1303754007692984,-0.4035204295070481,0
logging-log4j2,786c011e291a9d585d7fd105f0686d24b0f15b8e,-0.4255125741129844,-0.04052961612057441,-0.4082908087547441,-0.15658509139214818,0.09848591962422906,-0.20996237293199504,0
logging-log4j2,bfed0a38df579fc2c901178d32ff3e2bd14b84b0,-0.49878455236063846,-0.24245278303154322,-0.31007541377745534,-0.2495558510299437,0.12904913507199525,-0.3015807108029911,0
logging-log4j2,12977a910113f93e9603128a5ad10b6ead9586ec,-0.49988957122208066,-0.24442834770804223,-0.30982297850058244,-0.246582144145199,0.1434715481601048,-0.30061686927803066,0
logging-log4j2,b713368de59703267a6bd128f42c0a6bff0992f9,-0.4553974410516825,-0.27108058589863754,-0.31447034403115665,-0.24143314388731818,0.12780946767614398,-0.332252129670749,0
logging-log4j2,ae2afdd2109f6193d2c0dc2bf4df2227b349e283,-0.48888006612257545,-0.22969728187270705,-0.3207006404117021,-0.23602373026456694,0.14073999561740105,-0.301378445921064,0
logging-log4j2,164290d8aca84f0e9cdbfc9e3b98e315d3bc4c0a,-0.44996736371674073,-0.0964869895330915,-0.39208962357502214,-0.1564746675971272,0.17756336114080856,-0.2530189022073989,0
logging-log4j2,2260eb118fdfa0dac4e96e8462aaafa27eb75fed,2.0049521928702605,-1.1367348309812801,-0.36677086964934835,-0.17410133581457937,-0.5932675516189496,0.2412492178901941,0
logging-log4j2,25486d0754555cb281c60b912d98fb423e2f4f8d,-0.5031460882786969,-0.24633299748441734,-0.30833562071670934,-0.2499722926650812,0.13645673841849087,-0.30275262651152246,0
logging-log4j2,718ff1f7b57accc09ca80ed6c0c8b1ce784b3670,-0.41918854447278653,-0.28429037785870437,-0.31680345480729755,-0.24282109637845053,0.09055176511136188,-0.22394584644477517,0
logging-log4j2,e341f8a0acc16c5fb9281fd71c43f5b9959fb0c4,-0.4123006913080128,-0.04851805893535865,-0.23076224790088104,-0.39419861129380324,0.030447073293377473,-0.1426101758870772,0
logging-log4j2,c65bcfccdb89a3a66b0776423fd0bd238e7c4f83,-0.49634600883939456,-0.22394051581123348,-0.3189182167668221,-0.23945154115070658,0.13568955998509158,-0.2950206921254874,0
logging-log4j2,74ca8b58f0d4e1b99bab2c4e7b8f56723b705019,-0.4858236773437901,-0.2546839319969309,-0.3089419023095395,-0.2500704926545527,0.12292425842725471,-0.26842859990024226,0
logging-log4j2,e404ffaa1fc35f08bae320ae6bc870c040c88f0c,-0.4929828433410653,-0.24452154589608366,-0.31036828857528376,-0.24998521207228924,0.12234870292408564,-0.281546145240402,0
logging-log4j2,7af25bd1c67814d3a0b3047004ded82d3d7754c3,-0.4854472930181739,-0.24548341520624076,-0.313057429016568,-0.24415678756022907,0.1395237223460056,-0.2886665050959523,0
logging-log4j2,e730f06b81f67d1be5a0a6215e6f465dca6e2b25,-0.5039823355488484,-0.25028878773732416,-0.3062222432240918,-0.252018546486693,0.13657781975692967,-0.3032350925245271,0
logging-log4j2,efb76dcf797b5edd34e67c446cbcef06577d0caa,-0.3339798678930745,0.15088092007278694,-0.1493438772263336,-0.5428359440425274,-0.07437997210046715,0.02141555452696034,0
logging-log4j2,c2512843c67432b6e7dbf5e73297e7f9b9fe996d,-0.5014089386919256,-0.2403783233356371,-0.3109237930643248,-0.24506232316925344,0.14511496438712412,-0.30126860135994926,0
logging-log4j2,9e2c23f4abc064e596408cc6639c859b2f37e77c,-0.5041812337811091,-0.2500684090702437,-0.30625091491680034,-0.25201290090397244,0.13638724432525284,-0.30370453139465736,0
logging-log4j2,37bb43fde3d2fbf94c8a4e5a81d33b769e39f744,-0.3821995137037283,-0.012141632093641181,-0.2579534941480326,-0.36518951281783174,0.03703266419071811,-0.13008509563416093,0
logging-log4j2,982dd42fae6e5db21725c8220c77e2a9e3cd1531,0.04135356270180538,1.1247209090434882,-0.07392065170711754,-0.8503941397991166,-0.5425250584361047,0.661950852329242,0
logging-log4j2,b76b599739780a9107ed1c1dc8d7087463653164,-0.12342059901630047,0.14788700908971267,-0.04168869286073619,-0.472294286666695,-0.03668036981562623,0.025325748210373672,1
logging-log4j2,3d0b37924c6f360d6418a90dde77fbc61bc0b6a9,0.9745885046759676,3.167543440856208,0.590687682438477,-1.7862573528040322,-1.1602912064486273,2.2085272564552922,1
logging-log4j2,81d5be9e2f962720bc23f2e9e7be88b72adda58e,4.4967535451442755,-1.2948840717837489,-0.03419052229858817,-0.5120204629606934,-0.8160000671439958,-0.8249700782055288,1
logging-log4j2,14648a64544ad08f09cb9e6377e82a816735deef,-0.20937450118379705,0.4826307898361673,0.027345563094558583,-0.2476709344655874,0.008137888826197875,0.192063694824467,1
logging-log4j2,f03a7280d21b17f1bdf65a57a5d24b0ec17c679d,-0.5298131450998541,0.026793707368755554,3.142149583525307,2.762422158502384,-0.44637909734543746,0.18254226547133687,0
logging-log4j2,31457f40ffb52d5f47328e70b6a8e29fdd584119,-0.49698502787345333,-0.22579023885469712,-0.3189127159900004,-0.23631052492400317,0.14889067692758953,-0.2968596001250074,0
logging-log4j2,8446d82365b0d2fb50d2db989a588aa934f3c3b9,-0.3951588836914347,0.03103596321314673,-0.26953325732322003,-0.3510554530204938,0.05092214480837036,-0.11704985112375993,0
logging-log4j2,d2adba0d6d554edebabd7367c3a7a7af6af09192,-0.5116033672738244,-0.16988408461265675,0.5349802880761358,0.5213848782632705,-0.008216998838469956,-0.1817199452792984,0
logging-log4j2,cc657047317a0fdab327d661568d177655482e9f,-0.3733276014727552,0.039572501531001024,-0.277766405340709,-0.32999443148943375,0.08984191817806321,-0.09202535941531759,0
logging-log4j2,f276b5f9da7aecd0b87f4bee11158e52beff0331,-0.5040287713567628,-0.2492062527286234,-0.30663876913079946,-0.25144930088075856,0.13702386643660897,-0.3036765326146881,0
logging-log4j2,1070916a64bff567349d89703108dbd4053a5125,-0.3571847999626241,-0.2594864207161552,-0.24700986800224184,-0.21507313735039443,0.14221059211484405,-0.29767109667278346,0
logging-log4j2,e69401d095cd603147418960195954f77f760c70,-0.47059843462812867,-0.23794077968041577,-0.3220029534536107,-0.2323925806232639,0.14428857121621821,-0.27668756624052177,0
logging-log4j2,c5b55838ca561ac55e6088ba5d03a5bd30f32acd,0.35659783250896343,-0.513551551713438,-0.2603874803156901,-0.27787949693648883,0.036079382735134,-0.8062725917631501,0
logging-log4j2,b91cda25b615966d1bc9ceff040cb57b1621733c,0.1504417466010743,-0.46381104854715344,-0.27435691533710316,-0.26855490218445704,0.054159305297231106,-0.6264944047477228,0
logging-log4j2,8c0b19df7251af9bbdd70add3129b8e7a77dbaf2,0.135197471890065,-0.13748968761279629,-0.20570363765949004,-0.12466875958018148,-0.005070650331033977,-0.6024088133654775,0
logging-log4j2,90b5d2f57d74925dde9572e940a49cde587074f5,0.593127441683598,2.657191697827891,-0.12696268754111645,-1.050311090104516,-0.8962208553312383,1.533106505738574,0
logging-log4j2,cbca79446ab0cf01abc5cc4a2cafc507653a9fc0,0.6313804871828257,2.4863697358732626,-0.07409358416211795,-0.9240798833239227,-0.7996336204410586,1.5895307798253162,1
logging-log4j2,51ccdae99f71d3cd5a01df18f213249e4e6daed1,2.5809115434128267,-1.3374106430725803,-0.3901141129213981,-0.0373970744433217,0.041094130654393685,0.26951529980043554,0
logging-log4j2,2a7d1cedef9dcd33f0ae5fe58adf45f853d3e86a,-0.21373287449569972,-0.020205751872260074,0.19848245201912773,-0.2335222631411077,0.037349313159927865,-0.13024714667474394,1
logging-log4j2,951b40c64001eb304358fe8a91f61b565a12b951,-0.43764804412641783,0.03848163185604623,0.8850950674662404,0.6321954638288405,-0.19817970016314831,0.014993465470831566,1
logging-log4j2,c5f2f2a413e414e59d48f685e5db336c086f3fad,-0.5007602353039923,-0.1979504425444764,0.5441129281180717,0.5105613689834335,-0.019929042688021915,-0.16193724834438813,1
logging-log4j2,54649cbc158bf5975792eccb0fedfe39eeed1de7,-0.4424633056925892,-0.053249992341243974,-0.14617253768717967,-0.023471854019096773,0.12066974106263213,-0.20234288662468403,1
logging-log4j2,d738c178d46dcfabbecd4623fd2b98b3d7c1a756,-0.501415812226741,-0.2457971540110204,-0.3076144251075275,-0.2521366886472297,0.12876830079950372,-0.30216051653864523,0
logging-log4j2,5e4748acd0ce2808a54d227efe8c5c915c95c0c9,-0.04587848084355411,-0.3830164976365454,-0.2759895898574286,-0.27353788863035433,0.07006703532570904,-0.6073802428073133,0
logging-log4j2,87a2a73c2687eca873490c83faa6da7d527636cf,-0.11584185590752671,-0.3411037422611901,-0.09351296796906111,-0.17026198136629858,0.05489878762000576,-0.4512865574315933,0
logging-log4j2,c4e52eb9dca46411d18ea3ef5a58bf892eaa269a,-0.4606565230692973,-0.26887034457430853,-0.31361426968304823,-0.2427565066584138,0.12696967575695017,-0.3324127897311805,0
logging-log4j2,046a5cfafeefd844bf23344dfac93c174abb59ab,-0.5004671323549346,-0.2374130511542221,-0.31175570359769583,-0.24803193213255248,0.1296491777117822,-0.2991019693686511,0
logging-log4j2,27b06b9bce8e8825272ef940c677167aeebd2c48,-0.4999475462765304,-0.23529228904617155,-0.3139649198857193,-0.24264898564607953,0.14321499810022398,-0.2998172644615599,0
logging-log4j2,618b28f9e2457fcd4c10817903265cf5c46f04c8,-0.24192684808524018,0.11447828387247891,-0.15606926553005132,-0.25311147077009166,0.05531641386600158,-0.1631152512829723,0
logging-log4j2,b8a0d9fc14d9176cef73ae6614057296fb3a7d33,-0.436536115484953,-0.03089955615494472,-0.195042713007204,-0.04136374652788107,0.1490745272464521,-0.20615192916711872,0
logging-log4j2,d7d5cfd796cec47a5b9f4ba669076fd98ad92673,-0.48843296943715786,-0.1608461773995683,0.12002217273092537,0.1388592873929961,0.09472898954007292,-0.22335284724893212,0
logging-log4j2,a8ef29e5434dbb825f8209a7b2852a5113185b17,0.31056098474539673,-0.5111015479745261,-0.29792612052381984,-0.2568507918596812,-0.0939047286052531,-0.39915141227008444,0
logging-log4j2,b0b463ff8c91616fcddf74c7a281537d9268d5a6,0.009943796130154964,-0.40396040389568033,-0.2857177103120031,-0.26149071289829656,0.0576424876259566,-0.6141030516193433,0
logging-log4j2,ac82a0d782a583f059778f0db3c6012180747fb3,-0.5028457474547048,-0.2503566077923564,-0.3065908638470596,-0.25156768695329634,0.13626040439647658,-0.3046319234240066,0
logging-log4j2,d104162afa6912ad71aa5e6cc8b99b777e8ba815,-0.40240047617293273,-0.014672880187976895,-0.24426455122128324,-0.384996441623991,0.009697643663102273,-0.1188609707836651,0
logging-log4j2,2b93414a403c21003774f7b0a8f92f143b5fec3c,-0.35655494737471566,-0.27554831490814174,-0.3092793121939173,-0.25035065167437404,0.09317297256160592,-0.3322303946741048,0
logging-log4j2,d24ebef87bc9e560580c4439c31fb6fb8fe3c30b,-0.456362402932472,-0.08957949908931731,-0.3856744069290493,-0.13888468377045515,0.26753906475057077,-0.25914576526654887,0
logging-log4j2,00823bd9541bcab405f57ffda2db050aefb87181,-0.5021128716501495,-0.18556687421241994,0.3772550236128409,0.35718605845718315,0.01818947527396386,-0.19536457485119463,0
logging-log4j2,98a66a14561e7b1525a98080be1362e0243a56d4,-0.4184208290130368,-0.2817242367685251,-0.32170786355096265,-0.231488371239702,0.13246173938910974,-0.29865867251139355,0
logging-log4j2,e54e2505f5e6579a25848d39ed2fbd7a6d03c5e5,-0.29907798325679424,0.022307757821556157,-0.1616338786830949,-0.33665729593983995,-0.006385183645795636,-0.08727776116273878,0
logging-log4j2,06dcce455c0409f47e808fbf837a136f140e18de,1.6554904518732523,-0.3380085783953676,0.014281658618958784,-0.41611226478949137,-0.26809933077440545,-0.612345627502072,1
logging-log4j2,c81c118a2957cab9434ece771daef4cb8311ae63,-0.46638474836056754,-0.12233883383600441,-0.3722848228041091,-0.17472336699369476,0.18309604437195856,-0.2665684190361104,0
logging-log4j2,b5ba8b78839992be3ec21eb5e9931f49d3955f00,-0.4886217901944352,-0.2467330267471514,-0.3117380161921819,-0.24703869198009604,0.13026756421761507,-0.3020166082483125,0
logging-log4j2,64e3f1031225a4c998ffa03a15819a51dfea4532,-0.40831361448913855,-0.27112580692310506,-0.29901427977491984,-0.25553554295695124,0.137367646185059,-0.41150816039921906,0
logging-log4j2,b8f6a1c5758f5d634b5d5cf3f4c4ebb571abca23,-0.49845284394954714,-0.24258367270238967,-0.31012165697351296,-0.2494349223037564,0.12947954611857854,-0.30087397440788577,0
logging-log4j2,d2aa15bd10e502e688bb69de60a87d99455da168,-0.49296947588714846,-0.21308097814757712,-0.32210356486491687,-0.23994938328759807,0.11905573185532813,-0.2895228089886114,0
logging-log4j2,65c2b53d5e20246e03348abc17fce0f9956a67f8,-0.5030079687435058,-0.2456070764500476,-0.3086650754691058,-0.24949207811999397,0.13700724314586316,-0.3027095194011335,0
logging-log4j2,3ac727026f295941fe71a34d6c80afc242f38c0f,-0.5040954934821634,-0.24960560938817175,-0.3064602676605587,-0.25170809508129477,0.13673477063847297,-0.30368168879450785,0
logging-log4j2,b79d6c5d7b6663c38b07ce88f924efe7419b9455,-0.40863772659118613,0.06916518077929765,-0.4678963621224498,-0.034202847189419336,0.3587797890606935,-0.21325325787632632,0
logging-log4j2,b96f5220dbebf6e0a4fb9f7da07c3a9d7d443418,-0.21851088222756893,0.3189378782499411,-0.019858577356369495,-0.3193958260630597,-0.02803186574461903,0.18626890411521224,0
logging-log4j2,db946ce77cce33e8d722d3b32d0bb91caeb0d17b,-0.46756025829512154,-0.2648631844496264,-0.31119686020622395,-0.2454484416303105,0.1326414954629971,-0.26939142252970794,0
logging-log4j2,f56b8c1ab6afc8806994eb71846a3dfcc9ac07f1,-0.4717071678835717,-0.19816338389451935,-0.05653325119273763,-0.06134096090798761,0.11534521152125028,-0.26129118955446534,0
logging-log4j2,2ce1a7ff25b1699d94dc0e73ff889b42002a728f,-0.21404717079915225,0.45558342557243475,0.15766609872142034,-0.472660609871767,-0.18068839334278,0.252707322794412,1
logging-log4j2,22b57e14423859b08a72a1a042d5f041352b140b,2.650894030784015,-1.296707991758468,-0.34086045177575414,-0.1920455167235254,-0.7146205385554,0.30675334526617204,0
logging-log4j2,698bf360f3880eefdf58989ef63911b955602f2d,-0.49399194870518287,-0.21541758652415297,-0.32388318684967177,-0.23524492903166105,0.13350544792363953,-0.2928068447877692,0
logging-log4j2,002a19332c6f3cbbecdd93a4310e498bd24bee8e,-0.3841985124157241,-0.05402732155635442,-0.2347650230058747,-0.3931893137172274,0.002214061794862796,-0.1010558858640094,0
logging-log4j2,04acee201919ce57d99009b625b5e91a8d9e052c,-0.49836487337528673,-0.22975747896793897,-0.3172203540790212,-0.23991788565099356,0.1417086735958207,-0.2982673632064025,0
logging-log4j2,2d4b2c1bba45b7440457a14d5ffa8fb0557fc6a0,-0.46536209114776705,-0.20529770073803974,-0.041012353947330514,-0.047300039126221896,0.10551202731570129,-0.2324455023833524,1
logging-log4j2,c1b90f96151c1a0e217ee2ed36c29eb325ff7d25,-0.34185391507475527,0.15675106313381276,0.10448039914663156,-0.0853167719948267,0.057058457287230586,-0.025056253282259328,1
logging-log4j2,a0fcb1557f19ee22e84c32901843ed4eeab1bbc4,-0.1201524612661517,0.7787108523805818,-0.2711460841343926,-0.47809836344756645,-0.15315092814436118,0.32752561643544537,0
logging-log4j2,42dcb4588d79016b7906737ab66603ce9c27f968,-0.23224500651086102,0.04497303751643592,0.04823721933856482,-0.21540628621276442,0.041246324105423754,-0.10624655466468405,1
logging-log4j2,9caf597d1dc08b7bb64e0b6f5a128ddf18684fdb,-0.46391506224331663,-0.2606150613391896,-0.31359612368955336,-0.24409937824832761,0.12447147863523954,-0.25193465123096265,0
logging-log4j2,bcb7264491b89a4cb9f672a276cc00ff48c484cd,-0.26738681534379877,0.28331247219668737,0.16079866847776458,-0.0561046612601679,-0.05667068772974093,0.09563774371936694,0
logging-log4j2,d7d88b13c5ee60572387e500442f2396fe616718,-0.4878689566719187,-0.20187348503174854,-0.3308461513590598,-0.22377567603098963,0.1503152746950679,-0.2886738394153005,0
logging-log4j2,0af515f3b1ec67422de254d08ac87b135e3c6923,-0.4028774317609595,-0.04308779034857932,-0.23461768996008223,-0.3899829361234864,0.031295018314104715,-0.13179545597986583,0
logging-log4j2,1c2ad7b807c3a34039206e17f3f71be6b6dc5216,-0.4866625401425509,-0.25267398560995974,-0.3104480619157547,-0.24757802335110807,0.13174952806205173,-0.2821165162972262,0
logging-log4j2,76c68b21f0b79a6f3daf1d7160e3af0b0ed78180,0.000763658273320527,-0.17391949304633966,-0.21690006489302804,-0.399569873459567,-0.029326778468433793,-0.3418561523469904,0
logging-log4j2,d0d331fb93ec3645770b67454c4c11e5706dfb61,0.010641612231978672,-0.3863360983207633,-0.16792479256378565,-0.24290427114565613,0.1078791236443717,-0.6114118967718747,0
logging-log4j2,aea91cc1896860134b9450b70e220a496c59c0b7,0.03978310709783034,0.7567414755018717,0.22023452445288882,-0.7218838808898367,-0.32283103498437504,0.5420670336027734,1
logging-log4j2,991689079195f6055f06f678fbffa78974240115,0.4730544910274674,2.0686024056775154,-0.17926311554388036,-0.8849618622979308,-0.7972310104289361,1.0734403749286494,0
logging-log4j2,11fb367f2aae30dd3eb67048e635396a9b718203,-0.23762644848709236,0.5168201753025498,-0.3489216403363899,-0.11106591354534634,0.009075156016080296,0.0826654007248194,0
logging-log4j2,8475d17597a09006808e747fd82e6ad126227641,0.5280855452243582,2.0483506457428655,0.3218938112820994,-0.9766788305304536,-0.566836342378596,1.285673998869454,0
logging-log4j2,394c30f594c9eac570a43313bf44be4bc60cded9,0.14254449401684655,1.1360467698582288,0.07349664085782455,-0.8204851860055665,-0.4637479709669561,0.724209708567764,1
logging-log4j2,f64ea4b597ee6cef22c99ed5f382489ff87431c8,-0.3941378453620631,-0.014267577632315884,-0.24481046054363384,-0.3868768850326271,-0.0028354492730698773,-0.12641668177966023,0
logging-log4j2,ee2690bbaffc5a9b91d10a029c2059b4f9b1d533,0.10923527853175274,1.2730599846368043,0.14180378168814523,-0.9796164948562437,-0.5683127786708787,0.8013501487462172,0
logging-log4j2,3bc94c0bbe07719affb38c08124bd917a061d3fa,-0.4910183631911432,-0.2512783267752646,-0.31001418865575897,-0.24801100589957759,0.13311057746586727,-0.295165247433168,0
logging-log4j2,6fd6dfcd7fa772ffa1a4d3c9c783b5b0af7501d9,-0.39268724632391927,-0.1994175666665292,-0.054192939915829456,-0.13387581021565725,0.12621360632460102,-0.20266509885617934,0
logging-log4j2,873e7efbab22aac29e29716a871ff114c60202bd,-0.4484915265068896,-0.2735602875280762,-0.31505221348614243,-0.2395938206124983,0.135640225341143,-0.3026573690580143,0
logging-log4j2,b77b7d039653bc1675e7f9a1376cedf9e4fd16c5,-0.4497343910993268,-0.24985838030918384,-0.324816791853228,-0.22664788615330983,0.1516668171126986,-0.3054000317054073,0
logging-log4j2,40f60b738e6f86e07bd48bab0e12b5913928a24c,-0.29833782855120305,-0.2845370765507774,-0.2960773155886843,-0.2594264200441723,0.11067824581849407,-0.4870529772675598,0
logging-log4j2,fd4ab95015efabad6383ad782e37e381a7462c23,-0.04472386669443428,-0.3609554652977509,-0.0804700621366694,-0.17752010136711197,0.08172433715924325,-0.602812618044108,0
logging-log4j2,5e72f2cac4ce7ea0f38f12f7fcd5f708548d33db,-0.3773746798604978,0.07533211243917504,-0.286132156641279,-0.34198696493772945,0.014017952756487252,-0.0963824379027069,0
logging-log4j2,f3be87900f66be98a6e84c5c8dab5986c219466f,8.492061468564556,27.27650244061306,-8.252309989504981,5.0063592424378225,-7.998450827251296,12.041034941716399,1
logging-log4j2,69b14f96e22f5b79a9a6e20552515f0b5edaa3e3,-0.4750453979098733,-0.15906380261097497,-0.3467725342851668,-0.21477300289069698,0.11782254611298147,-0.2710690312440449,0
logging-log4j2,e31731b6898a3f241c65fc613e7948284a4a42df,-0.49723007190407226,-0.24737011633999836,-0.30949193876663134,-0.2487802835834718,0.13363698133802465,-0.29408513597361696,0
logging-log4j2,c8c6438daffa24583756cb0912f9af8e4605e73f,0.3312852317808724,0.16546530461485168,1.5396764887937926,-0.040120561475339614,0.41841779259919454,-0.16747420522587914,0
logging-log4j2,d5071900b0c72fccd8bf7e2ccee3a8164d4fdb25,0.18810713061006687,1.653810463203414,-0.38083255925364784,-0.5577972668878353,-0.5467847993054827,0.7980635435113843,0
logging-log4j2,1974c8202eed10d0c971f493ca2c09a05bfc6cbb,0.36145403812168264,1.7658916471509223,-0.46953736591061307,-0.23757085544903714,-0.1328037583430092,0.7178070119690794,1
logging-log4j2,bd649ed99069add1a2b46b9e8e1079803d9507ad,-0.3425546488032536,0.12082617483992036,0.4861125080469402,0.11887578239905906,-0.05720027110611861,0.03070812312259752,1
logging-log4j2,a6f9d12bd93ca7c7517c3d22addbfaa236252a5c,-0.5003081325579812,-0.23719200148183922,-0.3118906694907809,-0.24781765346243986,0.1299905025337647,-0.29885453958855623,0
logging-log4j2,4ac36e1341998053c94646772ee345e09e58e12d,-0.19576570777443972,0.6219429353866424,-0.40464690918217566,-0.28609108503836755,-0.045842660252424866,0.15976019291661459,0
logging-log4j2,66669d2dabd9b1854c58a09f33558e25e9555b7b,-0.3442990337288916,0.19847595816725722,-0.3446034542458391,-0.28012294636249063,0.026614750406866405,-0.05677606999636395,0
logging-log4j2,34a41236f9d609e40ddaa76c29e35413b8de6ef9,-0.4687373407782713,-0.1408377327726229,-0.0661656140023811,-0.02142661857926971,0.1196225834796956,-0.23174289722193478,0
logging-log4j2,6466fa17151aac1c9099755e40b6b7b53f852076,-0.4814978507019517,-0.15744588164973342,0.035598275096748594,0.0642734162899214,0.1168712921200685,-0.2312615705018752,0
logging-log4j2,c770ee928abdb56581cdfb36d38a7335eae84907,-0.3713497645443315,0.1863315040457646,-0.5187875884114199,0.059711109568132234,0.5178039102854691,-0.180395462774037,0
logging-log4j2,19ac9876f81629a318fad85ce5d795e059ba479b,-0.4035159825623113,0.0006618250149387921,-0.25109325754507344,-0.37737751479689885,0.01671426606209464,-0.1222714124334063,0
logging-log4j2,f11a6525375772fd86c51b90008353707f1d03a3,-0.504259485599492,-0.25010847893725907,-0.30621180592970093,-0.25208050694150447,0.13625195469470733,-0.30384842074268437,0
logging-log4j2,ee6f50d4c8b809272d496d221a641804f7a71220,-0.502885501819853,-0.24561337360028543,-0.3084055494348891,-0.24880504400330541,0.14043126491186797,-0.30254220372820206,0
logging-log4j2,8c922b058306af0e371a825b4d06d6912fe331a8,0.3108709490646604,-0.5206916931032579,-0.3511315883975849,-0.19388137373024592,-0.05830902853814652,-0.06072032103427093,0
logging-log4j2,49bd0924f802af2d014938f79522c777dc73db33,-0.469878468600758,-0.1414054573742568,-0.35649523820304246,-0.20451695643165815,0.1209174143191132,-0.26607935984837044,0
logging-log4j2,32adca2582538661c22475b87dcd855cc24a1bd8,-0.40368697835176426,-0.2807384080021211,-0.2961456217622234,-0.2593711975922108,0.12982480648886574,-0.40644016541203126,0
logging-log4j2,8f3dee3204e209975cc477a0a725d297525257cc,-0.2477651580815254,0.3953247445158172,-0.09962908050938281,-0.33134303553091493,0.039504460422782245,0.1159073779915114,0
logging-log4j2,19418b37df948609a8852a17f206076048043f6f,-0.2101188605474035,0.46102245817484183,-0.2960362118182178,0.03768461205082621,0.38601648491140517,0.07904862406606708,1
logging-log4j2,3064471eaa1b7f7d3c5e38349281e1ccdd054cfa,-0.3596537004527519,-0.005085069411233228,-0.05016708691323281,-0.2745978705935585,-0.003158130724761133,-0.06968814280958957,0
logging-log4j2,94465257cc0e2c3645ce08a72c1dbb64b63ae282,-0.4789973499415828,-0.26061575709612755,-0.31015933138367263,-0.24727150307731932,0.13003496458209826,-0.3051141465869407,0
logging-log4j2,1c0359314cb03e9ae77fdf1d1dafe9e7fd8e702e,-0.5018169441227454,-0.25019498631369025,-0.30695988819621045,-0.25087999662838406,0.1378653634259772,-0.30262262873144824,0
logging-log4j2,60833808d86f2b2ed1604f37dab124af31ca6736,-0.6106234378589476,-0.0877450648270643,2.952516384355364,2.9019235496767957,-0.5697490563341863,0.10601996276361457,1
logging-log4j2,96cc528db29bb5ede659c4012f88ba411cc5e857,-0.37232555777042714,0.10446716394331446,-0.2960403465194008,-0.33563060716333437,-0.002520640801972744,-0.08486938240480281,0
logging-log4j2,bb220a0cb09523d5a2c129089d5cd114a80d0afb,-0.49615942633644156,-0.22357297614755792,-0.3179072455178392,-0.24305299102289737,0.12435641421565571,-0.29369134839634176,0
logging-log4j2,23731ded060be8adde27f83f604f98ad7712abe3,-0.48261314787431836,-0.23275900109473743,-0.31857705135390174,-0.24056309106794768,0.12376984037504529,-0.27161043934345297,0
logging-log4j2,1e77460e9260acfee68faa2c92886ca6dbfebbac,-0.4854057698447685,-0.2289139040916984,-0.32023383848949344,-0.23819671633414558,0.13056629317166762,-0.28980353010245385,0
logging-log4j2,817d89838afea77e35048cbc8da7a5df38a0076a,-0.432517362376668,-0.02423660305164807,-0.43149945629623365,-0.11616457498634394,0.18858267435719395,-0.24004377598586984,0
logging-log4j2,16e7ef70ca44e0f403951fa9491ff3506139ee62,-0.4413957790678017,-0.18202165074799273,-0.3506184909408356,-0.20731460294902623,0.11639004521804353,-0.23160676537335967,0
logging-log4j2,c97864bb2ec22eca13f67081e6c68da3c701fc1a,-0.4930728976168372,-0.2125455745053197,-0.3250037104101692,-0.2325089663339979,0.1394819837529707,-0.2919698431277021,0
logging-log4j2,d40d24c8419278c2bccd9747f465875f5d998efb,-0.4873535319540092,-0.19222495733727762,-0.3377472080306078,-0.21779106707488713,0.14995884985912242,-0.2876437551179773,0
logging-log4j2,ae159dcf8dbe6d1983223b953550aa98ddf88cf6,-0.47808835206366734,-0.26021254641317393,-0.30921258882324615,-0.24913396604765803,0.12586326099884312,-0.2622385582993453,0
logging-log4j2,f5d0433b81d9d95699fc9c13a42a0eb76a6401ad,-0.48637147772273454,-0.2014407731970421,-0.3281769351493674,-0.23519575376550209,0.11217150020928293,-0.2862072078989253,0
logging-log4j2,8a149a1060b4010359aff94bf2eb601bac8fad7f,-0.45699471906697153,-0.09408031032511086,-0.3778123871217006,-0.18108153827819537,0.12799102649484032,-0.24933266287728897,0
logging-log4j2,5fa1ac1dde80ca4eb608acb5517ee4d60018fbe5,-0.497103839219533,-0.22656376817460788,-0.3161453882994613,-0.24463066024901392,0.12477593755742095,-0.29470110851124554,0
logging-log4j2,a9069ad0375c0f2ca35d76336dd7d69e9c935cf4,-0.46060360714206805,-0.10609188679660804,-0.37104989819913525,-0.1943293319354229,0.10188602398726318,-0.251543765028733,0
logging-log4j2,7ec63ce9b1eb0aff62777a559732382a959100c1,0.37975754201342743,-0.238111267772603,-0.35644979612895894,-0.29075197643894646,-0.44997882191094557,1.2544565061615207,0
logging-log4j2,213ad7c4f8efd7ce3ca89db969ef82e279818634,0.43269567913730766,-0.050859719014785386,-0.43536479800557365,-0.22823092076015417,-0.5245401165462621,1.3180312459501289,0
logging-log4j2,a107355edc95911622c1f642d1f5ac775ae3d53e,-0.4937107667930736,-0.230393536949665,-0.31810338037386837,-0.23906611062654298,0.1391787329435759,-0.2885613860418701,0
logging-log4j2,467142097fb973900a9dc6e31c3c019d6a9a82a6,0.49789493987749234,0.26326511068102576,-0.573194781946975,-0.07964471763915269,-0.4804157106844386,1.3853993560096995,0
logging-log4j2,822f106382180fbf3c0d36fde71fe8ee5bdc04b8,1.5011493045139563,3.2295181539231126,-1.1062856191992885,0.5805217848815394,-0.09843308329099817,2.667331734101169,1
logging-log4j2,a559d5caf300daab8d4d9d0ffb7527628e2a9c0b,-0.414181124037702,-0.032894056546516996,-0.23705980820075184,-0.3878520720217157,0.033245104326900414,-0.13638225246480917,0
logging-log4j2,e7bbd27fc3143c5dda2dfa7d8ee553872ef5e2d2,-0.05312626481865386,0.23292770524234135,-0.2333064903920695,-0.028239465861966313,-0.06807058323081203,0.07216871094518323,0
logging-log4j2,6fb6b708ae895aad935b1690307b958c26111c3c,0.5609743604844472,0.5995479650901173,-0.7217322797736554,0.009293324372493863,-0.7025355756959403,1.4456682952989843,0
logging-log4j2,8f5ac5307d5917549f9ac4f900b154604af18eeb,-0.4009740130136289,-0.05064596060826032,-0.23211952826313095,-0.39311186614133947,0.025878217642305548,-0.1404130472674853,0
logging-log4j2,41ea561fb817c39d83a8dc95be5676a0ab8cc30a,2.5751750574127366,8.399343765838145,-2.517286075228638,1.25462646702888,-2.5704672171164367,3.9184732160641254,1
logging-log4j2,090aca8fb841007c72d354d69efed339bb949cd0,-0.42979069478841514,-0.023872697495467308,-0.41703482604932596,-0.14846954222567468,0.10221216222862178,-0.21719249460263162,0
logging-log4j2,8bc692211e3ea19b7cbb4918a6620be2c2a589a4,-0.07811272326050842,0.6187944414365805,-0.2038560423803508,-0.5918159992522626,-0.3832129492542378,0.3711013718714201,0
logging-log4j2,463d484622c033e944a7cad1964f92fbb69c1aa9,-0.24094284247397063,-0.31887975327058266,-0.2291132079856814,-0.2109911689124957,0.009290287474883273,0.04921984488479349,0
logging-log4j2,927251f9d7f31a9f394451c49302d82c0daed85c,0.245234417534001,0.9961569476492438,-0.25084420926754925,-0.6384906542789603,-0.688062426046638,0.8768471700416731,0
logging-log4j2,d3d3069a178e8ef6484d257b7be397fa40429685,0.3918688350979777,0.9307540603074372,-0.2613234126734896,-0.6303068881710711,-0.7578542244171863,1.2181800663817497,0
logging-log4j2,45a7da2d27df625855f3b0529a716ee931cd987f,0.04531004091412899,0.37666912465775904,-0.1223640502261365,-0.399397795875243,-0.2582392222627854,0.12378489191968309,1
logging-log4j2,e9b9ad9f1c1af8513b824100c046a78545527cd6,-0.27961888515167593,0.1484603595750591,-0.33986311194319263,-0.3029334119579512,-0.07722032212035683,-0.008802363145216346,0
logging-log4j2,5812bb56f0fb1994bffbb1e9fc27e859d1f7cd0d,-0.41059447013259764,-0.17229852966718562,-0.025558296822888838,-0.09712925650046933,0.11991194643916889,-0.21340811642353166,0
logging-log4j2,7994789d2d2cf85dcbb6518d36693d18082961f1,0.5841205708274323,1.9865261614824345,-0.1116292923693166,-0.36826417271004,-0.7634453984924173,1.2995778120988932,1
logging-log4j2,16bcf3f0711bba2140b68f969cf64e9c5c446fc4,-0.13493094643896414,-0.39220857193833625,-0.34678219926814396,-0.21898057414666547,-0.057280141708106073,0.308182197835567,0
logging-log4j2,4d9b9f3b66f9c816b876fb23c38ae8b45411ddf9,0.6217150283110343,1.729430847815541,-0.39982552127904497,-0.35950658648547423,-0.8685882203949998,1.4833482463307166,1
logging-log4j2,c72522f426563139f952fccc2e87b6c10e380e79,1.2526135040054223,-0.3267802296083341,-0.14406434474844393,-0.3782364959034606,-0.6856110925274157,0.936141162355792,1
logging-log4j2,557a4c87597895beed9d9861d8dc1a3e9f6ceb65,0.9760508311089733,4.010241139798827,-1.0383477009038469,-0.00775516577668298,-1.3082910741032863,1.8672101360932747,1
logging-log4j2,3c6fa163acb5598c7da44238a9154ed7f503f629,2.9177993684289634,1.0776450650421547,0.634681260841632,-0.7861644601370049,-1.287402017820585,3.5349143930083566,0
logging-log4j2,ca59f13c6b30ed68b195209f9c73ad7f03093001,2.615247391718567,6.856031126837788,-2.1464197590000444,1.0255360040043164,-1.8444725916894587,3.5110544736445544,0
logging-log4j2,350887ea8cdc309dd9813c028ae65f75f61e2913,0.7676237617798386,3.310513225655396,-0.8455866683200532,-0.0686214657197322,-1.0227577546067563,1.4858684929210226,1
logging-log4j2,3832ad9b31d3549f443bd2bd4b76c400cd47a8e4,0.12774897275679165,0.9931068424502258,-0.5278227389938408,-0.12625193831461967,-0.20265590309520787,0.5265401674618313,0
logging-log4j2,498bdb579a42c52542caf650bb4929dbf80ac8cc,0.2204171359119233,0.7241241611802759,-0.6235891587347769,0.035272473812179406,-0.17855829749381955,0.7624798898339653,1
logging-log4j2,01f59e4640b78f251813d712cc011686907de557,-0.34400742929615397,0.02796286695951715,-0.11650463865848308,-0.10153769142993811,0.14788032079037033,-0.15959035552125,1
logging-log4j2,a4ef9a1de092e8f4748716e62dff0d6972c1bcb1,-0.19492127085746852,0.45089348945111957,-0.1742999237420726,-0.1508876082465602,0.12594541490824804,0.06093700018197437,0
logging-log4j2,1db38fc42fac86f8da408e5450b0b3069ffe5caa,-0.40977454345998443,-0.1839646265144129,-0.21223579205279305,-0.16048288121389073,0.15271563483373354,-0.23023990845429224,0
logging-log4j2,cc0bf0b46232a88dc7b83a68183f6987b2809422,-0.4645968540184689,-0.18305139718830224,-0.3435529074930667,-0.21164791177478412,0.14082195904776812,-0.27149093876649866,0
logging-log4j2,e15d0c7126884f67dd81067e4bc939631a38ba26,-0.40888865764434645,-0.1481071139847462,-0.37510391111588526,-0.1763988641704508,0.14921865926242295,-0.24594656428902445,0
logging-log4j2,37d47a62a779d2d1a6f30a943ba7d95f876aead0,-0.13762163971417024,0.15252559552629277,-0.20141889311497,-0.5013275148643609,-0.2018903499847291,0.22602815198965098,0
logging-log4j2,3ebff538cf2c1cb6f4fef2855c7fa57386d4e80e,-0.04222387460991504,-0.1077877172100864,-0.30116612606843135,-0.3386089063791684,-0.18452075469297052,0.46566390149801573,0
logging-log4j2,d18e9c951723fe1908f4a9d3c8078ddb18d0ef03,-0.2452659419428582,0.3236951821238798,-0.15276599942806549,-0.23321470814078318,-0.11556570293572493,0.023471888718602785,0
logging-log4j2,56eba730fdc36beaab05f6e9077f752d138125f1,-0.4370795304395577,-0.2419806000376562,-0.1584777911890089,-0.16898126639311994,0.15453636898709272,-0.2647912232530071,0
logging-log4j2,8d56062ceaf7c85c422898ca363775ac0f205256,-0.23651186715722103,-0.054908972924478015,-0.27250908843264926,-0.36255744804031315,-0.0883373374665767,0.04487833281355316,0
logging-log4j2,8b9e0e36fd1d43da92d7054fd8b6692ca38108b2,-0.14440669401197065,-0.3505903747348843,-0.35805583289662274,-0.21216714617560245,-0.06597536250331873,0.2795362796645606,0
logging-log4j2,1279847e7b8293c03d9a97f92984770af3099baf,-0.3491126050884556,-0.3109652147230332,-0.32637120694747374,-0.2327681654674632,0.06343778875283787,-0.1585525912649443,0
logging-log4j2,13e51b2681ab40d45ec09f44a206576868a29d3c,-0.09687169167598707,0.3631758080286313,-0.18009571552682818,-0.4356708913948852,-0.23087727142546216,0.2668593029338463,0
logging-log4j2,e5a3b9e1ce8c660631c85ad4e501ad2bf9f7fbe8,-0.015321021072039843,0.07584831744836067,-0.3746786531516707,-0.279925712486118,-0.23793865992024393,0.4903290363244843,0
logging-log4j2,0f8a24f16011294fc0b103a0b930a3a11c0f933a,-0.09160369864293198,-0.10846051777733445,-0.29132977756746387,-0.3211487152115,-0.04991486949668884,0.3762719631870385,0
logging-log4j2,138cb1cecf44e1e812631643457e7e9c934aadf9,-0.012290171080138038,0.16683380389471267,-0.4131511709970526,-0.227351461158432,-0.17048788045864927,0.47140767970616304,0
logging-log4j2,4e820ca56d35423e993433c55c0d0eaa2c0cbff8,-0.47027264504720073,-0.13744705944228952,-0.3585186988435205,-0.19724190378094947,0.14246383990724706,-0.2656811367803542,0
logging-log4j2,090d63ad192d3fedbde20aa4578ebab8571c29e9,-0.42148810608350107,-0.23032417906244954,0.05183849068247092,0.03913601277997444,0.04186164045139232,-0.10758256941123708,0
logging-log4j2,7ab63d49d935d481048f78d7a80bb2be13da2693,-0.43508608662770326,-0.26801521028584124,-0.3174274182363048,-0.24372163700691413,0.0913515017557391,-0.18290891741580206,0
logging-log4j2,e0f5ec45099de8cb669c8b8327bcb9f003d3edc0,-0.4224308181787026,-0.19642498392784583,-0.34765408730174946,-0.20812718082217627,0.1141514823442635,-0.17740416920562344,0
logging-log4j2,cc215c76d41f8eeb6e8a273c16387a194b63278e,-0.10663054066730768,0.7551055624376479,-0.26661634380746335,-0.4931449570889873,-0.20230133393371838,0.3597050164266281,0
logging-log4j2,4f793c00fbc90390b5fe075d5e8840574b0fd03c,-0.4912663701327713,-0.2554796271168681,-0.3083381555499745,-0.24869039512417163,0.1391819611913845,-0.3019582527726723,0
logging-log4j2,6146960e01d3bd694a313b9be29dccea5aa8e7e0,-0.12111938781130217,-0.14159825543739757,-0.27214582867484255,-0.3542674542024422,-0.09243008118409128,0.3275746291138493,0
logging-log4j2,917afad567fba5f14de59e4118714b13ca250295,-0.047711184548776986,0.06742332595267776,-0.1455100361036834,-0.24937699851936915,-0.02656289842758281,0.41831993129470607,1
logging-log4j2,b3d6a39b00b167ce1e56c2a03e2e4512ef991f08,-0.4547523987055119,-0.0953566021410654,-0.13084078998585608,-0.025733188741019965,0.17510978304498118,-0.22788910567852588,0
logging-log4j2,93f55f378d72e806ac0672f88d24a908097d654b,-0.45561286176537835,-0.2047668929377759,-0.11447778553993224,-0.10652608546883606,0.14777203586699914,-0.24664346700086165,0
logging-log4j2,d3d4d7dd962df389465e4cc37c76a82c4b408c17,-0.11353701181457271,-0.07289328340480178,-0.30143228577220943,-0.3248042192181075,-0.08562304081870578,0.32406804282493723,0
logging-log4j2,7a1cd3a3855562fcef9b144a4931541211f51fb6,-0.17308580332741455,0.5471137832461309,-0.1617625231395677,-0.6067332952428961,-0.23453947544364648,0.2855471145548324,0
logging-log4j2,4d4cc8941d708ea8c42d4e48cd374eaeef6c1110,0.363851465049654,1.2685205779871762,-0.38165377801420597,-0.516902819689262,-0.7293603264427039,1.0905031378565408,0
logging-log4j2,486823a6a23fbbd56f2b38415635c072311c66cd,-0.587188231653026,-0.05281230418053144,2.9964636791141284,2.8723983091792213,-0.5311088690578994,0.1296004832429895,1
logging-log4j2,04ac7e2ae7376026bd13e0c6939954d040f3bb78,-0.42759329557423886,-0.12120098437585008,-0.37582538046244984,-0.18663315674140246,0.10355994784315359,-0.26193207061098783,0
logging-log4j2,a12913d7ca2c109e31cc2c65eca1631d8b0d6d81,-0.24425770011035391,-0.352178174669233,-0.3360843553138861,-0.22203027905959755,0.037749778046294855,0.0903238963856015,0
logging-log4j2,6b5a80ab8ca417c577075f0cdd8849f368d442e6,0.22810004601475847,0.9775475626801222,-0.42450268578998424,-0.36314651141388044,-0.42482230503387935,0.8346871979297624,0
logging-log4j2,887e028a1521f6696b399573043b558495191b4e,-0.5042332959813693,-0.24997691826111015,-0.3062718569340199,-0.2519928025802997,0.13635344390178344,-0.30383828848756456,0
logging-log4j2,39501130fd1f7b588b262494b759e2a4a59a2a32,0.012364142995912814,0.47846678716079966,-0.4358646219043097,-0.11700715354591293,-0.11921721646183349,0.43557455169830694,0
logging-log4j2,2e5b2591913af0d43cb9f781f35466ac2da9f202,0.4212306126719007,0.12845111473965526,-0.3102074798700161,-0.23287100654712298,-0.38752674518654995,0.564173126095273,0
logging-log4j2,60626cc21ac2613d9048ac675d98dbd41fbb1be0,-0.2790811467594994,-0.2681922960509518,-0.226641069212649,-0.18720500635158835,0.050396854677725714,0.011699081318982604,0
logging-log4j2,e481e456a0bd8aef10e0059dae5afc0cd1770ef0,-0.30763784494125185,-0.32690595853682747,-0.329605854307969,-0.22941064630281513,0.05295548821743243,-0.03547337053921461,0
logging-log4j2,64ca77997bb0396a4572158e1c88085c5a16fc54,-0.24823229484753281,-0.13925793202774553,-0.2975366452994339,-0.14682838968662654,0.037461405685346894,0.03781396404667808,0
logging-log4j2,707e03bd39a25f8b70a37fcfd4de52e1953e207b,-0.2749295430636733,-0.14030545515485882,-0.411003364757304,-0.15697544568577076,0.026025676831868298,-0.014119339055832646,0
logging-log4j2,6d353ff2e80421890d5d7c3cab7ea9973bfe457c,0.36197417622179745,-0.08062734381335296,-0.15934522798676642,-0.5461405248376623,-0.3822490379350984,0.5350392842524939,0
logging-log4j2,02be6e1fdefad83647eac0d8cfeeca4487996823,0.5426657484550778,0.6096015788374032,-0.6407818957335868,-0.001196652385279847,-0.3264124402087566,0.6774122165433983,0
logging-log4j2,6b2573a13a4b3044617c46aaabd91dfff3419b52,-0.3276024521530995,-0.083434376698734,-0.4260516591373727,-0.11511503655380129,0.17517814181583988,-0.05728533161061303,0
logging-log4j2,91e3cbc628e79eff043b939f2c7b44375b7065e2,-0.3917168703782528,-0.26912410753269606,-0.32853500975589617,-0.22776532853456108,0.11783119127278871,-0.1305653423218235,0
logging-log4j2,849fdb8f8e419c2b9536c5c804edee73cb0f0c1e,0.7389818608701876,2.5446219713871785,-0.17959015869465042,-0.6233166445068801,-1.0084377205797799,1.6258232103669041,1
logging-log4j2,c2ca5ee6ced626f26d2f254ea717fe9892c3c0e8,-0.21896214733498195,0.11058312989251348,-0.16185271496524478,-0.536141835685624,-0.15871734947560023,0.2030038049974312,0
logging-log4j2,44dff9a3ccbd63dd179cac4af1f831b3a0412ecd,-0.2710532767997857,0.4436769437584007,-0.47015834902722164,-0.07710997552978656,0.3325064349344775,0.004381039900747605,0
logging-log4j2,3250c19fa6d137ee733e8b55afe54afa88a4afe6,0.18065326565637774,-0.48907022929376437,-0.3113844847695893,-0.2583715401747037,-0.1582523128608708,0.18854530810469508,0
logging-log4j2,27c0f862b602727c2a751f8da2733e53d48425c9,0.6820624459426262,0.849469127515295,0.014867374952233442,-0.2694959476755088,-0.11568582339071927,0.9558813887614277,0
maven,dcc916a9e3f6e9c06cf5987f0af2a6210c9bac7b,-0.6093483092511629,-0.08512653318678648,2.951097821240081,2.9041078597249097,-0.5666093562160691,0.1077320669230787,0
maven,fac10d2c91dfb37be05e60313b8204457de05477,-0.38608354101533443,-0.18467205490099772,-0.3448317533073856,-0.2051611435762804,0.16029572103677425,-0.3860388013406056,0
maven,6c343136b0ae03dba591d110dca0defc6b1239b8,-0.15363242969108196,-0.28890233773504403,-0.3120596646474429,-0.23083023061146252,0.1409631938917695,-0.5797515796636203,0
maven,ef62d7a4bd57cdd315dfa187780790e3449321aa,-0.5142340042999839,-0.18346421816615394,0.5413918449605376,0.5128201346163059,-0.017313199753655254,-0.18639609458925316,0
maven,ef313b620cece6f580552b1074813fe960a5d75e,-0.48936843677500885,-0.19963358071177953,-0.33303231967889496,-0.2205673174485425,0.15642195603517986,-0.2896167829070158,0
maven,976a706ddd938d61aea3e3b57cfc6333ade58230,-0.24287357312519758,-0.1870961178020256,-0.2178141804239899,-0.1591777763783594,0.18126550470460523,-0.4786972365405453,1
maven,26f1e817449a97af5cea35183494df45c05a03fd,-0.40581811251464556,-0.2803624897528901,-0.2959654906140138,-0.25907129671704265,0.1340050130731347,-0.4147033175505921,0
maven,06c32178993e7e6ecee487831873a5e568b4643a,-0.4511181565668669,-0.24618709156909413,-0.3270403278086127,-0.22815452433026315,0.1317562482360307,-0.32759348021686513,0
maven,24697184cc3a0c4aac7c46498038ecaa9a2d8025,-0.2832123261414592,0.2673334443684805,-0.21614102445388333,-0.4797987782401168,-0.0926186167738127,0.08326165283062982,0
maven,8913502589acbbd51f5403666c239633c5e06f2d,-0.2909740450554483,0.2547829222692477,-0.20532217436370429,-0.47528262866898185,-0.03402574103077674,0.06913795667000067,0
maven,789d75fc68365e0a1281a3532a07e2e744a76b30,0.40197375011027753,1.9014896233706,0.6165553060545732,-1.5542082283138214,-0.9334594596237619,1.4083841083206183,0
maven,f2116001b9cc4c3f1a0f389260422f015b1d84c6,-0.06121858887930601,0.7994212224468736,0.06295715815812103,-0.9542263736582891,-0.38592568605359967,0.5240693340415047,0
maven,b373bb06e8c539622569b41dedc3402441b56846,18.105316428855428,21.274324718681946,23.734786997113723,-17.861880775544638,1.199403773189229,12.644309458078599,0
maven,c7aa002c749996f46ae04f1d1c1e1390b7374f7e,-0.40085666515381363,-0.24065976106173967,-0.31352827353334967,-0.2412508879069199,0.13690018422704933,-0.40120240614825975,0
maven,430152c1e565f1b8e29221e4fbb66843f4b83e2d,-0.47249739326186335,-0.20566072061591156,-0.03924859472822123,-0.04668759550277305,0.12343321253134984,-0.25092987389994337,1
maven,c82409a2d843427ceceb9a42b0a4dc46cc4637bd,0.2629391239426495,-0.516190192039991,-0.29790312501271005,-0.23776691074174203,0.03369429028474223,-0.8963904287880383,0
maven,3d76faed001b260737cc89ba968d7d0e64938ecc,0.1842541629851253,-0.41565485578256234,0.029623522003051208,-0.12768675982196748,0.09650128375590396,-0.9766797854041249,0
maven,cd34b08df1f378b44fae3d8020aa1fda8089dc79,-0.20519257447296907,-0.29337752608102013,-0.22402797782718556,-0.2316377165276802,0.13462765686979525,-0.39760400866787915,0
maven,909fb7c59b87286b6eae36195f65db4776ccf92a,-0.41292075824555796,-0.27733476077694136,-0.29477046652835986,-0.2606708180769061,0.13476253904842556,-0.41142898881393786,0
maven,6a93bbea23e362c9cea7d710a37556258c2dbd47,0.1624453380147054,-0.46918831420967483,-0.27533366327683695,-0.27211487529214823,0.015109994063002634,-0.6332715316698143,0
maven,abca6ab6e2508860fb30d6e51b668c6c513e3d9e,-0.49039832219109925,-0.21837829465590253,-0.32298056200969044,-0.22866279071207374,0.159550282892633,-0.28603179411873964,0
maven,862c84a52b9ae9b88bc9a6cfa256852532d02a9a,-0.4051732232003839,-0.2798356785268582,-0.29558574716212355,-0.2605522696807132,0.12680000027344407,-0.39474853411199623,0
maven,529e8a62049d009a800cbf0b37ca348abaf9022d,-0.4153038475939843,-0.04612038250243709,-0.23028833149543482,-0.3952657855849214,0.027853750501296085,-0.13074303383953742,0
maven,c6c5192d4bcb50c1aab6fade53dfb9c2f3d9b7e7,-0.5031919717207773,-0.24641475973758417,-0.30799622516557756,-0.24942478950653482,0.13959480910031247,-0.3028983301201846,0
maven,a2abd39e211900a652052ec4e48b8c60519ef70c,-0.4369289681088475,0.07766017935222393,3.0469285062288596,2.7432428433642406,-0.6779402454969827,0.15786372521850578,0
maven,0499d1d36af9be8a31f2e8f7c36ca8946b1862a8,-0.4987403948308116,-0.23226123882756475,-0.31310264147778777,-0.2481019476573682,0.12287972567348139,-0.2962265330101382,0
maven,90142e9780ca57d4e0e3dc7d6ad2b2a554a174d1,-0.4987403948308116,-0.23226123882756475,-0.31310264147778777,-0.2481019476573682,0.12287972567348139,-0.2962265330101382,0
maven,b4a77803502321e19f227110d52e42bab7ccf5d6,-0.47488669333428496,-0.17352565306868367,-0.34877608300489643,-0.2066997064982118,0.14795816369132175,-0.2821529991263093,0
maven,3bf568eda60b9f5f5fab21599f7c2d2e662a6ca1,-0.41372277610315455,-0.03693798789799891,-0.23506047992503448,-0.388747475544008,0.03651890754016778,-0.13801851194774342,0
maven,0f265210df35cc0f120a47a6869f6ede30287617,-0.5042997010707846,-0.2500216627592271,-0.30623439948963693,-0.25205608973475363,0.13623352609433023,-0.30395693725005213,0
maven,6125acf1c4912a20a7f4753cd4baf2dc642068fd,-0.287322265537815,-0.3042197028355264,-0.2933856151620128,-0.2598979352923101,0.11816604423655232,-0.5043288636732729,0
maven,5691c6e272e1317afdf33897adb4bc7b221bc0ee,-0.49828551850371056,-0.25068522738217847,-0.30792894088896455,-0.24944140936026177,0.1389306915137422,-0.3027811373791819,0
maven,5cfcb2f5b0ddb6571283b7086b9a8ff9ba531726,-0.48205623228718614,-0.19843648992740473,-0.335744490598323,-0.2243408976499751,0.12872813791514084,-0.2773967196609654,0
maven,d92f6ee23b80b7256edc8daed7e03a51ee03cef0,-0.40958074968862984,-0.062460864732886485,-0.22544049186647158,-0.39930379447408415,0.02772247571461721,-0.151393058844691,0
maven,eb164f514caf30c2a2e7e23b970f5eb3169f9624,-0.5026276052726033,-0.24433821599957523,-0.3092821009394595,-0.248571845677165,0.13817585344754657,-0.302355790994541,0
maven,2d7069b6e35844207b77d59674e87660fd0061a9,-0.5000203637946168,-0.23609944620563272,-0.3124101865124326,-0.24704841253526957,0.13093770582091882,-0.2986295921995711,0
maven,f50ae7b059fd52f1f5a79a79d9eb9ea803918638,1.0161209964137266,-0.2295102069379493,0.020046403324676755,-0.5912411091269615,-0.4158382398233099,-0.024676626816983127,1
maven,2ec0a6b69fc699f4f75a5a69bf94b6cc1799542b,-0.5254989611862557,-0.1809519267335365,0.8130362401402305,0.7742809908803671,-0.07978680584190485,-0.15667486280550944,0
maven,ebf2e4ddeaee2c7634a66b7c08bf4bf197768896,1.2905942158619599,2.866324938794064,0.35314616123311326,-1.0297715202205266,-0.9063291100495295,1.21961872562888,1
maven,d659d21df1598ad98075222c1657400a0c17f1c9,-0.33470876927085813,0.14177156718692133,-0.14497943818414546,-0.5472122820148998,-0.0752794534864586,0.019030768896802372,0
maven,137cbd8a9772343f5fa5e48ca0a3cce4fe8e4331,2.0666911980155245,3.0624712229079654,1.6095801854936709,-1.4282506150693999,-0.4606384691974854,1.8653369127146888,1
maven,8181e7c7fa2ba104187710175c02ad2d042504b9,0.9999163201648187,2.5061696400306186,-0.29856013168323864,-0.747521749886454,-1.0818202165849486,1.133769377870394,0
maven,27ad9858d215e40ab4853428c144554ae1bbb981,3.821995983901648,2.8182902957842466,3.412049290334676,-2.16090250426776,0.29834062577003667,2.747617341405084,1
maven,38d132b64d0e176456b9720f5acf56ce7decf457,0.6125203722204494,1.401004759177646,2.172213742856745,0.07090356994201963,-0.31873021300949916,0.8660674271606367,1
maven,2eea7d9dfc797fcf37544f7a2c7d0b76f9377781,-0.49033694164954755,-0.20377927924826433,-0.32841872592511495,-0.22423064941211615,0.1574515931556713,-0.28954966823453887,0
maven,af88f8500d5ba23a6b68773e12f38e832d0d7ea9,-0.5027344595038027,-0.2452318100433049,-0.3073896235577573,-0.2524194505247306,0.12905200367315534,-0.30128858175567486,0
maven,1aaf64552ffbe56f430d9fbadaab81eb94cac728,-0.13060055362957534,0.4526954003794385,0.9671383292704382,0.34170980144213764,-0.28760167486137916,0.20054380856675746,1
maven,d5fcfe0e19fb6de2c1f26b6d9b4188c2584621ac,7.360912856234517,13.62797566186373,3.5570412605894792,-0.9015106157659822,5.303020106940426,7.776094028468728,1
httpcomponents-client,6b410fe0e7fa3aff8484b0888f220f7bd526bcfc,-0.40071829242253504,-0.2823545977698299,-0.2965004240319638,-0.25888025215710403,0.129518633797463,-0.40736380600019895,0
httpcomponents-client,102ed1e844b5b0a811f221eddbde539e68450731,-0.1754158812481348,0.22043317814886737,-0.10740148494422584,-0.03378576870535232,0.32332948439862746,0.029844304317960882,1
httpcomponents-client,1b1d692a3d11ca6fe7c36fb7237a9c2f0fe73dcf,-0.45753032727987136,-0.15915743086131406,-0.11155489878489787,-0.08075976143004059,0.10906411878269233,-0.2389773457235846,0
httpcomponents-client,9e544545307e2c0d7126c59928c63f8864c9da77,0.1487028475665177,0.7203394004818664,2.789020507579481,0.3562270094654292,0.7194574073514711,0.5898152234270169,1
commons-compress,c967cd5bd2b0d99dd997e49f1da0655dc55d7ea2,-0.5028098902318169,-0.25001601952423,-0.3067368625010663,-0.2513592232579797,0.13647569785643612,-0.30466969425005586,0
commons-compress,b37c85c2e3a01afcc0220fa4ebcf4916ac6797ce,-0.4981879584770989,-0.2295989668962409,-0.31612343518035074,-0.2436400948572963,0.13026172357350138,-0.29689011639608787,0
commons-compress,5caf2217ba31c0987963083b04439a8eb563e2c4,-0.5014133994320473,-0.2450751905104549,-0.3094077424978113,-0.24844439419840092,0.1376553717362734,-0.30338174738065815,0
commons-compress,6b902dead33799ca4a57ce01682302bb3bca00f8,-0.4866839906421455,-0.19194009190745817,-0.3357123557532209,-0.21229064465037606,0.17704978901655344,-0.28703462862526086,0
commons-compress,2d53783b6138c5901bc9e016a7fa21bd9cf6c307,-0.4965711172727591,-0.24881030973504195,-0.30917357365862835,-0.2493632741525776,0.1319572355302585,-0.29599727104804563,0
commons-compress,e61cd62b2eb28783afc7057041c27f20a4b7e08d,-0.42045146602686206,-0.053764243482668,-0.22544028117141313,-0.3999000663769836,0.030228434640551416,-0.14262911375548223,0
commons-compress,4dddd4973ff2ce7f149e61e80e762f558b2e5379,-0.4192311311093737,-0.049676221548309876,-0.2277200038687263,-0.3975574751067749,0.03074074276284804,-0.14141964683713276,0
commons-compress,7c188c64246dd35cc4f4af59bec504949fae7a07,-0.5002367029207022,-0.25170152789324346,-0.3065274204641225,-0.2521232204534896,0.1323290278856329,-0.2950993679477819,0
commons-compress,7c98169541e3b5c62ce47926fbc0d317573c3116,-0.49067117531782173,-0.2039281437873696,-0.3318193053827191,-0.22554857701683462,0.14270851596510117,-0.29060453785799933,0
commons-compress,1346ce40094783007df65d473e493eb16a04d955,-0.5010519628750003,-0.24969048835841282,-0.3074459032089142,-0.25033014156834155,0.13726828640924651,-0.3049482051160686,0
commons-compress,d224f6317d6dce0a295d0c4f661c87243f62d71d,-0.5043377374178749,-0.2501485488042744,-0.3061726969426016,-0.25214811297903655,0.13611666506416187,-0.30399231009071137,0
commons-compress,af0392c6da4e4ea47633401fc7a93d59d0ae8f0c,-0.4186611225295543,-0.2139620606806422,0.8231566545138445,0.7654993885892014,-0.09756734188841484,-0.23063474155679486,0
commons-compress,c0b40d5735ae1e8edda06b0f6548dcc6fb12ba97,-0.4494444110817473,-0.13657259197595992,1.9416208770946544,1.7939002079453767,-0.30494481789596584,-0.09804512514944885,0
commons-compress,dcc22793ef2f11409c3691a7df4dc6767a5ff36c,-0.4121437446202441,-0.27335559736852627,-0.29687558630739574,-0.2586461586706849,0.13456459859452544,-0.41107272572863074,0
commons-compress,694a3b37e9aaab752a609e73b113c625f2b62d45,-0.5031909790343795,-0.2461733890216585,-0.3083857624647303,-0.24991050160234513,0.13646599668701337,-0.3028939377696396,0
commons-compress,ebf832f7b2750ac554e495d4e55ea430fec4d7b6,-0.4556746790988636,-0.10576038771614416,-0.3820391066652792,-0.18082639875095435,0.11823550697761674,-0.24970242627517114,0
commons-compress,055c5fa14ef0382de61192cf1181e57b47654607,-0.35741462187164885,-0.01690345351001474,-0.08205480226620147,-0.31218124399610075,0.00835008247108115,-0.10269566957116014,0
commons-compress,98907c37cbdd02fcfdf8137be5921fbf1f18dff9,-0.4151260876272701,-0.03717512645864295,-0.23327929345926116,-0.3934339831937771,0.02450994631142198,-0.13598414548832377,0
commons-compress,0f0ac4afc3e5a2e31cfe47e25cc98a192c38baba,-0.3179648554165557,0.2030182617414443,-0.1708031700338087,-0.5286961230904108,-0.10743019246350724,0.042653019110484636,0
commons-compress,cf33cb22711fdcb3e55c6d0196a92dd7056542e4,-0.19880028327752017,0.5030683788026528,-0.1377576650695035,-0.6358417947972301,-0.24672025715704535,0.24266219651425,0
commons-compress,8c8b64f06cf312704687cb2e3fe8b15c75821802,-0.453749433621176,-0.1755600797095161,1.356172453380109,1.2993519814753638,-0.21088054513098764,-0.1951712355092201,0
commons-compress,01e80d89baf153342c2340aaaa5151f76623721e,-0.3123036199101969,-0.24792413235317332,0.29504922847097714,0.2298257671731075,0.028152075758585735,-0.42655534152634816,0
commons-compress,3f3bc678d3975b8214e419c7127d831f91d7628d,-0.5031435921185093,-0.2461920875460651,-0.3083923686355957,-0.24989322607003264,0.13652748397938239,-0.3027929754274817,0
commons-compress,5359aacefd98b32abac3020708442965466566d2,-0.5000202725349272,-0.24192016148153936,-0.3098621730266995,-0.24980838072589776,0.12944044070729271,-0.3005320919212444,0
commons-compress,59f3af555c59960180d93214527a42538425fd15,-0.47354325678357473,-0.16093420694459826,-0.3456139338369323,-0.2196340048066572,0.10216024954228949,-0.2699994181180269,0
commons-compress,52b2f468a45e4b6a445a08172847fb1072a75932,-0.49401381854323806,-0.22112711414650243,-0.3198083603624828,-0.24107648846187615,0.1254617581373091,-0.2900994943912014,0
commons-compress,6964311b2bd7b915cb9779936ae70cbe1bcc1b70,-0.48970535432538986,-0.2558166335979695,-0.3076435304960801,-0.25162020260742507,0.12378668038087288,-0.2797136084518902,0
commons-compress,1acacc6a2cbbbbf83e19d15333a6334c304f369b,-0.4190901071183203,-0.054275493690063174,-0.2256992370801337,-0.39956265511118505,0.030033905928168486,-0.14343288094704398,0
commons-compress,6dbf1caa8dface9f0c443cc5b1c1644784370371,-0.5008619220804861,-0.23823709334973175,-0.31281684813713695,-0.24542232219972793,0.13721077540199308,-0.30062147137087764,0
commons-compress,81ac94151eedc61c2131239362a051e30c5e9e59,-0.4937111846554083,-0.21555525602599826,-0.32090036519772724,-0.2417438365511146,0.11677694176704548,-0.2902125793814667,0
commons-compress,e06d2e37fd2eb8c8a5037290ea76f91cab1d1f3e,-0.32437340030640066,0.18200320733313674,-0.16059075772347092,-0.5376111041369858,-0.10218104150135043,0.03518216878336883,0
commons-compress,351cf8263a129c335b4bfebfad182f71d01524a2,-0.4430853445488825,0.016058492760106936,0.8940149275165015,0.6261901301249034,-0.18559116709206314,0.005232140700676818,0
commons-compress,1db4e1f8633638ac75695a997c16e219354cab11,-0.46504798146853066,0.03949422494661899,1.4291436920442868,1.1579442956877553,-0.3080590081886483,0.0713622830653339,0
commons-compress,67b9dc6de1146dafa8d6d7aee8682bb0b57665ba,-0.3905744060164652,0.03332592736875672,0.15841184204639466,-0.06672307195508416,-0.05166507082384413,-0.05589756706976076,0
commons-compress,17d284175569bccd3d9610ae2081d8e72d728849,0.7768017610134943,-0.6927647403854457,-0.4295679133847317,-0.014248974102242974,0.28607036908948397,0.18776858344571784,0
commons-compress,2580413ebe6fe1600be87d0006ff8a63cab0e89e,-0.5030151401880834,-0.24567519410367286,-0.3086358757383045,-0.2495337708590573,0.13696418445387126,-0.30270196523592363,0
commons-compress,656d74d574893ee22bd5cca3f2449a44886f6e31,1.5996356156910236,6.263385927032896,-2.371078464231025,1.4345973356774107,-0.8542293195857213,2.455847277143146,0
commons-compress,a11fa2e394edb9a78254f76d943d0249e637bc2f,-0.4686021750593058,-0.24660127027857698,-0.3190141683732408,-0.23863311971122267,0.1298951653755694,-0.306138648898039,0
commons-compress,10bc9ff2ec8ecfdddc86d15a346a3f3db7b302bc,-0.49548987567235325,-0.239370191393759,-0.31262888883949835,-0.24673315596028314,0.13019079143765336,-0.29958743227712625,0
commons-compress,2de9f673e91558f23bb2e5fa04ed36ea332b6c8e,-0.41082916163680655,-0.037683684685021944,-0.2326015441340496,-0.39601305501833417,0.01297013601100519,-0.12604114021329813,0
commons-compress,90b12d7c1ce6b3f0ea6cc10a69d2a9b12e65a04c,-0.4963951328995459,-0.22475702223289798,-0.317366786478968,-0.24384233027374042,0.12344301135197099,-0.2937825386924197,0
commons-compress,63726bfadce566721cc166f43efc837b449d1a29,-0.4883536952491018,-0.2417008206111165,-0.3133307410639272,-0.2468765633401376,0.12140123099297463,-0.28418669327248813,0
commons-compress,6f5308a303d26f87b16da8213629f8d7bcde7d08,-0.5015877011203073,-0.24125665026068904,-0.3096026890798861,-0.2501818391480391,0.12940133529600686,-0.3001902094346031,0
commons-compress,974cd4675d7328f7be398bbd08fa6a19fb375ef8,-0.41176914934509645,-0.03732616736160461,-0.23282583951047447,-0.3952033263383936,0.01693747321918201,-0.13560771507439043,0
commons-compress,54b8ab5cbf4a280d067c2f01b7d8fd18ec7f1bcc,-0.32953007118258987,0.145768415073553,-0.14664701265524582,-0.5474158769884165,-0.08661124741247124,0.029370566277614238,0
commons-compress,d4aaa5dde7efc66fb7f9d7300f67a56d4464c5b0,6.3762881038319374,19.58253612168578,-4.798465664996019,3.2627499641992066,-1.0085336127905842,8.652901842334277,1
commons-compress,e5f58016675a173eda5e4c748582af7d16eaca02,-0.49840432983067284,-0.23036495779762597,-0.3157548714408549,-0.24418791543991555,0.12957592921558359,-0.2970771128545039,0
commons-compress,33d3833b9fb9e0c392fb42efa69d2b24d01384b2,-0.4963912245312683,-0.24166759764923035,-0.31224150789219607,-0.24559723424326346,0.13632407832099253,-0.29046369834534924,0
commons-compress,b69c6178814f0a8b9e0b61e06046c5e5089ec764,-0.5438357921710636,-0.15447992176174596,1.3458925054728463,1.3078652336519403,-0.20583660388981437,-0.08030493166715794,0
commons-compress,d59a74fa9662a1051bf7e74dd3bdd1263b2b8de8,-0.019037788098181182,-0.1856819900624499,0.5839914542328181,0.3677625020480933,-0.05666437044420666,-0.438691713848382,1
commons-compress,ae113d98b9b73bc769a902d088b1b694027f8224,-0.49305806684796294,-0.25053873349798417,-0.30994683356688163,-0.247284412769532,0.13957291186244958,-0.29966632769222834,0
commons-compress,ced7f897fbcf833fc2c10f57f05b08489051e40e,-0.5004172492788768,-0.2372908397402765,-0.31181905768744755,-0.24793559000519147,0.1297814105650428,-0.2990413559424524,0
commons-compress,9248afd69833a55004779a4273c800e3240a0b69,-0.4444056635938618,-0.07700002441722396,-0.4001834597385736,-0.14163363642489388,0.20161028900532524,-0.23712330955329755,0
commons-compress,51735be0e470098941e3a5aeebcf74b12902cf00,-0.5043140439599397,-0.2501578980664777,-0.30617600002803425,-0.25213947521288027,0.1361474087103464,-0.3039418289196324,0
commons-compress,b0bf28a8ce852bccfdd0b0dadbe5164be18bfdb8,-0.023246901292521768,1.1948397091046208,-0.6838205882242635,-0.006800820052468487,-0.05010487088268475,0.35063601983498305,0
commons-compress,edb48b39749e03b44ff61cb1494225017df37652,-0.49372517828108975,-0.23017296995804312,-0.315468807453168,-0.24615870231875972,0.11893711879637622,-0.2865937429235095,0
commons-compress,76ed54de269f3854a18e26e7610a783bceba1268,-0.4353677040751134,-0.2700048762586334,-0.3214697185570667,-0.23279566948238478,0.13257433341364563,-0.3106099068219965,0
commons-compress,bce1af06f799943cd5d6b99a7ef4ff60e4c48937,0.3935965709408212,2.130827217882031,-1.3394266797284788,1.0845931174943768,1.4490280909391322,0.43601339144601803,0
commons-compress,e7cbb63081956e0a9660cbcb71e14516d3e76390,0.13080733024942978,-0.43898933186978034,-0.3119849615676861,-0.11254717025019868,0.4977841277391751,0.19998346738577344,0
commons-compress,a3a7883556b2b035074c3260c50247423cb4a6df,0.33674718738730525,0.07768199703926207,-0.11379742357574772,-0.40312505000540716,0.24931240777601033,0.5676189513407851,0
commons-compress,9ddce502c5161baf301130621c4b85de92b462ad,-0.4935945809107079,-0.234286974684055,-0.31485016921299,-0.24399019466160893,0.13023079348867322,-0.28985784081151816,0
commons-compress,c754db31c66eee16e4839dfe58686f57e8cb189c,1.9931848591336196,5.0440498096667,-0.6503892464571731,-0.5918336659409535,-1.3485476626580541,3.308623499625953,1
commons-compress,79284823dbbd92f7cc612936c38162e477edf932,0.8833308643831416,-0.436912671864735,-0.09003066367324979,-0.43094213667734244,-0.26243491997617796,-0.16562694485035867,0
commons-compress,8225539a5d0e817c8afd70710a966ff6c8b2c9c6,-0.2193183000988329,-0.3014071425273239,-0.16766889522145842,-0.2090402283477562,0.10349332906152428,-0.43744716453785204,0
commons-compress,93aab64df1cbff990057677af33990be971b4f58,-0.24935368288329038,-0.2581660104749296,-0.1717817882845675,-0.18925287966232268,0.12995261680252634,-0.47357640894547115,0
commons-compress,8fc60bfca3342f2bfe1a756f71761222fa2c4106,-0.2848036594681715,-0.28903774346406724,-0.30326460988149273,-0.2482671297089236,0.1279093538061589,-0.5161061658349777,0
commons-compress,e404cbc025fe0c895d9d9d6c349f106af6d4f49e,-0.4784685718489704,-0.18183116743096087,-0.3454998140787286,-0.2110521458253367,0.1440066138990644,-0.2763862498558467,0
commons-compress,8f46229d3bbc449fba7cee39fd1811f42f008764,-0.5043258906889073,-0.25015322343537605,-0.3061743484853179,-0.25214379409595844,0.13613203688725414,-0.3039670695051719,0
commons-compress,648602a8d69d945e8b06f4a0acdaf30eff972434,-0.5043258906889073,-0.25015322343537605,-0.3061743484853179,-0.25214379409595844,0.13613203688725414,-0.3039670695051719,0
commons-compress,a1a3bc93dad7c827ea73cb94c24739ed048b77bb,-0.5043258906889073,-0.25015322343537605,-0.3061743484853179,-0.25214379409595844,0.13613203688725414,-0.3039670695051719,0
commons-compress,464ba19a1f41f66830a18bef6910c825c957ddf9,0.28213869937328684,-0.4366412909648489,-0.22066823997456322,-0.23060643447568552,0.0385969908990454,-0.2734318627349494,0
commons-compress,8c42e2b53e2b8da6d0856a4cba320b971c5295f5,-0.5029953966828782,-0.25072324203419316,-0.30640080157780447,-0.2518567133353794,0.13586370583669477,-0.3048137637026027,0
commons-compress,9b2e7874216392829f4feb261aefe1fa2deeb2e5,1.5621558712386,5.484223475981513,-0.6066582348833837,-0.9329074621298952,-1.958999142644899,2.9671216890680836,0
commons-compress,2840244821cb038aa2a6c48c8a69d0acf0b27bd4,-0.15718009948992331,-0.35239713787133026,-0.2851537582271801,-0.2656373352638235,0.09438855278452613,-0.5605229974073838,0
commons-compress,5964eb4775bd8d974f171d051eba6c8a0ea08d58,0.5354738207688314,-0.38728517188174805,0.06418824216861042,-0.24987294013527925,-0.01003542968841709,-0.5502717173341019,0
commons-compress,a212dd4c4f41321a079f19c51531e2158ca5218f,-0.38139767377796835,-0.29045329828520017,-0.29946853747219426,-0.25568248013853057,0.12154259915740932,-0.41022135111542724,0
commons-compress,eb79e1add65f88072c1bc47b77ee4c388afe23f6,-0.38054842291415053,-0.21215546486772804,-0.09882432355191903,-0.10742793696034794,0.1255567000370148,-0.36886200503887984,0
commons-compress,18fb261d0bbbb8cc52483267213e0d2ef4c43de7,-0.41327616011458435,-0.2771945218438916,-0.2947209202468696,-0.2608003845692497,0.13430138435565775,-0.41218620638012216,0
commons-compress,09ff001008de7397b59b4381b633564dd77427a7,-0.30326956041214154,-0.30480206030415435,-0.28803882603945125,-0.26555469063307174,0.1185792281257792,-0.48515175745844247,0
commons-compress,988f970ba5e407d0c7bc217ec9f2082e47145419,-0.5015105781642857,-0.2509994186759005,-0.30678976875146113,-0.2513179800487026,0.13596438647701764,-0.3054458228706881,0
commons-compress,9ea37ac9f06cc7c059a7389c6787d6e7ef4b1b0a,-0.28210620651355683,-0.2903419024465355,-0.300459601436023,-0.24843925527984836,0.13266731516877106,-0.46932186025333505,0
commons-compress,3db76a08e7df0aa7a844da8f78584ccf65389b9d,-0.40330130239527895,-0.26371234487746037,-0.3037306672912892,-0.25110690306884537,0.13468238087000572,-0.39981902909229017,0
commons-compress,a4ee594d146012bc05d84147a1cd3cfbd7598fc6,-0.5049679518689114,-0.18159370568939626,0.37604422205835936,0.3587731866208232,0.023707308196444607,-0.1987640203787146,0
commons-compress,6eec951cf160b526e5bc51921650ad6166485ebe,-0.47357796085244525,-0.2624302334009385,-0.3099616289470497,-0.24859672053293608,0.12164087333655597,-0.2709674316024366,0
commons-compress,2dbdb7b8278e4e9df0a3754b7335325e6e275155,-0.38358125551303773,-0.24731624623873316,-0.3136491588089654,-0.2425765619678299,0.12075741630501957,-0.3740923329685226,0
commons-compress,13cd268a4c99045a32a30ef5dc3d63ea04477d18,-0.31691586860901605,0.2678241138332804,-0.18852285669737556,-0.1792487263272838,0.01861989869300463,-0.006575604154821654,0
commons-compress,03b7d1ecec4811fe7e6ae63eacb1e63291eaaf6e,-0.10595169388542854,-0.24710352752585893,-0.2541009739165815,-0.16607353704682806,0.1690073588822106,-0.28668863259823674,1
commons-compress,95140bd9675df0284e97706c1b48d34e339738c9,-0.27846204898446075,0.3041671073957228,0.09417793761709677,-0.03250494043631742,0.16668173670883488,0.051923103601498155,1
commons-compress,b507be8f0b8ad9fce82bfad1cb25bde069d2c045,-0.12119387678119466,-0.09650854035865923,-0.40180838382958783,-0.11880277995957005,0.23106413676878576,-0.500708334416459,0
commons-compress,898e57b4dcd0f13ba7253398ac224da581e043e9,-0.43489225381636054,0.08333623541318529,1.4684274726304283,1.1305799633263367,-0.28261372392452,0.10695097083864566,1
commons-compress,575f0eb67d04d524872435f610d445c4d96597c1,-0.5025041456625526,-0.2441031424338874,-0.3094121122043956,-0.24837052365628673,0.13847106280025231,-0.3021840829710646,0
commons-compress,a7a95f04bfe2c0a855ff3081099f0ef82d32f35a,-0.4971287866972828,-0.1869127883830155,0.26857349279913545,0.2525627479913705,0.04227610518447435,-0.20763407409907753,0
commons-compress,b5401c47f8bc8810b6c404864743d250b2ccc201,-0.4978808466100083,-0.2333280181497728,-0.31600340348704203,-0.2417760755987502,0.13875559562867437,-0.29984435681716787,0
commons-compress,67c2f681a2966adb2c694bccb33f3d626cf4048a,-0.49227672941383593,-0.13862312170140886,0.6964510939312134,0.5985161654831059,-0.01510807421405814,-0.14044329152990503,1
commons-compress,0c644264e0788d514c5e5b357eeb611ae06b162a,-0.498973771964716,-0.2321422678501261,-0.3160920693005977,-0.24158576460560224,0.13966971912244447,-0.29871983607428276,0
commons-compress,b18ef2a10393824bd9a79c908bda656de4d45006,-0.05044802670193182,0.4802426389532719,0.7080059880345955,0.22672438762283884,-0.07709483403111822,0.21595510957255842,1
commons-compress,920831594efc8d25fd280d79682e9aa9aad22f23,-0.5001993744515131,-0.23662530961646489,-0.31185483204667697,-0.24682299073171335,0.1336667628971513,-0.29889910075054055,0
commons-compress,469752132b291f3174af9679a5eb858aa7c1a04f,-0.4854897524239837,-0.23719353768460302,-0.3173586396181747,-0.23908779884796014,0.14028597990052355,-0.27350097009963137,0
commons-compress,5def510d00f73b25db8ce44303df49050f99dfbc,-0.36654810229528667,-0.16443109353350768,-0.3483128140414172,-0.21473139971462996,0.09609034203767797,-0.3558931956785095,0
commons-compress,00b5e3911a774af003b7d7291c147fc50bc21c32,-0.4590120378150296,0.041609772341674026,2.1046651689303206,1.6804031400762203,-0.16584506358668338,0.08099979806838173,1
commons-compress,3ecbdd79ee964d325b7ce8a1ca982935cc7d92f7,-0.3689696222298692,0.12510907728500878,0.35933421623588485,0.10414887865271867,-0.04837677135101452,-0.0036225438481069377,1
commons-compress,7b5816d968d05236821832aecb071e891627ea4e,-0.29282210838806433,-0.044518344363091863,-0.2604859891475702,-0.36747364899592727,-0.03654250781563369,0.06174225550009331,0
commons-compress,99bc508220672ac501d72e9c0b4271e0b9fa2955,-0.49500305148618634,-0.23364382599697692,-0.31642862585223896,-0.2416083797939146,0.13571299188990063,-0.29010454037228767,0
commons-compress,bf85a64aaee3abee6f25f031862561162a613dd9,-0.17197475050909278,-0.2091545698578444,-0.09869006865547496,-0.2545985132518959,0.2103642452058805,-0.3140772518248717,0
commons-compress,b1e2a02c09936e604d8f5259ad7a0cf9ab99e55d,-0.5141231167505609,-0.1781129790163205,0.5389975598043001,0.5153860918525697,-0.015874453091781166,-0.18412014226430748,0
commons-compress,b7b5e5e873b278030c2a98b08e9eaf54afb0715c,-0.4919476820442514,-0.22849371788462627,-0.31822735695764637,-0.2410793670610353,0.1289428192215144,-0.28826243446058186,0
commons-compress,ad634c0c24e883ec4ba509122df4679c2245e37b,-0.4605358623894038,-0.04273349952234136,1.2928648908706295,1.0408204803375865,-0.08387547230195894,-0.024752234242664747,0
commons-compress,cd47ed96ae57fda2d2db142d6f2c50bfad8e5f9c,-0.11111674440371218,-0.26573228482885863,-0.3547340774859219,-0.20617085263764953,0.019070209703077,-0.28545722826029646,0
commons-compress,1c8ff15c8223ba13d0585c9f627feb3270e52aee,-0.366776893541812,-0.017085769004525943,-0.2549141488260941,-0.3718379463997011,0.005269271784617844,-0.07630852362233027,0
commons-compress,b38b413490d64e1fe49322978375722425d78f80,-0.37689396395714597,-0.019715426073053568,0.10815357639503474,-0.1412351038187496,-0.031084790441624537,-0.04390633294629816,0
commons-compress,b885ae59abb25eb8b86f0649fbdf94515a9030bb,-0.43981229342880124,-0.1352999303382496,0.21937655048707083,0.1703338786995512,0.11264323252929342,-0.1631531190197012,0
commons-compress,386cbe49133277aa926349db23e38681623d0100,-0.3147927551722757,0.36772923700039756,-0.568203656993282,-0.028330018554453218,-0.0585276101951372,-0.06648911718350589,0
commons-compress,a2c9d1b0df6834cdf09be967e3a093c473eadcc8,-0.29302911845442425,-0.32135048097410784,-0.32998949179208825,-0.24029783129899857,-0.02155450536974219,0.09559710103250864,0
commons-compress,8ba08d8e1345b6db253ee305f9270b6fadd66779,-0.33876536659815154,-0.24959739860511548,-0.1032585040366582,-0.09793439215003241,3.7826705387561235e-05,0.009389961332202518,0
commons-compress,55960b16dd08b9833e33c8927399712bd9beadb9,-0.3778348625703439,-0.28809408788005275,-0.32239839215709076,-0.24404541268489022,0.03480004748530404,-0.08450036938950818,0
commons-compress,41556704f705764fc0ef179421f39242c00f66bc,-0.3254953899878108,-0.04366447288483693,0.026798409337559486,-0.2189289006224723,-0.05962214556871309,0.037392438278391185,0
commons-compress,cae9cf85d337769f3f3fb228d203b9d7d10dd7bd,-0.3893072117382819,-0.1602749784693376,0.16328437064694,0.09475157484843702,0.024768415024334522,-0.07455136649542911,1
commons-compress,45ac135ea4189b9974f0336fb26cce3a964fe54f,-0.41683030091333323,-0.16263221570866004,0.12340820788508654,0.049538720530887426,0.0684918133143265,-0.13787148651663594,1
commons-compress,393d3ee50e82508a205b4737921819d225700040,-0.4658436880334271,-0.18716747317930915,-0.34036751854033165,-0.2243362345902962,0.09863933003686971,-0.24486986282661605,0
commons-compress,576c408ea92683ebd4e20118c4d2ec05cb8a58e2,-0.47670864247766165,-0.20708752407062536,-0.3340299845790574,-0.22385547382094845,0.13255043923853435,-0.26477941947829214,0
commons-compress,2916d38e0135a8ddaedc2b319587078d7baa52d5,-0.45815386752020737,-0.12245399578796949,-0.05739786973572534,0.0050214793333607415,0.10935385064524601,-0.20749140795105497,1
commons-compress,ae2b436727f218ee2b05b789e67f077a71d60869,-0.5187185757844286,-0.11048869715633637,1.386366701584388,1.2791572817713919,-0.17866394642485944,-0.055035729381055803,0
commons-csv,d83c1b816d1acaff558bcf09291cebfd69958b65,-0.48899558505477636,-0.2338081545331321,-0.31645331106401,-0.24317564546114606,0.12490428284992511,-0.2805410083054327,0
commons-csv,515899a563b01cefaabc4033af8422e535337181,-0.2988878685493191,-0.2821206176226969,-0.2987411535565479,-0.25396247173351066,0.12474432295711592,-0.4974946087292824,0
commons-csv,08d5d618893d5ee64f3f77b2bf210d18b14a454d,-0.4920560412059984,-0.24854013788233312,-0.31037561741148106,-0.2480932450378513,0.12965193454316368,-0.28686151499128154,0
commons-csv,09c3699cbe632d8b60c8d96e7bbcc2d077286fc5,-0.41634646412320053,-0.04044068262463267,-0.2310331655403682,-0.39470434122992853,0.027633984574472772,-0.13753848250522133,0
commons-csv,1dd04be72aca30f13ce6f3b434c9fccee98bd8e5,-0.49870711713360516,-0.23148050693557734,-0.3149284616843055,-0.2443593227033199,0.1318405989484275,-0.29740483684628205,0
commons-csv,f25f3d5fb5b8332e9759dd34ddbdeefc9bcbc5c4,-0.3249157730359718,0.19245752127404328,0.25458056068724927,-0.22321521087881604,-0.1264968260446174,0.08263661148394724,1
commons-csv,6551fc4dadfdf68d4d54ea568476727a7a4cb901,-0.28768101169712934,-0.266534207090331,0.11539310107367966,0.05418770482361759,0.06149228245877054,-0.41700897329884207,0
commons-csv,d80a832083c3373f33dc9eeb8098218d3ae92923,-0.3285997166301054,0.20367596776040336,0.35509077547395784,-0.12153813583091842,-0.15608590466640695,0.09815789752950423,1
commons-csv,7a4f93f3d13218a74dce0c8d8b85af4b341ac3ac,-0.5140581654536878,-0.18296602324816832,0.5411417316869634,0.5131968653595937,-0.01681501198679736,-0.1862041220555372,0
commons-csv,2cded6735c0dc296b8726b80b9178821b78d42eb,-0.5252634772702248,-0.17082243744948186,0.8084713584178682,0.7791052767388567,-0.0771615511155384,-0.1519110813207024,0
commons-csv,6d5993cb89f4f723ae416123b20f361bd863c484,-0.5015371760780832,-0.2456648762375741,-0.30913668720701754,-0.24884122326536148,0.1371909843928849,-0.30343996282146685,0
commons-csv,a503099b94bf7b44972c476326111e350ff2e9be,-0.39420582643919977,-0.0682341821031691,-0.22625042568062048,-0.4003749932104493,0.010005130763894468,-0.10306457830498024,0
commons-csv,429ca8c7d1b766be8b80f66f85bd3d103f0c9b29,-0.40266188441649914,-0.28134234996632923,-0.2958485910778416,-0.2602671345416383,0.12586663961254357,-0.39662376278545414,0
commons-csv,c043c29d1179f59b4ec62f2fdbe322f401f5fe79,-0.41189827919268496,-0.2777832389671154,-0.2949539795102215,-0.2604960282763582,0.13409454059746742,-0.4129319382353952,0
commons-csv,8f6a187e9555f2b27e82c88a97f736f703f4ccc1,-0.4266025634866137,-0.21095894438694046,0.823829767617127,0.7655446189658262,-0.08965388742332708,-0.24786533296078522,0
commons-csv,ac1384c66a617b0252ddb71a4545c42db363578c,-0.41189827919268496,-0.2777832389671154,-0.2949539795102215,-0.2604960282763582,0.13409454059746742,-0.4129319382353952,0
commons-csv,276ccde95baf2063aaec1f23ddef713a2660f868,-0.4120676719260636,-0.2731018252784318,-0.29699899140146646,-0.2584621121821191,0.1347983206548621,-0.4110019800473122,0
commons-csv,7271adbed8c15045b39f241658d34751e16a1d11,-0.4120676719260636,-0.2731018252784318,-0.29699899140146646,-0.2584621121821191,0.1347983206548621,-0.4110019800473122,0
commons-csv,8d4322f22eef65acb1de2928f0dcabc3f9eec6a9,-0.4266025634866137,-0.21095894438694046,0.823829767617127,0.7655446189658262,-0.08965388742332708,-0.24786533296078522,0
commons-csv,a8638efb3ef6a75692f8a16ce48947ce554e04a2,-0.41189827919268496,-0.2777832389671154,-0.2949539795102215,-0.2604960282763582,0.13409454059746742,-0.4129319382353952,0
commons-csv,4df3230f5ce159040afe0635104f5c1995da4939,-0.4347183894974268,-0.20355623428125963,0.8225713646669371,0.7674656322465928,-0.08117814402262782,-0.2630852683447743,0
commons-csv,37d61237b899c58ee21a9a4374119a9d81b3ecba,-0.40266188441649914,-0.28134234996632923,-0.2958485910778416,-0.2602671345416383,0.12586663961254357,-0.39662376278545414,0
commons-csv,043dc77e12b19c382cbf1fae9e7b038dffbbfdbb,-0.41189827919268496,-0.2777832389671154,-0.2949539795102215,-0.2604960282763582,0.13409454059746742,-0.4129319382353952,0
commons-csv,37ef19517cd274ad98c2f5655f3337f7e4485a90,-0.4357816528314312,-0.1484150478367895,1.4033881412128952,1.265822079233322,-0.1735527487159534,-0.1773366437969246,0
commons-csv,6d4fae2af99a4076e526057aa130291f9d6e4985,-0.43468970371911647,-0.20328376366675852,0.8224545657437319,0.7676324032028462,-0.08100590925466018,-0.26311548500561366,0
commons-csv,351d0e6d7464d97a4921a4e8f5e356e560476dfd,-0.2248656413563266,-0.2800980832948234,0.5785526751706935,0.482613003659656,-0.04011037195430078,-0.4804118898663301,0
commons-csv,a517750a7fd19a56060268b30626161cc302800e,-0.45665701592315466,-0.1797752391955195,1.3575557820834323,1.2994239426216836,-0.2034460634823457,-0.19701813739170596,0
commons-csv,4bcc0f192a5a3c4889e829edeb5144122cc70b97,-0.41189827919268496,-0.2777832389671154,-0.2949539795102215,-0.2604960282763582,0.13409454059746742,-0.4129319382353952,0
commons-csv,f7d8d7e7bd9780423a0088a9b18b755ec714c5ab,-0.41189827919268496,-0.2777832389671154,-0.2949539795102215,-0.2604960282763582,0.13409454059746742,-0.4129319382353952,0
commons-csv,1e2b43c1f2a374b2f4d9adc3ac42fb893465c809,-0.42677694854036746,-0.20655935057496133,0.8218982515636547,0.7674204018699682,-0.08909159848771557,-0.24585467694078394,0
commons-csv,7ecc088a9230ada76224456eb3383132d243259a,-0.45665701592315466,-0.1797752391955195,1.3575557820834323,1.2994239426216836,-0.2034460634823457,-0.19701813739170596,0
commons-csv,6e683b3ad6b9c9a11c82612c521e132e279dd280,-0.4186374290716192,-0.2139714099428455,0.8231533514284117,0.7655080263553576,-0.09753659824223034,-0.23058426038571594,0
commons-csv,77661749e56d7340f95de0480f0cd7d2d5f3bec5,-0.44940637473465705,-0.13644570593091265,1.941559174547619,1.7939922311896597,-0.3048279568657975,-0.0980097523087896,0
commons-csv,6f446a96c8efaf498cd856aa2b34ec7120e2bca2,-0.4121437446202441,-0.27335559736852627,-0.29687558630739574,-0.2586461586706849,0.13456459859452544,-0.41107272572863074,0
commons-csv,0fe30e4683a8382e946317c9599509f864513d94,-0.4120676719260636,-0.2731018252784318,-0.29699899140146646,-0.2584621121821191,0.1347983206548621,-0.4110019800473122,0
commons-csv,fb383cf64fb0d408a557b4d7b3fa27a150392c9e,-0.4190130195014137,-0.054048053969264334,-0.22575361367786323,-0.3992193483344343,0.032229916356498044,-0.1396557007371238,0
commons-csv,f7dfe3e72f085583e545f726ef8e1817a3d99c70,-0.4178227935806365,-0.0447400671656364,-0.23039253540818766,-0.394638327164118,0.031935788465777534,-0.1401064593821956,0
commons-csv,5f40584b2ce720d1eb6170d3839c413ed8d8564a,-0.3088265773577058,-0.2995057737245644,-0.287830109604827,-0.2669444945346978,0.11736677278206895,-0.5009650772476778,0
commons-csv,b63a788e2d88b873b5a3a9236640b7016bcd7514,-0.4952680910199541,-0.2363619499547291,-0.3138314361566854,-0.24477396621793654,0.13392468766855217,-0.2964153057020739,0
commons-csv,b40039bb8bade1c1d71bce6ecc46479e53eeb76c,-0.4666042476420625,-0.1259330029693056,-0.3620115489100604,-0.20359881446174924,0.10180929365021575,-0.2584149848277112,0
commons-csv,110fea83b8059dd13e9b081b72f114b6dec687d8,0.07666561892201225,1.1170903129345582,0.3681518345822765,-0.3204533367462693,-0.1448379466944833,0.6151741372990942,0
commons-csv,527cbc4e2eb4c5f72ae84bb1ac1f8d953b320736,-0.46240712019073593,-0.26320487488785704,-0.3151110870124026,-0.2397152910940464,0.1415795488843989,-0.30440023002595007,0
commons-csv,403d77f3c2e1e91d77b154214d2bcba2cc57d97e,-0.4132643133856168,-0.27719919647499325,-0.29472257178958594,-0.2607960656861716,0.13431675617875,-0.4121609657945827,0
commons-csv,e559a9039e1bc9b5f8c8eab4f40f922d5b190e18,-0.43468970371911647,-0.20328376366675852,0.8224545657437319,0.7676324032028462,-0.08100590925466018,-0.26311548500561366,0
commons-csv,8e938a0c0b15c88fb2ff693a00d6d3885155d74b,-0.41189827919268496,-0.2777832389671154,-0.2949539795102215,-0.2604960282763582,0.13409454059746742,-0.4129319382353952,0
commons-csv,a9b9bc4a9f506f9fda99efa560d1bc818e387b1b,-0.5043258906889073,-0.25015322343537605,-0.3061743484853179,-0.25214379409595844,0.13613203688725414,-0.3039670695051719,0
commons-csv,b244cb146cb020193834d0eaca9f8fd041914dc0,-0.47156974472059704,-0.16530968211186226,0.36705585372895816,0.2626912438354104,0.058433953121944195,-0.190317780479756,0
commons-csv,ed1a8a92f3954407bc03a62a51c3e0e9b1de945d,-0.41150879370063004,-0.1659791615139617,1.4051051258304885,1.2621275065498858,-0.19815322427591855,-0.12954495477255878,0
commons-csv,de2c25db5c80171eb7209afdb62c2aded5e121fa,-0.40702433614981043,-0.22599211332228392,0.5556540764073786,0.4999045901908479,-0.036525926006569336,-0.2640998190441268,0
commons-csv,2e5b9645ff106b555831ee2b3c84fa04dabb1e34,-0.4235251470569309,-0.20674970225012987,0.5512189667952577,0.5055878485918984,-0.01913512485429728,-0.2927309584764194,0
commons-csv,2453d648dbc45fc8dc2b946f98286bd04dda93e9,-0.41189827919268496,-0.2777832389671154,-0.2949539795102215,-0.2604960282763582,0.13409454059746742,-0.4129319382353952,0
commons-csv,811db7235a3c0f5e69df2d24792c1e8dd7e8dcde,-0.41491839019099963,-0.22300769555298888,0.5563205833397958,0.49996709609978507,-0.028550984249112524,-0.2812294481059593,0
commons-csv,5ca559f81c0cc43a3283c5511fe16f8b03759c64,-0.4353568100297432,-0.15696046337065328,1.4071277682257688,1.2622545599136037,-0.17444360452683977,-0.18128721015560867,0
commons-csv,aa9fc0d2c2e5b48e0a6cb8fdc71510daef54edef,-0.4357816528314312,-0.1484150478367895,1.4033881412128952,1.265822079233322,-0.1735527487159534,-0.1773366437969246,0
commons-csv,97c6dd82bbb775336968bc4e843981fcbcf3044c,-0.41189827919268496,-0.2777832389671154,-0.2949539795102215,-0.2604960282763582,0.13409454059746742,-0.4129319382353952,0
commons-csv,5d030e0b9f06f3e47d2f0f22f48ecb0669d10810,-0.5014929272885669,-0.2412940473095023,-0.3096159014216168,-0.2501472880834142,0.12952430988074493,-0.29998828475028727,0
commons-csv,f4e3269626140684b58901db9b9cd233ac960c9f,-0.2805013673557441,0.3051157290600955,-0.2249867671082985,-0.4690853707276688,-0.08659861802933591,0.0735012521595546,0
commons-csv,decbfb3ea29521ebe49abe6a74f66ef39722a2da,-0.30176350866559876,0.25587560658799685,-0.1920172411109841,-0.5128128142281431,-0.13337087242863346,0.06387192694683894,0
commons-csv,925f5cc67e6f94ab8665341d77c1104bc46a4981,-0.40521814246004717,-0.005533272937698863,-0.24482200238793736,-0.38774753097510306,-0.002596158399688852,-0.12178070700801441,0
commons-csv,0d6113cea35cb21651f752ebbe6d37eb8c990207,-0.45258798308505166,-0.18593016324444397,1.3592741466793339,1.2973414980406632,-0.2081988017108378,-0.1904842433910306,0
commons-csv,0bb7767e55769415626daaa6f385339f73dadcf8,-0.4039568382356256,-0.2807863552608171,-0.29562709261350406,-0.26054125865298294,0.1261810861323797,-0.39570134683140484,0
commons-csv,19a7e1e23b535a8ff6e7a2b328b90e84ca015aab,-0.45648762318977604,-0.18445665288420307,1.3596007939746773,1.2973900265274445,-0.20414984353974036,-0.19894809557978893,0
commons-csv,ee60ba6cb21e70ebc0902f0ee2663b34e00fedca,-0.4039568382356256,-0.2807863552608171,-0.29562709261350406,-0.26054125865298294,0.1261810861323797,-0.39570134683140484,0
commons-csv,5d3bff249d7f8d6479ebb5fb8a1d0ef6f575b542,-0.45648762318977604,-0.18445665288420307,1.3596007939746773,1.2973900265274445,-0.20414984353974036,-0.19894809557978893,0
commons-csv,e80c4ba5b907be5dcfbc168f496f26874be96bb8,-0.45665701592315466,-0.1797752391955195,1.3575557820834323,1.2994239426216836,-0.2034460634823457,-0.19701813739170596,0
commons-csv,a4980da8ee4b5e8866d3eb07d271d8f0b5f3d28f,-0.40743217522172076,-0.2792674293971567,-0.29544419696292046,-0.26022080992435587,0.13088186236458973,-0.4033296816074504,0
commons-csv,ab371497099d41b2c555af53e4b316eb372fd2d7,-0.4105752637137803,0.026830459847993596,0.34465785788036996,0.1049006275340663,-0.0828257646810732,-0.04708429971234118,0
commons-csv,2edd228da455fc7d5be62313d03693a32395380b,-0.41189827919268496,-0.2777832389671154,-0.2949539795102215,-0.2604960282763582,0.13409454059746742,-0.4129319382353952,0
commons-csv,47faf72c2374e54e5cec7640f75552d57a128a46,-0.4274153690726838,-0.15996357966435498,1.4064546551224864,1.262209329536979,-0.18235705899192756,-0.16405661875161837,0
commons-csv,edf1bfb82792c0a708702fbc7fd5573d8bde3b93,-0.42293091152186424,-0.2199765314726772,0.5570036056993763,0.4999864131779411,-0.020729760722578316,-0.2986114830231864,0
commons-csv,e7d743b916cea8d725bf2d228b4e6ab87c89da0e,-0.41189827919268496,-0.2777832389671154,-0.2949539795102215,-0.2604960282763582,0.13409454059746742,-0.4129319382353952,0
commons-csv,bef059b932fb1d35582103f7575bec0aee4cf21f,-0.4274153690726838,-0.15996357966435498,1.4064546551224864,1.262209329536979,-0.18235705899192756,-0.16405661875161837,0
commons-csv,aba86f7e553bc7dc4b96884437089da98a816ed2,-0.42293091152186424,-0.2199765314726772,0.5570036056993763,0.4999864131779411,-0.020729760722578316,-0.2986114830231864,0
commons-csv,9c3e16900a9964622d7f77656bba164f662f4ef2,-0.41491839019099963,-0.22300769555298888,0.5563205833397958,0.49996709609978507,-0.028550984249112524,-0.2812294481059593,0
commons-csv,bd02352f88761da9613ffe80076adcbe016cd64a,-0.4357816528314312,-0.1484150478367895,1.4033881412128952,1.265822079233322,-0.1735527487159534,-0.1773366437969246,0
commons-csv,4c186f27f7b340aa7d78dc68d380200bcb49bb46,-0.4278402118743719,-0.1514181641304912,1.4027150281096126,1.2657768488566972,-0.18146620318104115,-0.16010605239293427,0
commons-csv,8af37f7992e3e7fb37e0f2a5a9b02f27b9cb5e84,-0.45665701592315466,-0.1797752391955195,1.3575557820834323,1.2994239426216836,-0.2034460634823457,-0.19701813739170596,0
commons-csv,bea505a55b6ab3c4eca27f395b9d6fa6787d496a,-0.45648762318977604,-0.18445665288420307,1.3596007939746773,1.2973900265274445,-0.20414984353974036,-0.19894809557978893,0
commons-csv,36760506cae7b703ee7253ff43b592e5868151bd,-0.41189827919268496,-0.2777832389671154,-0.2949539795102215,-0.2604960282763582,0.13409454059746742,-0.4129319382353952,0
commons-csv,5770cc07e351cc124d34a6049c59e9aea8885675,-0.4953699813888377,-0.2355988754183377,-0.31374389307293776,-0.24557274251658687,0.12894298600962198,-0.289296887533791,0
commons-csv,2abebaa74eb413ece7a56d86f826bc690ee26df9,-0.42145356750255925,-0.05765458890015156,-0.22330378208076676,-0.40200678456168915,0.030134310455698636,-0.14346494796603942,0
commons-csv,4cf21f897d5da1c6a354f5f78595499bd39aa1da,-0.41263667936698845,-0.028180386030821108,-0.23667295165678617,-0.3915627247904982,0.017456436435237185,-0.132737337714084,0
commons-csv,f2ed1dbdc1b12a74eeddb9d936a4a02635719b0f,-0.4230529173393726,-0.2153138163084003,0.554951987637266,0.5020376048044927,-0.019964493372814616,-0.2965805624929456,0
commons-csv,e1f94c15080cc5d136073cf76432503cf92f472a,-0.42739167561474867,-0.15997292892655832,1.4064513520370536,1.2622179673031353,-0.18232631534574303,-0.1640061375805394,0
commons-csv,2fed5f0cf893b72f089ca150511fe5d6ab6fa183,-0.4354328827239237,-0.15721423546074775,1.4072511733198396,1.2620705134250378,-0.17467732658717644,-0.18135795583692718,0
commons-csv,44be7bfb278556c9b003442851ed30e3b3327415,-0.43202827855392933,-0.10046752129842508,2.2561492116483053,2.0240727906850413,-0.3444210577357655,-0.029592764671608318,0
commons-csv,9c13806da113ca949c13541cf81738d60a31a9b6,-0.41496577710686977,-0.22298899702858224,0.5563271895106612,0.4999498205674726,-0.02861247154148157,-0.2813304104481172,0
commons-csv,173c25476056a4bb2076cec8e2628117cddf9cd4,-0.4107490246490019,-0.27366716924614726,-0.2972237929512367,-0.2581793503046182,0.1345146177812105,-0.4118739148302826,0
commons-csv,c620c3f4b3ac52e78dd1b8dca6a1a59d41a81d97,-0.45665701592315466,-0.1797752391955195,1.3575557820834323,1.2994239426216836,-0.2034460634823457,-0.19701813739170596,0
commons-csv,a1f3603c7e5b5ba254c265289b23170257d87cfe,-0.4120676719260636,-0.2731018252784318,-0.29699899140146646,-0.2584621121821191,0.1347983206548621,-0.4110019800473122,0
commons-csv,49ed389f3d9fb4c332586939ad41ec25aeb811b1,-0.4132643133856168,-0.27719919647499325,-0.29472257178958594,-0.2607960656861716,0.13431675617875,-0.4121609657945827,0
commons-csv,95177a52002d7cc6118f45ffe2621be6a3c513cf,-0.42743906253061886,-0.15995423040215168,1.406457958207919,1.2622006917708228,-0.18238780263811208,-0.16410709992269734,0
commons-csv,14ca0ae93573f7075ba07ef72b8df7941a1ff37c,-0.41062701883149366,-0.2783298844104242,-0.2951721748891264,-0.2602305419311698,0.1337493504314468,-0.4139048353605234,0
commons-csv,7b02f262f5bd969ac026a01f12222054549c8767,-0.4230529173393726,-0.2153138163084003,0.554951987637266,0.5020376048044927,-0.019964493372814616,-0.2965805624929456,0
commons-csv,33e325ea112475b41a42e9eebb424fb18144375e,-0.45665701592315466,-0.1797752391955195,1.3575557820834323,1.2994239426216836,-0.2034460634823457,-0.19701813739170596,0
commons-csv,26f9bb6dabdbd23f4d6a816424b66cb51504bfd3,-0.4120676719260636,-0.2731018252784318,-0.29699899140146646,-0.2584621121821191,0.1347983206548621,-0.4110019800473122,0
commons-csv,8ac9d6cc4b105feb0e694e4b88759b688b3e020f,-0.41189827919268496,-0.2777832389671154,-0.2949539795102215,-0.2604960282763582,0.13409454059746742,-0.4129319382353952,0
commons-csv,345d72e8e56756d04d977682a14c13ec31e03d38,-0.45648762318977604,-0.18445665288420307,1.3596007939746773,1.2973900265274445,-0.20414984353974036,-0.19894809557978893,0
commons-csv,e9774d3d5dafc7deaf217072b73cab5ebada4840,-0.4357816528314312,-0.1484150478367895,1.4033881412128952,1.265822079233322,-0.1735527487159534,-0.1773366437969246,0
commons-csv,63bcf6b6b9e2457e4889361f0621e469dae15870,-0.45665701592315466,-0.1797752391955195,1.3575557820834323,1.2994239426216836,-0.2034460634823457,-0.19701813739170596,0
commons-csv,e4ce1ff28da385bb69cba3114e3a391977878d3e,-0.4353568100297432,-0.15696046337065328,1.4071277682257688,1.2622545599136037,-0.17444360452683977,-0.18128721015560867,0
commons-csv,b8690ea34d624f4940709f4dc217ffb932f6ce8e,-0.4107490246490019,-0.27366716924614726,-0.2972237929512367,-0.2581793503046182,0.1345146177812105,-0.4118739148302826,0
commons-csv,c2cf3057d37a8645234d083be4d5c4c5ab97ccc2,-0.10394546380526741,-0.37488305303582264,-0.2858930709184133,-0.27377785508551306,0.014777265633749146,-0.384044502392177,0
commons-csv,a33b24c26c2303af61cc7bcdf0fb94d62d3b19e1,-0.22658527802415238,-0.16854849564532748,-0.34812738175981356,-0.23282392872541421,-0.02292078922820584,-0.3731645820198427,0
commons-csv,f42982469b822e8fa8113fdfb8f71d775cefc7b2,-0.4149420836489347,-0.22299834629078555,0.5563238864252285,0.49995845833362884,-0.028581727895297053,-0.28127992927703827,0
commons-csv,76c631af6913ddd2b372eeb4fee68d61e86f5be9,-0.4481329324376721,-0.0900429963746359,2.255570527972263,2.02602175881012,-0.3280933471623475,-0.062144253801745555,0
commons-csv,b3679f4dfd52f2991775681c1d4c33896f88dbdc,-0.3196519071588087,-0.30072716617906947,-0.2857769708836538,-0.266818665245597,0.13274545254198314,-0.519992089363075,0
commons-csv,efbfc16eaedcc9a2d2761bfeacaf85ba1b45790c,-0.5043140439599397,-0.2501578980664777,-0.30617600002803425,-0.25213947521288027,0.1361474087103464,-0.3039418289196324,0
commons-csv,156f1f50714494ffd232019f66388877a60ee192,-0.25279542121072934,0.33447259749619707,0.10004221738656127,-0.26688419690722537,-0.2121842769694488,0.18742724563499402,0
commons-csv,008269a7ea44dda0d743d5a10f175ad3628270a6,-0.07610574106431522,-0.15672359492349786,-0.19898970679068964,-0.4240107518312485,-0.040629753741797635,-0.33606690440162484,0
commons-csv,b4abb0155ea2fc1695251ea09d9bf34b4384384c,-0.20484855994365808,0.4938534968326275,-0.12678860422642255,-0.6521125684677016,-0.27202573128270996,0.24364229390624717,0
commons-csv,1e8014b27695a3c05f8c2c51f43ce1178ba652e7,-0.20012327383375442,0.4821290140746915,-0.12432208227749905,-0.6531415886722585,-0.2686416458477754,0.248513833214616,0
commons-csv,082827ceef359ab4554721477bed8fe77fb655ff,-0.2239462740994073,-0.005552764095021063,0.4685637798700428,0.1962546231036781,-0.12930721252689856,-0.24283249986083855,0
commons-csv,676d654aeede73b7e2654235e0e9acb13e7ce5e9,-0.4266025634866137,-0.21095894438694046,0.823829767617127,0.7655446189658262,-0.08965388742332708,-0.24786533296078522,0
commons-csv,ee849e5fb695d0d38fc06539d01a01c0aca64574,-0.41189827919268496,-0.2777832389671154,-0.2949539795102215,-0.2604960282763582,0.13409454059746742,-0.4129319382353952,0
commons-csv,768fbdd70b3398e4ab2a43abd9feedfe2c0c9360,-0.31093691941780616,-0.2626350413086584,0.30004993500744037,0.2259898313394847,0.030345332581300545,-0.42383607842229093,0
commons-csv,decfc1b77da7b7e9846697235b9aed4a998405c6,-0.41077771042731226,-0.27393963986064834,-0.2971069940280313,-0.2583461212608716,0.13434238301324286,-0.4118436981694432,0
commons-csv,f596c7e07564f2944dc18e08b255ea136eb0c818,-0.5197872654420256,-0.11505683203718137,2.964140584388564,2.8929937122620157,-0.5720255796721263,-0.0025400120683786442,0
commons-csv,bc61b750d85e9ac1b4a45e210fad81498b7b8959,-0.025170799795862495,-0.3957999756738973,-0.27432691828608274,-0.2805258440027845,0.030241750171112705,-0.5269260776241909,0
commons-csv,1842b788fd6bbcbc569b07b9f8a81a2d60c49f87,-0.4121437446202441,-0.27335559736852627,-0.29687558630739574,-0.2586461586706849,0.13456459859452544,-0.41107272572863074,0
commons-csv,ba8ba605a07ff4986d3b58b9ca699d46daa4b6f3,0.26843610740067414,1.8506805514884164,-0.16986291790622263,-0.6066475535304653,-1.049817515395534,0.9937253484831684,0
commons-csv,b1bdb99c427716381eee074eba0450e5f9189cca,-0.10414331386664152,-0.3525587490337195,-0.2946268602987356,-0.2639084600632151,0.023135565623345313,-0.39444029136744685,0
commons-csv,3b55ade372459326df04ee7f56388ffa86574a45,-0.41062701883149366,-0.2783298844104242,-0.2951721748891264,-0.2602305419311698,0.1337493504314468,-0.4139048353605234,0
commons-csv,534916e25e9f4a519833ca7ecdfcf57d73ca3abc,-0.41772761934741715,-0.04500390561523154,-0.2288102223043787,-0.39802149690719096,0.02341161566532024,-0.13883714535449374,0
commons-csv,fe4d75e87e3a9d1be92214a4530cdbce7164a9de,-0.41062701883149366,-0.2783298844104242,-0.2951721748891264,-0.2602305419311698,0.1337493504314468,-0.4139048353605234,0
commons-csv,86b2bfa9c154c5a03cbe2b6dd9006956a8892aba,-0.41102317585487136,-0.2695119982620593,-0.2990286008252055,-0.2564962516551983,0.13481244101030082,-0.40998448566267875,0
commons-csv,b358bbd958209b112513ae86b076cbcbf290cf6f,-0.3934017961823782,-0.2849108102277464,-0.29674650573089434,-0.26002960304076217,0.11766948227380421,-0.3802651061644342,0
commons-csv,1cf6a1a26c60f57ffd31f51650692ed093ed6141,-0.4274914417668643,-0.16021735175444946,1.4065780602165572,1.262025283048413,-0.18259078105226423,-0.16412736443293685,0
commons-csv,18bcd0d2332ce737ef64cfbf7a2b5b71bac9a8c2,-0.42293091152186424,-0.2199765314726772,0.5570036056993763,0.4999864131779411,-0.020729760722578316,-0.2986114830231864,0
commons-csv,1b62381d2d7f8600e6e44f7cb56cb4a331798a17,-0.5039043835279069,-0.12106306462458478,2.962794358181999,2.8929032515087663,-0.5878524886023018,0.03192117073960199,0
commons-csv,d7afefc766509a951df6969685d19eaf008d0173,-0.5118458244849663,-0.11805994833088308,2.9634674712852815,2.892948481885391,-0.5799390341372139,0.014690579335611631,0
commons-csv,4c70d5cf3f587f7c61fb0fabf9df481719f7ce9f,-0.5197872654420256,-0.11505683203718137,2.964140584388564,2.8929937122620157,-0.5720255796721263,-0.0025400120683786442,0
commons-csv,c5ac847b35732ce2cdc70c71d037c70cc227098c,-0.39342842155869073,-0.28510060935294035,-0.2970827022858475,-0.25916302110302525,0.12075972906230097,-0.39152144680087986,0
commons-csv,4a865fd7f8fadc1b12d77ecabacbdc8cf2aab5bf,-0.4061812804297431,-0.010127926305794335,0.2791568906591118,0.02208007398210103,-0.0530720450693102,-0.053240112432742376,0
commons-csv,1b4e3af81aacc6a897bd4875d2deeb7858635dd4,-0.2540005462388027,-0.3307140243115712,-0.29032655821422687,-0.2654785623618465,0.08462868117503054,-0.40615767796007757,0
commons-csv,2fff399d1af90c0c8cbd870c83af301025a521be,-0.49895027994978386,-0.2479233736221997,-0.3087035565799611,-0.24991284907490932,0.1327920758246999,-0.2936577596842772,0
commons-csv,23c39b158e13ee835ae77ed3e39de0d54a0600cd,0.08098693049334288,-0.3547266028765015,0.33172546275463954,0.12539099479810423,-0.021689159643268865,-0.5462356259190537,0
commons-csv,41a063d2cfd992d526db228e6a237fb7a57b4581,-0.020412256212341728,-0.277362135845481,0.30326432345630183,0.15092036036911283,-0.00987679300898107,-0.4582419778913144,0
commons-csv,6d80ca8fa576bbdd46604b378d4078654d9e0346,-0.4016564670600425,-0.27312253020339144,-0.29994137936270526,-0.2562198502066191,0.12675363007939178,-0.39339866377180344,0
commons-csv,d46919da2651a797662a937c9870cb04ac4037c2,-0.290095457614455,-0.30621676167176315,-0.2902772543719278,-0.2651254578414816,0.10470849733629767,-0.4792262780966294,0
commons-csv,ded226aae1ad36ebeedfb82900091e30b87b9149,-0.4046250860628749,-0.267730626639057,-0.3017413219017104,-0.2540905168336011,0.13080448149678847,-0.40117812526324137,0
commons-csv,2e851bc96029b60c2f7cbdb10ae1b99207fcda3d,-0.17518756628138202,-0.02394162864221883,0.2781030021275049,0.022643738837551018,-0.10281297505103469,-0.18144642764887486,0
commons-csv,019915bee292b6ed5897112031578bea16a59ca8,-0.5043495841468424,-0.25014387417317274,-0.3061710453998852,-0.25215243186211467,0.13610129324106962,-0.30401755067625086,0
commons-csv,994407df291262aaf29c58871fb4c715f20fa03c,-0.5043377374178749,-0.2501485488042744,-0.3061726969426016,-0.25214811297903655,0.13611666506416187,-0.30399231009071137,0
commons-csv,4d1290d1a0a2ddad68ab23f2805a788f12cd93ec,-0.49004413979214695,-0.24645380622060237,-0.3117335542785699,-0.24755237041894687,0.12519424049566216,-0.27585369207572435,0
commons-csv,c7541b63443d5c30f81afdc39754b526ceb68324,-0.4963962964608155,-0.25315166509797604,-0.306845810045884,-0.25219334335566124,0.1282032105990741,-0.28676171868672107,0
commons-csv,dce2b545299bbf5a45a45ff3d8c9079f267ba932,-0.5043377374178749,-0.2501485488042744,-0.3061726969426016,-0.25214811297903655,0.13611666506416187,-0.30399231009071137,0
commons-csv,3627c5ae83226dbe383ed8abb32c1e9c3f51cefe,-0.5016870398505249,-0.2412618510198661,-0.3104902236923609,-0.24571080476231183,0.1442815653528535,-0.3015414518301035,0
commons-csv,d59f0866cee8af91d7391e613de353ae42a119c0,-0.5043377374178749,-0.2501485488042744,-0.3061726969426016,-0.25214811297903655,0.13611666506416187,-0.30399231009071137,0
commons-csv,ee9b09e7502436f39ad21edf5425f32e3b2705a5,-0.48043402875013,-0.25994542836835044,-0.3095217668474668,-0.24855174008454306,0.12697321322925437,-0.2932484092780392,0
commons-csv,805d329bda8c322eabdd9fd821157ea011ee62e1,-0.5043377374178749,-0.2501485488042744,-0.3061726969426016,-0.25214811297903655,0.13611666506416187,-0.30399231009071137,0
commons-csv,848c148b56caa79cf236728477def53eeda47e1c,-0.5072791999466392,-0.16100433593664212,0.5322422602747945,0.5201748178490805,-0.02635851388136775,-0.1773821358304865,0
commons-csv,f57be875117d56fa9a9a52026d9c7c2cb774b5e9,-0.5043258906889073,-0.25015322343537605,-0.3061743484853179,-0.25214379409595844,0.13613203688725414,-0.3039670695051719,0
commons-csv,d32fae69d0575132526552862b386e96d97b420f,-0.5043377374178749,-0.2501485488042744,-0.3061726969426016,-0.25214811297903655,0.13611666506416187,-0.30399231009071137,0
commons-csv,660f7c9f853092ec8abf5d6c81d260e3c80c2194,-0.2714319241232313,0.35810938509895446,0.025270077900836133,-0.32037613474853116,-0.16015345703915398,0.1301425978550566,0
commons-csv,1521cc285daf9923d09bd112892647c60e59a750,-0.5475592763935065,-0.15215360432208808,1.3458279954687578,1.3084859999280916,-0.2011202799611763,-0.088690303904868,0
commons-math,68163ff8f1b5474c65d6680cf27bef241a8cc51e,-0.4990031618706158,-0.25202044722016814,-0.30682495732184967,-0.2517542503065018,0.13203615468012667,-0.29622113049623716,0
commons-math,9ca9e7d7917560baf0f604c5e823114363be154c,-0.45665701592315466,-0.1797752391955195,1.3575557820834323,1.2994239426216836,-0.2034460634823457,-0.19701813739170596,0
commons-math,af7e2c753c318ff85469653b1d6f9276282cce7f,-0.45665701592315466,-0.1797752391955195,1.3575557820834323,1.2994239426216836,-0.2034460634823457,-0.19701813739170596,0
commons-math,9637854bc06acf73b5fa1e75215fa4ad6f4c0e01,-0.45665701592315466,-0.1797752391955195,1.3575557820834323,1.2994239426216836,-0.2034460634823457,-0.19701813739170596,0
commons-math,b0656699578d564d6d55949d415686e4085654a5,-0.41189827919268496,-0.2777832389671154,-0.2949539795102215,-0.2604960282763582,0.13409454059746742,-0.4129319382353952,0
commons-math,8e8e80efb77e8e6440f95427cf19c8abb7a51e91,-0.401488936414881,-0.2772356295075644,-0.29812170760428935,-0.25794181880374206,0.12631746044247114,-0.3955152582092626,0
commons-math,ffe022284442f8da651dba52963303b789368d77,-0.4349638549249859,-0.19912859268267058,0.8206497578697631,0.7693155018522663,-0.08070808602556984,-0.26122605583800984,0
commons-math,fc151828844ebb7335d738cdf2d95fa47bd1adcd,-0.45665701592315466,-0.1797752391955195,1.3575557820834323,1.2994239426216836,-0.2034460634823457,-0.19701813739170596,0
commons-math,bde0f3d787cfca7ad48569fa841675da381562c9,-0.45665701592315466,-0.1797752391955195,1.3575557820834323,1.2994239426216836,-0.2034460634823457,-0.19701813739170596,0
commons-math,96a5c3af4ff6f59f894874ab252944efa130f9a3,-0.41189827919268496,-0.2777832389671154,-0.2949539795102215,-0.2604960282763582,0.13409454059746742,-0.4129319382353952,0
commons-math,f6ffde98b9fa09acbf8bd7d0a64a04c122a5f2e0,-0.4067901508994398,-0.2751640527618964,-0.29755869796016154,-0.2582062843760087,0.13054251872557432,-0.40328385971382685,0
commons-math,6c97f033f4c3adc3d0f692ef30f2d19d77f88e49,-0.40943037737194043,-0.2742325132138627,-0.29744859450100686,-0.2578965884271173,0.13423091490755887,-0.41274584961325295,0
commons-math,aed06726224122b483bdd31b60b1bc62c1873d98,-0.4485461822327167,-0.1874597691779048,1.3589276808713948,1.2973447961508195,-0.21206329800482812,-0.18171750417579857,0
commons-math,f83ac78c27c3c34732517e118ff20ab24b8fa862,-0.45665701592315466,-0.1797752391955195,1.3575557820834323,1.2994239426216836,-0.2034460634823457,-0.19701813739170596,0
commons-math,8dad3b8b5fad8b13f23843b93c36b4ffc9f097eb,-0.4406047412756573,-0.1904628854716065,1.3582545677681122,1.297299565774195,-0.21997675246991588,-0.1644869127718082,0
commons-math,b0e7c4678fb2c0d16d65bbaaafcc22fd18483dfa,-0.4485461822327167,-0.1874597691779048,1.3589276808713948,1.2973447961508195,-0.21206329800482812,-0.18171750417579857,0
commons-math,03edd659394ecbe44e7903007366fca4814cdd6b,-0.45665701592315466,-0.1797752391955195,1.3575557820834323,1.2994239426216836,-0.2034460634823457,-0.19701813739170596,0
commons-math,b8bc7590a3215b4b4872208ccfe7b2a64b35ec49,-0.4936879215328871,-0.254310400820017,-0.30730532240172254,-0.2516019063021908,0.1277280357903245,-0.28835414473942483,0
commons-math,d961ff2f4d2adfa537e361c24082628fa866d855,-0.32107284485063686,0.2258183016123553,-0.2661237377603316,-0.04198221735494357,0.21617105257530325,-0.1087624123472416,0
commons-math,506d4bea15a1d8845b4ba254899d9b1bf9a5c953,-0.17234219523520522,0.13230571433328103,1.1967781013911751,0.5042474031538452,0.16260957854148506,0.022770096398799164,1
commons-math,5b291c795051258a455fa65462f35c78f338f7d3,-0.48974792730948685,-0.21288136442291172,-0.3232550175798751,-0.2383111394823908,0.11998900296316829,-0.29052420910974763,0
commons-math,f466637d82930c0104c1fd0dcc8e179a4ce9b98a,-0.2095137213346869,0.12086768568565913,1.935900818730242,1.1769102467810186,-0.05191739802935517,0.11042490229691002,0
commons-math,26fc13cf66c066ffa96f509dcb54e2dd77a34e78,-0.22008786043411482,-0.08115588827048963,-0.1741991093720223,-0.35205331281094676,0.04944438718551069,-0.015343143733145166,1
commons-math,de99fd0384f0101beeb47433ee8be89624bec9c5,-0.3967457275258431,0.019629356677508175,-0.26396242826630123,-0.36358579506112637,0.0228898441092257,-0.11902012782476244,0
commons-math,c98e638d7313fec1cc5808cfaa18b2bceaa9864c,-0.1945505882388175,0.7585929138277449,-0.8255229431416629,0.4253639718650759,0.765783260525073,-0.011578050911426427,0
commons-math,9f92370627346243071b7424f581ed75f924adc1,-0.47741264654867016,-0.2609438846223301,-0.3101377151517029,-0.24768987888094443,0.1270391969426866,-0.294265277938635,0
commons-math,b7dd3fd3d11df92e3f653f001e1a924a9fc49b73,-0.30783037403258523,0.21900239349521017,-0.18608442026978828,-0.5072845981093395,-0.08002679342658583,0.04036967178680159,0
commons-math,830f1d1443b21bb17f76fba84eb1170d97ba369a,-0.4935494211469405,-0.2543200364778056,-0.30728366060606244,-0.2513534455610832,0.1299024729043241,-0.28437761793509875,0
commons-math,a9645dbc0249a3d1e477e0b81821beac3fe4debd,-0.46743872389081387,-0.12586979989033578,0.10541450315951717,0.14315096752186068,0.052369996836103126,-0.18562222358710895,1
commons-math,286ab7c6dd4c4aae0b0290517ea3508487438d01,-0.4998202375461095,-0.2375973635800864,-0.3118740866351797,-0.24775701970727076,0.1305223148507562,-0.29774653191472916,0
commons-math,36553ffab375518a8ce39b25a916f730775435a4,-0.40394571811327035,-7.2003684547547706e-06,-0.248021171390992,-0.37881235996608564,0.020198160689457074,-0.12224374615428912,0
commons-math,7bbeaf72e8f6fc827823b6c3cbe3e5ab019f2ae6,-0.47060573246575504,-0.09710571053225264,0.14860887606885395,0.23794192977554957,0.12996205328510985,-0.19861141333963173,1
commons-math,1b99b4583c552e0ece96349b4cb56b3584ad2b42,0.058953688678862144,1.4637359321880643,-0.7973600217521843,0.4401662987994164,0.6144090360270489,0.36211053590174075,0
commons-math,3ea45970dbe94643fb57ce7713dc1c624526853b,-0.07050855634114507,-0.17051909323100137,-0.28454917726099577,-0.3087735676419859,0.11019321303285148,0.18242781234239158,0
commons-math,5ec8070228b3879a9bd4d2d2b697c295ef762fb4,-0.4063416040540062,-0.26696355779523695,-0.30119402373149906,-0.25192224943264646,0.1442501490559259,-0.4052006848284119,0
commons-math,cb4ad072e0d357d4fe4f0f27a0ed4df0ecdb0f4c,-0.49741502808626437,-0.23991291012451807,-0.31264414888451464,-0.24327429672551146,0.14605005794133777,-0.2970320291245405,0
commons-math,777af155a678286614d261887790352b43fa7c2a,-0.5143886458485325,-0.18411267228469513,0.5416954030675655,0.5123729750441257,-0.01785138943522018,-0.18649723703593096,0
commons-math,7a59c0af26177cf69e702eaac85471e54762f664,1.0093610394934294,0.8648333880910842,0.21373486301534267,-0.09103213317086746,0.9720110486577346,0.03799051735021644,1
commons-math,843fbfbc3428819dc0763fa470a8af64c0e74775,0.3816864071217346,-0.4478452343300874,-0.23781607818789535,-0.20611132624442444,0.1456152569105614,-0.6654635155257546,1
commons-math,bddcfd5a574a1d509cf54d799ec7604dad1380b4,-0.5002377087083654,-0.2314014826397541,-0.3150732977256375,-0.23988234123708332,0.14985350676261144,-0.2980350042472939,0
commons-math,595f3fb79a885f8620f77ebcccf8da65b5024b4e,0.08841823633972073,0.7794042589846224,-0.6396298118465428,0.1112637111165486,0.3644635855800275,0.033080065180260645,0
commons-math,c4c288a3e0e610ed02801b17ed26016b0e734032,2.295668630899567,-0.8082470858246659,-0.5077164301269771,0.2697205112388084,1.5761292626346008,2.970078820077895,0
commons-math,57e01f404ecf77b31d301231bf09184ee87e69f7,-0.22057884404324776,-0.19782955960295315,-0.3501016861983776,-0.19691205030005843,0.11722587167869222,-0.372271802202667,0
commons-math,64b47d86facb0dc2355a6295f143410938740ad3,-0.3816766711001528,-0.00934258403615609,0.21541759844344585,-0.02951784153988794,-0.04966890733801128,-0.01864768835224198,1
commons-math,bbd702ae2f6c52b58d2e2ba99d7fc548545f46e6,-0.48878859317817597,-0.09879456796178078,1.4373606579245468,1.244355939242042,-0.13497241238989366,-0.023188721343969362,0
commons-math,3ec3a2e353249f6f98874ecfd43d317dcfe3042d,-0.4767812862324221,-0.16129147272352232,-0.3495766982773645,-0.19994862645379133,0.16978851195619254,-0.27458953451830637,0
commons-math,73952558a19baa5cfb71094272b1c1420136d768,1.4202007518145507,-0.9298283151853304,-0.42478288520997803,0.2626642075499695,1.7919164292013956,2.6391007143712706,1
commons-math,78ebedb0f1c84787e622a92cc47c2d28a0e1e4e5,5.775276994895157,10.544649069067756,3.226451490833314,3.1910569320498507,11.759331238318536,7.098668246423692,0
commons-math,aeb21280ae82701d21321d882e454f5c6ada4ff7,1.8907412377727142,7.327097452532634,-4.033701747560812,5.180112923807547,6.709648389552086,1.753813075426295,0
commons-math,71760ddf88efe70447bacd92c33eba50fc7fb1ea,-0.3971779766770519,-0.2832022263018177,-0.29654986970048725,-0.2597797525331028,0.12201364979760737,-0.38855725032971605,0
commons-math,6c4fc0647f4657d65868cdea2f4a850103620f47,-0.4063828724787546,-0.2788751225883191,-0.2959698490008165,-0.25956730167043857,0.13065370910207322,-0.4050494839391233,0
commons-math,d0f45833617d8622f68bb33f1050cd8a6e9c9464,-0.4068364559661873,-0.2713959728101598,-0.29963780810170043,-0.2554440208120116,0.13618799852719216,-0.4083814896069887,0
commons-math,bd557f1b8bbb8c9603d6edf642a8db4c4c8db21b,-0.5019429510249788,-0.24205426718872494,-0.31039274678609613,-0.24691542728007285,0.14027935199057673,-0.30171907986267454,0
commons-math,3e5c248f739b7978c057b0fbd3d0117f4bc2302c,-0.4916009185136102,-0.21305844723185108,-0.3250014887419567,-0.23148883983458893,0.14269610498350035,-0.29263153523187196,0
commons-math,dcd8015fa6baefaa9ca3d6c9bd792c7f0bde08ac,-0.3915953585089303,0.012184685400072923,-0.257602207403632,-0.37385005842714614,0.0019480819642995952,-0.1145716876290649,0
commons-math,2fcfce303989ae14b5b51f4c9fc92e97bc540ba8,-0.48991850648066987,-0.20774487779522333,-0.32577386287724414,-0.23664649503292826,0.11766240303705507,-0.28866300223782826,0
commons-math,85a4fdd0ead28ad4c2f489116b34166c2761e4a3,-0.36359241233810735,0.1089485612972661,-0.3067647850146563,-0.30938387950527135,0.06164172445654399,-0.09266254295877076,0
commons-math,47ed8d9207be8362463b9113de0c83bca871345e,-0.49905862230398895,-0.2523216794753753,-0.30699059406788637,-0.25061947829761444,0.13897717586643274,-0.3001075290813485,0
commons-math,e7e8c3f7177e22b5fa766d931d52142c9fc55f49,-0.49859045435670374,-0.24119685008331507,-0.31184445452264953,-0.24483866166884166,0.14172006913379726,-0.30266981870821197,0
commons-math,9575054ff07b8dbb912e889111f6b3a3be582680,-0.461578716827518,-0.10595939848656726,0.8942995759446503,0.7203532513933125,-0.009350493714323494,-0.08290434066905665,1
commons-math,2990f6caad0db0f7c7a2df22d65f1031ed9e33e1,-0.4968282427709306,-0.17761921732802788,0.2657010128436682,0.2552770915452857,0.042525500751287866,-0.21282136265760015,1
commons-math,a55ae85447ea6786c9aaf4c3f38779a61b23d142,-0.3011209442852698,0.24513161868345798,0.08432965588684262,-0.33921683245388023,-0.10323070367772358,0.086943062687856,1
commons-math,0a799598cbb436e67d65561793d1a8a7c56c3446,-0.2830504345642944,0.1170543683341916,-0.2188613029330353,-0.2756429662524223,0.08467930250556659,-0.06770861239105751,1
commons-math,f5532557b9fd00c2e1c8b1cc4559d95eed0ad8ac,-0.3201057153545423,0.0011834868817434127,0.0026669668629527754,-0.3064603111664434,0.0277887171296966,-0.08951422425194958,1
commons-math,c1c61ce70d1e9f7ee005364ac797841f653ec3e6,-0.3749250411228176,0.10093641543696484,-0.3082584001084489,-0.31769610151728234,0.03429777036939713,-0.09625036826336059,0
commons-math,3d9a76877b4f0e405f6436a9972c6f9fd8832d51,-0.49178104034562237,-0.20953450752672179,-0.3256642221398204,-0.2346304158070756,0.1278030290432781,-0.28919667325418164,0
commons-math,38e337f5c85cab778fc826438fce9f05d7e3a09f,-0.49585712427034717,-0.23922527782960756,-0.3125776910152917,-0.2468670413357048,0.12971426492179328,-0.3003698904288501,0
commons-math,0c1e6fb256aa1b4f963d325ac818f09955961459,-0.47401415080260895,-0.22130142286887394,-0.32673513032515283,-0.2316256027400545,0.12633748383947735,-0.2689164957522507,0
commons-math,01c55de5f5869a6c244c87294616283b4ffd27c8,-0.290564528420079,-0.2987914250297254,-0.2941843004411035,-0.25704967831204834,0.12327615319053405,-0.47623780947499866,0
commons-math,c278ac388b133213afddbfadf5c9456ad049373f,-0.5002478565454982,-0.24197225342896006,-0.30977404579620266,-0.24996950609943056,0.12907763050764817,-0.30097131413053535,0
commons-math,a6c3e571ca30d7f15a0a65743ca34183041deb8f,-0.5043377374178749,-0.2501485488042744,-0.3061726969426016,-0.25214811297903655,0.13611666506416187,-0.30399231009071137,0
commons-math,d7b9578de3266d6defdd81fa9f29880163bfa810,-0.3936655301453333,-0.0013927843498099989,-0.2497565107860949,-0.3825490646250337,-0.00696584007942618,-0.1032296980953959,0
commons-math,649e19b0f2d320fe2f9f2deaee9f4a391817c548,-0.5040097531832177,-0.24914280970609978,-0.30666962040431717,-0.2514032892586171,0.13708229695169313,-0.30365884619435846,0
commons-math,fa2adc7b477f4e37bb0d437ba8cb800f1fb1885f,-0.45376005707339406,-0.033576837966710536,0.20832052808322277,0.29578828064351104,-0.036672926100686926,-0.1529579477898812,0
commons-math,d9b951c1fad20e04440e7013e49ac08a8fac4061,-0.5039763921205175,-0.24894313137632562,-0.30675887113943756,-0.251273892158349,0.13722684485076111,-0.3036562681044485,0
commons-math,376958763cda7cc546e4446243638418fefd1568,-0.44309615205133357,-0.12068970773069632,-0.3847481422239202,-0.1643011259861672,0.18539462514709745,-0.23163867709367186,0
commons-math,92a027bc73d5ef67c4b2ead2f3ef63f198be1e26,-0.501554015127426,-0.24594202148317687,-0.30902153982652847,-0.2490036753385367,0.13703412144800953,-0.30338450557508795,0
commons-math,c8f122c30463a186b0586c1370aa2b8e87890375,-0.47872297510279316,-0.18640388965624055,0.2643063989257574,0.25991395363647896,0.05736948368148615,-0.1773181102047347,1
commons-math,e11c00085cf0ba8c692522a851a387b63803c74c,-0.46630976843239064,-0.2261834479189668,-0.3270855620666968,-0.22787921180847026,0.14586989516267357,-0.25586108174483757,0
commons-math,9786ad4de8ef2f0aefcbe2bcb14889bb148eebd5,-0.3219354470603043,0.14928274923411217,-0.15251225846805166,-0.5374001842851293,-0.06514412513235644,0.03127840757815217,0
commons-math,7df65a5ddf59b564af1d753b89d30f8dc33a2c5d,-0.45815398278041003,-0.2276093184131966,-0.3268097470636763,-0.23402887548003143,0.10698670824148766,-0.24097817862468718,0
commons-math,4a6bf542e1929503f354d0afccc76e19d1cae177,-0.40761729546617065,-0.04358150690174219,-0.4172241176182976,-0.10608608318726019,0.25602375770902186,-0.19856576421091088,0
commons-math,29b193629150c9a38949a6afa5b620cdb4d7f6a6,-0.07583115757151276,0.8239164270778012,-0.2992600823149088,-0.4424696685105056,-0.13975799318804366,0.3787602130008578,0
commons-math,b5e155e7d0448a100e9d4ff7d178a2fb9ea9f659,-0.3563040983496145,-0.2999094102682885,-0.30224602535638023,-0.24808889104269266,0.1498481148343468,-0.3306764322342276,0
commons-math,bd3a6ecaa777247aaa6175e5c4721bfbd1645451,-0.3722700539348887,-0.03775840915741102,-0.24414197418243133,-0.37881975311806104,0.043310767133737035,-0.08096571991512873,0
commons-math,fc7eeb4801b1ea7524b9329d5584c2e5ed945913,-0.49026390149622373,-0.24033533003284102,-0.31402891705225827,-0.24491642239331146,0.12960045905251733,-0.3035897551658772,0
commons-math,cee04d16489749883b8319f313e782ee20048652,-0.49591364387289727,-0.22764600558471565,-0.3161266827465227,-0.24470735358248838,0.12405553420928049,-0.2956640534857739,0
commons-math,d9df34360f3e95f1b5bdda9095888dab7f45d982,1.5963785082888746,5.180628357881744,-1.9420533827476583,1.7226573800093925,0.8986705966009617,1.505339047028241,1
httpcomponents-core,4f7ad02c9ebe77066f39fcd775eabfe13530ba4f,-0.4990009827464134,-0.25223414944324735,-0.30674066121487836,-0.25187069075753554,0.13193772225033543,-0.29614798682952864,0
httpcomponents-core,de19a6054e0f661a78381d5cda91c9c7692c78ce,-0.40808607060626195,-0.27376970232878306,-0.2980308027174416,-0.25685940735702834,0.13644777802013294,-0.41020134644454576,0
httpcomponents-core,9b898d9206950b4602930f36c5b217c6364cdee0,-0.06432344481789469,-0.3892906679818434,-0.299566114058253,-0.24344337213634168,0.10375462469646014,-0.5247735629970882,0
httpcomponents-core,44309dd884117cb3c93f2c62599a12d8b3581ade,-0.20448006055110693,-0.3494608302698395,-0.3023145141039683,-0.24325130961788438,0.12766328159208332,-0.4797198353856166,0
httpcomponents-core,a4931124479e4973b25dad54a88969c70a02906b,-0.34607673473560874,-0.2814353053644112,-0.3151609454304407,-0.23402414284839118,0.14952767836774644,-0.3716017094931064,0
httpcomponents-core,6af1b9f2c98036012043d1c08245727ea9f7aead,-0.08684389863100324,-0.1607887736097891,-0.3900090111107503,-0.1350358715801331,0.2013883388072958,-0.5455003031202843,0
httpcomponents-core,81bccbb08779c0e632ef929eb45d6466d09b6dea,-0.5032053219235346,-0.24630962432890904,-0.30832736300312763,-0.2499938870804718,0.13637987930302958,-0.30287882943921984,0
httpcomponents-core,556dd7d2156f070b5eae4cfd4861b58f336474cb,-0.4827727096658314,-0.22001422415389596,-0.32688648413508486,-0.2282016296011191,0.14990096305184936,-0.28840202620136557,0
httpcomponents-core,d398d7b9c1ce29728a2621dbcd5e1e5f65415cf3,-0.502101356877656,-0.2442620798913438,-0.30946826465675126,-0.24822368163163072,0.13899370478538917,-0.30132590306272233,0
maven-resolver,5ff45a2b00102e44ee5068e11315ff528a1455aa,-0.4267862991091474,-0.20641376600550748,0.8218431551874847,0.7674951495819387,-0.08903622474991628,-0.2459202664422826,0
maven-resolver,26558272325e3d550070f256497a0eef4109316d,-0.4079606027408703,-0.279129863282309,-0.2953423293526001,-0.2604525335188564,0.13016244345653838,-0.4044327132059776,0
commons-vfs,40ecf71659a80d4ccd3c736ccc6df49976298b35,-0.49745049757133103,-0.22681267466437877,-0.3183684258276036,-0.23714454909734523,0.14771289629405154,-0.29746315629708475,0
commons-vfs,9769e276fc0737ccf591d89d9b2d42e54416f3be,-0.5216620932542019,-0.17778609508500873,0.8106497170691953,0.7763052484355281,-0.08299363754777733,-0.1460538871588129,0
commons-vfs,3c0984b1f6018c52a6ed3acefe8f341dfdeefa54,-0.5043495841468424,-0.25014387417317274,-0.3061710453998852,-0.25215243186211467,0.13610129324106962,-0.30401755067625086,0
commons-vfs,08e80802f47daf43aedc639530c223a10169265e,-0.4996475289319715,-0.2379493029233157,-0.31178536393815215,-0.2478503696511961,0.13061140107535696,-0.2972872252997186,0
commons-vfs,e3d23075e665330790d17b487c8f8a1270b597ba,-0.5043377374178749,-0.2501485488042744,-0.3061726969426016,-0.25214811297903655,0.13611666506416187,-0.30399231009071137,0
commons-vfs,38c08e7f3602b1e7b8cfaa3a380dd2861e461c81,-0.3726900321139728,-0.17426804367202015,-0.10532977117425622,-0.08460285499886509,0.11108610015200998,-0.3419752705951714,0
commons-vfs,5a6fe1715452c2e2c6142f720f9856b235705668,0.7213077512675184,-0.3510493431436625,0.3036874282634209,-0.28652064648381187,0.49417670891517707,0.6481108860690631,1
commons-vfs,1e8297603c7cd433955f9e4befabcae08515e2be,-0.5082167329122422,0.1322861876666278,3.083431251906883,2.7161893561727473,-0.6464210619227776,0.28466856145707575,0
commons-vfs,84c365180ff186df2d8777d063903358b59a6c07,-0.5433889323510561,-0.15898703208906326,1.3477860360438425,1.306088785058595,-0.20604534089430393,-0.0817350542197513,0
commons-vfs,e0a4b1743a41bb585acc08d5128f2b436a28567f,-0.5027522005040096,0.15008400864710345,3.0765762222604622,2.7201089471855076,-0.6598978369283645,0.29219704101267385,0
commons-vfs,f15cdb6ec533661622f5ad0f85bdd61aefe9b503,-0.41506685398243237,-0.03719849961415125,-0.23328755117284286,-0.39341238877838647,0.02458680542688327,-0.13585794256062636,0
commons-vfs,e5cf3e4c1252edc6bc486923a9b579303685e0bc,-0.42045146602686206,-0.053764243482668,-0.22544028117141313,-0.3999000663769836,0.030228434640551416,-0.14262911375548223,0
commons-vfs,4f6b0dfb573aac9c61f5e25589b26a5f728e06de,-0.49963836567115005,-0.2391196524300653,-0.31288739331931875,-0.24536961843293423,0.13663491995292062,-0.3015818382554961,0
commons-vfs,cb61c01ccb1f6bd2b4014154b7442173cc840884,-0.3246634315594613,0.18170540784222264,-0.16189210628018805,-0.534650676759342,-0.09421348698283519,0.033703195801621386,0
commons-vfs,a4186edf809581f50b8cce7efdb6513c6d9a195d,-0.274990004730636,-0.11126162302035375,-0.2420268747073977,-0.389479650991886,-0.07344689378690941,0.03480430404507784,0
commons-vfs,30ddbd3345c0cff5c654adfb439dfa5f16fce4f3,-0.5030072434118458,-0.2507185674030915,-0.30639915003508816,-0.2518610322184575,0.1358483340136025,-0.30483900428814226,0
commons-vfs,88d2bc8eab20af1640890fc55d3bf2664fd33a7c,-0.020251675739994465,1.0737714149630908,-0.34887930922048355,-0.1868901740846348,-0.10635997196468691,0.38185579942021997,0
commons-vfs,e094ccd899962e4ce3882017a839d16a321536c6,-0.41240488263492986,-0.052110791113717116,-0.22864938712657487,-0.39677869345458233,0.02663479372044475,-0.13417458799328608,0
commons-vfs,2b198f42de3f6815029d9eb45ede2763c90d3328,-0.4089047736617624,-0.0148848288244858,-0.24519457206824768,-0.3736236550706373,0.05614014206606287,-0.13176678698109773,0
commons-vfs,c41eec99caed585982dbd128a1c9ece24a8770f6,-0.32345868190279875,0.16651500053607368,-0.15819759019069932,-0.5291623155274994,-0.059183274593642365,0.033864447187459915,0
commons-vfs,223d5692d64b8ee5ac64a83c918377e0da0f81d6,-0.5031410959583217,-0.24605117760771292,-0.30844911655448204,-0.24981415947498412,0.13659822954027398,-0.30283332434344085,0
commons-vfs,fc090b7ac80c72a28a0955396ec05045de2b4fd0,-0.5029989352107112,-0.2461072731809328,-0.3084689350670781,-0.2497623328780467,0.1367826914173811,-0.3025304373169671,0
commons-vfs,3bfae6ab6cf98730e825a1c823376a8e0bee77f3,-0.26044387211559433,0.11899605397210526,-0.15449900302398129,-0.5428049406968178,-0.13798857245216575,0.11938884782125828,0
commons-vfs,0a8d89764938b4729086f23c6d32c473666deda3,-0.4132334975569587,-0.029634183820465315,-0.23742393191833402,-0.3894175499621662,0.024418357151514112,-0.13445894450514623,0
commons-vfs,22415922f4f27935f4e50f7d54abcc1cefe2a0e3,-0.4980418317797574,-0.23403180925400704,-0.3150893629956514,-0.2410189300772423,0.14467189563329008,-0.30010057129835266,0
commons-vfs,0f386af279de5e9535dd4b4f30ca58b21a2df937,-0.41167756586754994,-0.057316390328758404,-0.22674538339801908,-0.39709736118751676,0.03762363325503909,-0.13129836001197348,0
commons-vfs,b40b95f72ac4a2c3ef2aebb7d2970ed4b2ab2980,-0.5043377374178749,-0.2501485488042744,-0.3061726969426016,-0.25214811297903655,0.13611666506416187,-0.30399231009071137,0
commons-vfs,f05c5400042eb7fd7a84550467435fc28304072f,-0.5014753550133684,-0.2513680547306369,-0.3066536793537525,-0.25150053044555054,0.13584132395561163,-0.30525660853140196,0
commons-vfs,d97ebdee30f15a2001114998ef297ae22148614d,-0.5043258906889073,-0.25015322343537605,-0.3061743484853179,-0.25214379409595844,0.13613203688725414,-0.3039670695051719,0
commons-vfs,e76a3713f34d154ecf48625d37243d29ebf6b68c,-0.5043258906889073,-0.25015322343537605,-0.3061743484853179,-0.25214379409595844,0.13613203688725414,-0.3039670695051719,0
commons-vfs,36413713c5fa8a29b748bfa5c664ad14f0edc3b0,-0.5002650716630272,-0.2516193863463132,-0.3065516655667748,-0.2520944843636606,0.132325971108348,-0.2951826438696102,0
commons-vfs,e55895aae1cd3dc5c3da9ee95e347609dcce7aee,-0.4864416702458522,-0.257344091072334,-0.3087245946808512,-0.2482427904426745,0.1382942935894762,-0.287819200383233,0
commons-vfs,bf429fc0aee4dbfe5bc5985637a5ea39457dc050,-0.5043258906889073,-0.25015322343537605,-0.3061743484853179,-0.25214379409595844,0.13613203688725414,-0.3039670695051719,0
commons-vfs,d12e28856ae948e9ece8e0e7228c8f6b7ab2b427,-0.4970081560668885,-0.22577874094528222,-0.31828470741174225,-0.241468593426419,0.13058642510473809,-0.2956756734024385,0
commons-vfs,36c789a9b3e317789e79a1aed2854e521bf0a828,-0.4578504242460198,-0.26868574735905393,-0.31188407530527784,-0.24659530018699627,0.11585143387242093,-0.25187357519595843,0
commons-vfs,a19631a852cdef62533566c158788f1bd221fa50,-0.5041880881897015,-0.24978191456243762,-0.3063627592118567,-0.25185908659695344,0.13651336362394367,-0.3038104698121152,0
commons-vfs,c05755e9fd49ce04472f69ad940ad666e205f8d0,-0.502952685051398,-0.2506691482738729,-0.3064349559367548,-0.2518020639470817,0.13595287999796346,-0.3047455961111942,0
commons-vfs,7d7509050c80db8fac5c4a075522b0dac05967a0,-0.48366493119167997,-0.2220636793908198,-0.3254383938941299,-0.23296166775888497,0.13199550288604425,-0.27800962392809303,0
commons-vfs,b21d3248aabc30f904162559169aa6e6e095e98f,-0.3171155816182794,0.2709229334845895,-0.2851136733522257,-0.2363705671610251,0.038385528986781894,-0.027309924362718743,0
commons-vfs,61cf46988bf34ed26f0eea27b8f6bea79de3f17d,-0.494580086567117,-0.25391334357196127,-0.30713997638974067,-0.2517291883888794,0.12856512429529746,-0.2865735488770333,0
commons-vfs,acd7bf4ef0d495e11cf9a7473481a1024f095e5c,-0.21594381091371484,0.46853372723554015,0.0770251179469388,-0.2674466730563379,-0.14860202506475556,0.2082055571672632,1
commons-vfs,797382024a2f8cb3bce51bd5977ac3b801bcbdf7,-0.3787801004328083,0.08520325374487388,-0.2951726375973858,-0.3360080437020665,0.008447275595073203,-0.0962500457127943,0
commons-vfs,39929cb44779e5841e2b81a9b0b66efea0345580,-0.5042903505020047,-0.250167247328681,-0.3061793031134669,-0.25213083744672404,0.1361781523565309,-0.3038913477485534,0
commons-vfs,46a67ef58779505e10b560df71ddcd4a8981d01c,-0.5043377374178749,-0.2501485488042744,-0.3061726969426016,-0.25214811297903655,0.13611666506416187,-0.30399231009071137,0
commons-vfs,3e49d7162a542898587c034117a16b8e7def02b1,-0.5040025817386402,-0.2490746920524745,-0.30669882013511846,-0.2513615965195538,0.13712535564368505,-0.30366640035956827,0
commons-vfs,955700fcc155a398e88cab0ba048a65e25da0756,-0.5043140439599397,-0.2501578980664777,-0.30617600002803425,-0.25213947521288027,0.1361474087103464,-0.3039418289196324,0
commons-vfs,051ab32097d55808ae315811274bbc2b9681eebe,-0.4666739679885803,-0.12159625102150665,-0.37663967524482683,-0.1767625623556538,0.16235369450674167,-0.26765982894974,0
commons-vfs,6ee40aaed670f3df5a51d415df861f636cdc8d09,-0.49762325920945605,-0.18856230696862958,0.2693756259105952,0.25136644581569284,0.04075691179228591,-0.2080939210276478,0
commons-vfs,496e6339c29f8882795585d3432bcdd490b6d535,-0.54322244407354,-0.15834325260162374,1.3474808263940983,1.3065402635138534,-0.20549177938964674,-0.081608671187534,1
commons-vfs,c40d057d92f6739643a4e55f9b08d44a119f08fa,-0.504287854341817,-0.25002633739032876,-0.30623605103235324,-0.2520517708516755,0.1362488979174225,-0.30393169666451264,0
commons-vfs,a52627eaf1a45190649de6a912d678a16a976707,-0.5003500095484008,-0.17472161194866664,0.37310662434557185,0.3592077486303374,0.009665413414584142,-0.19039303208117725,0
activemq,307c0293856c00cf430804a26840dc962c3ab26e,-0.08450123108302039,-0.3752531841149261,-0.2704233488425547,-0.27551548679248083,0.11298815791622895,-0.6965944807396709,0
activemq,c2ebea7e2eabb52e7066d23cc97b86d4dac143e5,-0.48886936713686985,-0.21277755510440077,-0.32741950352733495,-0.22840358805881786,0.14501506120841537,-0.2842903975570559,0
activemq,a5962478eae9c8164dc7f23831c830c4ee600b74,-0.39526863137809476,-0.2781838220012939,-0.2999492637170568,-0.2539312865712919,0.13367726558732249,-0.4088749578099038,0
activemq,1a10be8fd70c91a4f5f94cc0df21aa6dd58fd045,-0.40062074384384166,-0.26595323631443857,-0.3034585032919405,-0.25050847237293405,0.13689617328611356,-0.4011989945853233,0
activemq,d008a1d188ad3144f82b8b09fc6d9df24c66d17a,-0.49353072588178454,-0.2545929773996111,-0.3078431735902145,-0.24900014707155194,0.14216049495364105,-0.2956926957756567,0
activemq,79f28c5aa3b5e461ee949b397ceb6ae010e6607d,-0.3932775384015278,-0.29683821725984055,-0.3245703206960652,-0.22738614493030235,0.12566865235205876,-0.3360718509451374,0
activemq,78ee3434256b59138b948b43db9e232f9c4ddcf5,-0.5197872654420256,-0.11505683203718137,2.964140584388564,2.8929937122620157,-0.5720255796721263,-0.0025400120683786442,0
activemq,47b5286d72b3b112915bfb5ed5fda25e126cba5a,-0.28322851387417786,-0.2700459635162075,0.4042359919336391,0.3323186452370408,-0.023741602687734786,-0.33805919791793854,0
activemq,4e14a4cfd1cd6cfea5b1cdb0e8d6ddc7f4c7e541,-0.3202710014702588,0.27172400805439945,0.5154481497655988,0.07598507747372647,-0.23284678147144341,0.14630209291368015,1
activemq,2108301fae215e005a194a35fadad60c39c249e8,-0.30307026953785876,-0.2625428474130549,0.40591712314912903,0.3324360400616807,-0.0039425947019230915,-0.3811104358423749,0
activemq,7ef19ab9a3a7d7bf1672248c0189c69a06623ba9,-0.31101171049491816,-0.25953973111935325,0.40659023625241153,0.33248127043830544,0.003970859763164669,-0.39834102724636516,0
activemq,3fd5f1a65b5ce3006c1448f5d7c736d3e5f42e6d,-0.0022541513953533397,-0.422512467723152,-0.30322632027091606,-0.2369326914952009,0.10361852650125057,-0.418132854127082,0
activemq,84fdc659324c173cd2da7aed485aae9617ffc7a1,-0.42171069843820697,-0.2204580184761481,0.556833496799593,0.5004312581349872,-0.019146462944075487,-0.29601170271262023,0
activemq,fb52acb84418eba7d9292d9926fa14a82ad2c300,-0.43755577658484096,-0.25323550121788224,-0.3262916840198808,-0.22502655230687887,0.16256640875914982,-0.22000809162587437,0
activemq,a4a42277d1b69273652d8cb1e326ff90f4ad1399,-0.45071035742824966,-0.27212402195071533,-0.3147891778300767,-0.23957434953045006,0.13894785681624258,-0.2964774859682171,0
activemq,ca7eaeb8049f605db7be6252efa17b48ca6c961d,-0.3467225815400949,-0.11115296846479866,-0.3879691852220219,-0.15459812384522414,0.18147841921144398,-0.3292502896592031,0
activemq,b271fa82f2d102862ee8f5be5b795f3a0ab4c331,-0.5989603747676622,-0.09250618417591339,2.951682441123341,2.901569500521136,-0.5821112243074381,0.1314492901559387,0
activemq,27dc2812260120fbecf7d5d5efddb42c2deb5c7f,-0.6069018157247216,-0.08950306788221167,2.9523555542266235,2.9016147308977605,-0.5741977698423505,0.11421869875194843,0
activemq,5cb8cca32a73dffe64a4b48452659f5e2c73d028,0.022997525218339684,-0.39654538357854874,-0.2641825715807983,-0.2829894815985222,0.07844687673587496,-0.735176791846502,0
activemq,322c84d5c223986ad5b6ba810b38c5ac0fd2abc3,1.1773567201506654,-0.7837773818246561,-0.23495017710083377,-0.32654129714001545,-0.36596877540949896,-0.554748877106952,0
activemq,04c367a6907da74da870ed48b96533e168fe21a3,-0.4438646580161343,-0.1892418051908552,1.3584920317567728,1.2975813139471943,-0.21509771585183637,-0.17158777334143477,0
activemq,82bb04c22387add2bb680f810f57d14217d4c8a6,-0.5035677000349843,-0.25045239982588224,-0.30628004721916385,-0.2518673855789589,0.1371158335651588,-0.30235167203064534,0
activemq,645dd999644c49a0b28b3dbda3b04c7098fafc54,-0.5352460970015485,-0.16206961711149317,1.3470848467143823,1.306116975694298,-0.21369747436682326,-0.06407537286158982,0
activemq,aa3e8e7de2307eea6b2d31b50dd9d68155beec89,-0.49989314778064337,-0.25183709219519157,-0.30657531520289644,-0.2519979728442242,0.13277481075530842,-0.29436739096713704,0
activemq,aa842da2873739280fc2e786705c53ba00e64fb8,-0.5003408273212225,-0.2515185462749763,-0.3065693044985618,-0.2520830238061441,0.13226142703869412,-0.2953668821335964,0
activemq,a621df7affc0ed28d4616768873ddc912cc82c11,-0.4058810065211472,-0.2802926566819505,-0.2959157525921759,-0.2588962569882631,0.13591812919456592,-0.4111558807004371,0
activemq,be1856cace0128a3f5fc425002553914943fc4b9,0.9371404751940575,-0.6962947591191099,-0.2584650947129465,-0.298058776513659,-0.2741370725078776,-0.4797639959878528,0
activemq,871f9424372baf7e6a442ebe3f08d60d6535dce4,-0.5277666784742234,-0.16489042279223018,1.3464761437770372,1.305903308877627,-0.2222104299325092,-0.04782916429363912,0
activemq,13b6d299286246bf46787e172c5a8d73dd41ff37,-0.5357081194312828,-0.16188730649852848,1.3471492568803196,1.3059485392542516,-0.2142969754674214,-0.06505975569762945,0
activemq,c60bb18d29575d46f27f0e04a537323b2731c36e,-0.5003408273212225,-0.2515185462749763,-0.3065693044985618,-0.2520830238061441,0.13226142703869412,-0.2953668821335964,0
activemq,e0469d39916553655f5e3d61aca53f07dd595044,-0.5197872654420256,-0.11505683203718137,2.964140584388564,2.8929937122620157,-0.5720255796721263,-0.0025400120683786442,0
activemq,ea713b16e4284599eb4537bcef3cf032b26dfe06,-0.4800800606567288,-0.13007241350568988,2.9607750188721518,2.8927675603788923,-0.611592851997565,0.08361294495157295,0
activemq,975307790807b2fcb26fa74b7f73c578129803ce,-0.4880215016137882,-0.12706929721198817,2.961448131975434,2.892812790755517,-0.6036793975324773,0.0663823535475826,0
activemq,eacb30f5c3395d0ac62fdc4a61a3fcc78e4d447c,-0.49596294257084755,-0.12406618091828647,2.962121245078716,2.8928580211321417,-0.5957659430673895,0.04915176214359232,0
activemq,6ada8021b6c02e66e5fb5e07ad37420bd5ddf730,-0.49596294257084755,-0.12406618091828647,2.962121245078716,2.8928580211321417,-0.5957659430673895,0.04915176214359232,0
activemq,4ac88314b9f7944d05cdb07b510d742150eddb23,-0.5039043835279069,-0.12106306462458478,2.962794358181999,2.8929032515087663,-0.5878524886023018,0.03192117073960199,0
activemq,7b680fb38cdd8c3b9caf569aa81476f6b1bef9b7,-0.49596294257084755,-0.12406618091828647,2.962121245078716,2.8928580211321417,-0.5957659430673895,0.04915176214359232,0
activemq,19f93a007480b66b471db0297fb78470511eb4cf,-0.5039043835279069,-0.12106306462458478,2.962794358181999,2.8929032515087663,-0.5878524886023018,0.03192117073960199,0
activemq,d83cbbccb86175dba94a11469a982e4f69134649,-0.5118458244849663,-0.11805994833088308,2.9634674712852815,2.892948481885391,-0.5799390341372139,0.014690579335611631,0
activemq,7ee0999bd553fde6821c8a42427d9af7d08ba82e,-0.5197872654420256,-0.11505683203718137,2.964140584388564,2.8929937122620157,-0.5720255796721263,-0.0025400120683786442,0
activemq,b8764242d36921f6623de58455c20123982ed436,-0.5003788636683127,-0.25164543232002357,-0.30650760195152643,-0.25217504705042704,0.13214456600852575,-0.29540225497425565,0
activemq,5b93d2481ce9273d4bfdd1deba6ab8136f9441d0,-0.3014198635080631,-0.26625988353888075,0.29915716672288434,0.22651901241224964,0.02447633058748342,-0.40324848914155,0
activemq,6ce1b449989d4fca98a7522cb147bd360a8a4f17,-0.3073518574194991,-0.3101547607712031,-0.2850710272910728,-0.2677665142782257,0.12557452109728362,-0.5031288090074367,0
activemq,fd7f4839972f093d8861787ea47ac32f20fb4eaa,0.6889737849520486,-0.5944820474554027,-0.1449205576230081,-0.2857992689023941,-0.09721514338821631,-0.7042968845443042,0
activemq,4ff78ddab993d62408c8e63ce63a63d5757fe039,-0.49637260300288044,-0.2531610143601794,-0.3068491131313167,-0.252184705589505,0.12823395424525863,-0.2867112375156421,0
activemq,5834065ab97af44b3baf74b55f048146d178c7ee,-0.18083231422347368,-0.2967554618432325,0.5748010068211494,0.48249380308056355,-0.08317321681951571,-0.384886419578199,0
activemq,6ef9d63710eebc7d867c123c9486d9b3d98cb45c,-0.18877375518053305,-0.2937523455495308,0.575474119924432,0.4825390334571883,-0.07525976235442794,-0.4021170109821893,0
activemq,317d3542b390bacc47edd5c2dcc1baa56c4329b6,-0.19671519613759245,-0.2907492292558291,0.5761472330277144,0.48258426383381303,-0.06734630788934017,-0.41934760238617963,0
activemq,93d80a5caa9c91c7c8f690f97f95c2bf9d752797,-0.20465663709465182,-0.2877461129621274,0.576820346130997,0.48262949421043777,-0.05943285342425241,-0.43657819379016993,0
activemq,0bb56c8f9e1acecf520ad0363f64ad7315b76b80,-0.3983310867845531,-0.28305693933095677,-0.2962071457228881,-0.2601975570935923,0.12234338020386785,-0.38721845476652533,0
activemq,f3d6b7e36438d2a3acfcb5c8e29f897f5cef4ecb,-0.31925531548430774,-0.24417008747141752,0.8338791656539384,0.7569487286470196,-0.10677343507686991,-0.3207398665338732,0
activemq,f1bd80541c0f46066e0e8b08db3d8a3835d491d8,-0.4301941886381819,-0.20960697443534274,0.8241134748018452,0.7657054384126384,-0.08520526185183087,-0.25567292992551705,0
activemq,5debe1faccab7ef384852c678457f1120513c05d,-0.5039043835279069,-0.12106306462458478,2.962794358181999,2.8929032515087663,-0.5878524886023018,0.03192117073960199,0
activemq,a6eaa8579969df3b2cc240953b152925f42dd76b,-0.5118458244849663,-0.11805994833088308,2.9634674712852815,2.892948481885391,-0.5799390341372139,0.014690579335611631,0
activemq,88655e611277d356e946bc70db52507740f0bd2c,-0.5197872654420256,-0.11505683203718137,2.964140584388564,2.8929937122620157,-0.5720255796721263,-0.0025400120683786442,0
activemq,216d73fcb5dc430e496c9b2312560a2de3790f97,-0.29309604996722083,-0.2733354911575834,0.16483557662720769,0.09417619651244694,0.05528465422915956,-0.4201979080070416,0
activemq,0e0c0f32616230ad9e3f85d34ec13518d6ac698c,-0.29309604996722083,-0.2733354911575834,0.16483557662720769,0.09417619651244694,0.05528465422915956,-0.4201979080070416,0
activemq,dc6960de9145755ab8f566274b77f2c87565a92e,-0.19014055899192214,-0.32984299133288486,-0.28378029971839375,-0.26626490078567194,0.10996258002535587,-0.5676473011084031,0
activemq,2ee8700ff3a6778955450f1fbb8dd075bb17f43e,-0.1920868461236673,-0.3340672544615475,-0.2814658018545649,-0.2695510359674505,0.10703539753665928,-0.566491426450928,0
activemq,2fc07ac39a4adb23d0c549348ae7b4efeb5c3dca,-0.3088622314842438,-0.30930092048278185,-0.2849040971648124,-0.26800193783394266,0.12571070723125033,-0.5027338672598065,0
activemq,6b6f5fbe24550452cd09aab9c4d7094cf782a04f,-0.41324529521207165,-0.2771357534524696,-0.2947534230631036,-0.2607500540640301,0.13437518669383416,-0.4121432793742531,0
activemq,4a0bb48881001424f945b0fd0b42e625142078dd,-0.41203930318373855,-0.27318396682536206,-0.29697474629881415,-0.25849084827194807,0.13480137743214698,-0.4109187041254839,0
activemq,0e24799687ccdc7be671c433ef0a3eed8de10194,-0.4132406199276817,-0.27720854573719655,-0.2947258748750186,-0.2607874279200153,0.13434749982493452,-0.41211048462350375,0
activemq,645e2b084aa501b022f649b21f5789b720554c9a,-0.3598773226560074,-0.2579834628286238,0.07078424412119708,0.025949534659251587,0.07167546601007806,-0.2835491218290084,0
activemq,7aad5eaaa3493cecbeb780669330915934daaa9c,-0.36781876361306687,-0.2549803465349221,0.07145735722447957,0.025994765035876312,0.07958892047516584,-0.3007797132329988,0
activemq,27e2614452865de97baae9697c9a22cfb56cc5cf,-0.3757602045701262,-0.2519772302412204,0.07213047032776207,0.026039995412501037,0.08750237494025358,-0.31801030463698904,0
activemq,9d11e0d7e96c4871e190d0c99aa0f3cdc8ffb8db,-0.5118458244849663,-0.11805994833088308,2.9634674712852815,2.892948481885391,-0.5799390341372139,0.014690579335611631,0
activemq,6bdb8e26e061318b5b4f28fb4f66586471b7177b,-0.5197872654420256,-0.11505683203718137,2.964140584388564,2.8929937122620157,-0.5720255796721263,-0.0025400120683786442,0
activemq,789ca4939de5492377c761a0aca6d0bcb4c205dd,-0.5830774928535435,-0.09851241676331679,2.9503362149167756,2.9014790397678865,-0.5979381332376137,0.1659104729639194,0
activemq,50ea73f1d5788ba1b216f7bece4580b8033c1759,-0.5989603747676622,-0.09250618417591339,2.951682441123341,2.901569500521136,-0.5821112243074381,0.1314492901559387,0
activemq,814871a0488e677957b546e4fdb148d60ed79afe,-0.6069018157247216,-0.08950306788221167,2.9523555542266235,2.9016147308977605,-0.5741977698423505,0.11421869875194843,0
activemq,d1ab8ef93d8807faf4fb5c9d28fb0a5a2c5b015d,-0.31336753600377465,-0.3077562462440042,-0.2843674447757082,-0.26809347869100913,0.13086724523174378,-0.5087382058665173,0
activemq,85f82035cda1bca7ee7acb22b015d2965e37c676,-0.44861726260652196,-0.18743172139129483,1.3589375901276928,1.2973188828523508,-0.2121555289433817,-0.18186894768903544,0
activemq,17aaff3709683a8accf626388f32816d1ec7e8b3,-0.4132643133856168,-0.27719919647499325,-0.29472257178958594,-0.2607960656861716,0.13431675617875,-0.4121609657945827,0
activemq,0f520f1e2744f2d3938202b6d62df1e667cd375f,-0.4115820778722252,-0.27786299409142884,-0.2949570908553066,-0.2601827842890788,0.13649955505785097,-0.40857680264797686,0
activemq,986cd7c52b582bf2613f02b1fbc742a5e8fa1feb,-0.13569265187479448,-0.36033849088557673,-0.2891965055197394,-0.25822663664944273,0.0986895393757369,-0.5891699051364628,0
activemq,b39e64f2582045b92f17a53e03000b0e63c27801,-0.4132406199276817,-0.27720854573719655,-0.2947258748750186,-0.2607874279200153,0.13434749982493452,-0.41211048462350375,0
activemq,f6d067a49aa0f7aea18afa7738d60f9d15eeafa9,-0.40077459414899536,-0.2821320762269243,-0.2961526666779963,-0.25977706627638775,0.12632078424732046,-0.3962841494625296,0
activemq,1c3c1289bbc4a4d4b6e7030210cf9dc6d2e2f038,-0.3014216295431033,-0.30793091639672554,-0.2877621540003555,-0.26521614130147114,0.12305546814985686,-0.49170633533289515,0
activemq,78d95552338db1be2b95fc5c2fdd4eae8d045458,-0.11849990830052881,-0.3516249056321033,-0.2692281229347019,-0.2763287340772093,0.12555784546941282,-0.7098405809113522,0
activemq,f90c10df8e140ab97aaa42eb18107e8a18b80c8b,-0.11587569960040364,-0.3444095654259983,-0.162239458128837,-0.23150824757194616,0.08866447932795879,-0.5433609709920937,0
activemq,04e84afa891123ead07dbccb0b21f0ca80666e65,-0.3151217628712328,-0.305432249972154,-0.2847714886640915,-0.2678342047512076,0.12936735980661151,-0.5130009265237393,0
activemq,d0dac1792692df34a94cdd89edfba64df2c1aa2b,-0.41208669009960874,-0.2731652683009554,-0.2969681401279488,-0.2585081238042606,0.13473989013977794,-0.4110196664676418,0
activemq,a611b143da8af7beb6dd2a96088332ea6bc678cd,-0.6069018157247216,-0.08950306788221167,2.9523555542266235,2.9016147308977605,-0.5741977698423505,0.11421869875194843,0
activemq,3f2b2ba0aedd0d26d52b47c29d60552534ad4bfe,-0.5910189338106029,-0.09550930046961509,2.951009328020058,2.901524270144511,-0.590024678772526,0.14867988155992906,0
activemq,84204f4c96a393554530b687bb9358b57be109a4,-0.3079979663945981,-0.28849121800506744,-0.29514096681868635,-0.2576269554193084,0.12980904561188303,-0.5074754570253992,0
activemq,45bce62d05edf06726a5da2f3202ee2f01f65394,-0.20539528526550546,-0.3357546153728477,-0.277346852514693,-0.2732602413395579,0.1151576505846213,-0.5969180735402012,0
activemq,d347f47b66ab3ecd5e85b23def000fac3fec6876,-0.4015402897274862,-0.22881403483707816,0.2855350543943801,0.23819440255460472,0.03479260034497692,-0.31312857207391953,0
activemq,dbe995642d22be8eec14c3a7d52ddbb08da5069f,-0.4092965248254645,-0.27889990300924133,-0.295398627981613,-0.2599434611705908,0.13348101938088744,-0.41475152955795425,0
activemq,544687465b677670151ce72f633f3cb4b0efd00e,-0.4988664017390553,-0.24689225955561725,-0.3091382494565485,-0.24929609575511558,0.13340721255839402,-0.293821553333504,0
activemq,b08f65d48c297ba2229071db6bd39f2a7b61b7a1,-0.5000299991718934,-0.2511445645838358,-0.3068100365539307,-0.25169615920498223,0.1329010179906672,-0.2948644684081969,0
activemq,a2fa43359e189617461c6216caa9312e6987143b,-0.34596747617133794,-0.3017106351901392,-0.30198635138844265,-0.25760793072056765,0.078863789428595,-0.2965354919289646,0
activemq,dcb660f7fc0c221a7a1a620909bbcc614288b790,-0.3555745668136611,-0.29921135704942026,-0.3005606620001566,-0.25863629756400464,0.08603688436471896,-0.3132452988666672,0
activemq,6546dd1b8b17b0dda35babd57042707cc0d7065f,-0.36478663405994133,-0.2949523709895469,-0.29995144156968456,-0.2584655394404037,0.09463388497719291,-0.32972997831086465,0
activemq,51965401bc5fa7615c1f9ed5c206823d98fec92f,-0.3812921315248182,-0.24565598353563123,0.21058442903150645,0.15907237433694815,0.034293939672884376,-0.2901789530744748,0
activemq,7d4adf9e0eaf8670a2756f6140a750a7ce437f0d,-0.38923357248187757,-0.24265286724192953,0.21125754213478898,0.15911760471357284,0.042207394137972136,-0.30740954447846514,0
activemq,ff360abf431a9ebbdadeb43e82e741165bdaa1ff,-0.6069018157247216,-0.08950306788221167,2.9523555542266235,2.9016147308977605,-0.5741977698423505,0.11421869875194843,0
activemq,85eb0f2df8b83cf1bae89e9727f7bac090af7e38,-0.2037325293182961,-0.3021508338940462,0.09622442785521629,0.006525204869000076,0.0798813082170906,-0.5560627756417158,0
activemq,c549d70800e5fb2115715edd5ea5c04f6a1c79c4,-0.3050410168275411,-0.31131192213885517,-0.28577405806940165,-0.2662457465182697,0.1297030417980632,-0.5130863940704578,0
activemq,99dced2fa74f3ace8ede94b40fdb27fe81a98fa7,0.594353771781964,-0.5898158443405417,-0.24288644016745553,-0.29549542041436705,-0.04009851793533322,-0.9797176321470656,0
activemq,1e37fe64e8914dd2a330de3d8ca446c76742b25a,-0.49226712440728243,-0.22395249703699757,-0.3216778320251759,-0.23591675654118133,0.1378970481043226,-0.2875817058944811,0
activemq,a2bf5b8adb8669a1fa020519cfd9a0fdae2f8787,-0.49885891325849246,-0.2464695297405606,-0.3093084932132076,-0.24905889596996997,0.1336194492410687,-0.29394260008138157,0
activemq,aeab06e93e40d3a3ec198dc537388326832ff270,-0.4105961539289809,-0.27827111601900223,-0.2952046777053604,-0.2601802114259502,0.13382315276962323,-0.4138619083546543,0
activemq,4baf997a3c805b24c9d9b94ab8620d815e84db69,-0.6069018157247216,-0.08950306788221167,2.9523555542266235,2.9016147308977605,-0.5741977698423505,0.11421869875194843,0
activemq,58867f7c3cef580134cb4e32e2f9086552c1876a,-0.13088696319704612,-0.339284670863463,-0.1657379399474918,-0.2348727238890327,0.10945155809026604,-0.5880134589629011,0
activemq,dcf86d391640b0292d0609412b67ab363b17b5a0,-0.1547162347905014,-0.3495136801944209,-0.28936286309722564,-0.25837497313965274,0.10762712195201114,-0.6276185029615127,0
activemq,3132858aecb5a36defb8152192d19cc441b0fc02,-0.39723035591329736,-0.28346534765411546,-0.2964297676918492,-0.2599551612555124,0.12181067138345521,-0.3885775148399556,0
activemq,98c62f6568c152122e25536f4dc2ba6df07325c7,-0.26258570576973667,-0.3294531062513959,-0.29314209859449125,-0.25742087158689286,0.11703815321325545,-0.547845883300844,0
activemq,d0e2cce18f0e5541c062ef83a2a53af205131089,-0.32764698402963033,-0.24168056298244517,-0.05667776309552551,-0.1742799742591501,0.14839673958308364,-0.39243521749592114,0
activemq,9aedca0067df977ac1a2c7c2655532bfc4d1d741,-0.3063062355960505,-0.2908090672041931,-0.2938324440776837,-0.2580136994121093,0.1305425620072764,-0.4996278772555098,0
activemq,fb379997c6fc1201c2cf71b3d1f1dfb3c3a1bd3b,-0.44861726260652196,-0.18743172139129483,1.3589375901276928,1.2973188828523508,-0.2121555289433817,-0.18186894768903544,0
activemq,d23da10da80c37d01a42af1f8347193ba2baae22,-0.3116121538421761,-0.3083836483748448,-0.28439516283939337,-0.26892372501492956,0.12403598708094722,-0.5048428996604045,0
activemq,5d693d1c1d1a997a83eaec532839165f75702b52,-0.407963098901058,-0.27927077322066124,-0.29528558143371375,-0.2605316001139049,0.13009169789564679,-0.4043923642900184,0
activemq,ca35e5921cf6da481ad2e2fb91be2a839f4f00ec,-0.28495164405701806,-0.3187258356413591,-0.2875051392925648,-0.2659967440590504,0.11228756289497308,-0.46587181298779917,0
activemq,18c74769dc55bdec93000b43be960172fa0a8f38,-0.31705190079050805,-0.19605884429512488,0.1336960370287179,0.04894152392594002,0.08964018655982935,-0.2322779885618349,0
cxf,10ee0f1419b8c63a0d7412103ea4224215dab11f,-0.2916004589441548,-0.2881035964398025,-0.29786900048342313,-0.2538045199624795,0.1241521006795543,-0.49203965086699686,0
cxf,315eb6da4a0c7af09f55beaacc26cd77e3edd3c7,9.277481550806536,-3.7633029715403743,-0.6163987022915713,-0.029469658705811256,-4.009536825880596,4.146341129871856,0
cxf,12157306906b8daa33a868549c563949fc9bf0fd,4.978371133123145,-2.2843909464077137,-0.6409127713953106,0.05234046230265165,-2.2789177886666057,2.3138858280676176,0
cxf,e8cc4610d630b465fbabf1456268a092a2fc0491,0.17259992750858846,-0.42602535365733674,-0.2695794111003327,-0.27488095775922994,0.05191666792109096,-0.7865712232124396,0
cxf,73362d5cc205ebd08ab8f6b50452b7e5c59378fe,-0.4872459073089896,-0.23413722017317887,-0.31865780189986376,-0.23600697936440312,0.1468436244838916,-0.304307412146655,0
cxf,02886aae9bea932a87ac4d2afa7ddb4b53c153a6,-0.4993318957702257,-0.23831826629276656,-0.3132967175886303,-0.24474987292970482,0.13747137576447613,-0.3012257118635136,0
cxf,bc5905727f2ed2a28bcfcd3bcbe2775adb819cf7,-0.5020301947977142,-0.24241660609322346,-0.3105161834226041,-0.24778501179360932,0.13673226770316593,-0.30169718119631983,0
cxf,8039f641f03b3470dddb4ad2dba9c706754a32d5,-0.49873820781241357,-0.2377146027643373,-0.3122069013564807,-0.24736512844524997,0.1301003535059421,-0.29923677099115675,0
cxf,b2731a63ba28655aff76a39aa42162cfeb5a485f,-0.49932818883894087,-0.24822885836595143,-0.308176873806914,-0.24968178168863256,0.13533055746925549,-0.294396707105377,0
cxf,63fd5606b8ba94ccbac2bfe5189e61be35ac83b6,-0.3962565473210649,-0.23373557213038806,-0.31828873598474894,-0.23617180983653757,0.13856331904685867,-0.3977498329385606,0
cxf,d8e1317707203fd4b84ea9f93dca6d34a602e21d,-0.5032668565264057,-0.2506420578881506,-0.3062937875989874,-0.2517967873579911,0.13747244227356567,-0.301687862641409,0
cxf,c56271ef4e6459c2899a6766cd0b5deaa164317f,0.6782723995866718,-0.6038806638848415,-0.15000923249660614,-0.29287372139048323,-0.04883265809889892,-0.778213899819358,0
cxf,248c7da3183e9f061adc4c31f972d076a4221cda,-0.4959574315562692,-0.22736041649874839,-0.317439560559817,-0.24066306302119556,0.13591149783718903,-0.2969174953537812,0
cxf,9d11427a238226236db50a38b557e56708f1059d,-0.4888332681598026,-0.23677088375626287,-0.3163690335072749,-0.23857552043150954,0.14523130861999442,-0.2917603157215123,0
cxf,218c83b502a8b339731518d099457307c6d8d6ef,-0.37403057437088383,-0.19437361109857745,-0.34051966819165597,-0.2018041729091444,0.18368032100485374,-0.38444577245947975,0
cxf,722b6a044466bbed8c0ef665127ee360bc5d0120,-0.5041600364833616,-0.25021866827079925,-0.3061974700833467,-0.2520833297328648,0.13634724241054577,-0.3036137013076192,0
cxf,ccd7a7c1d55ee4cee0e148cba83273bc02f29a24,-0.284273823214993,-0.30832581923416735,-0.29290470490038656,-0.2602989543071382,0.11299868265002212,-0.48266068855304006,0
cxf,70133ba0d7b7d4d7dd173d8e4ce4247376cb512b,-0.4696779731375941,-0.2531589073860124,-0.3150869475515135,-0.24379202746984413,0.11818736861356129,-0.2621048856668894,0
cxf,4a8d90e6a247f6713180df8ec6a4715c164f60dd,0.4777099221401778,-0.6140704449078018,-0.35331652056391816,-0.17768439680319195,-0.050965754528684834,-0.656167567919797,0
cxf,59856f3dfe02f734c563aa0a37c32ebb57819eee,-0.05070360999277688,-0.3792990426586932,-0.2783058129140814,-0.26821847562569234,0.09835256730624546,-0.6815078569715752,0
cxf,51707c7c25b3e4f7e67704688e48e4894896b5ed,-0.39653960005125555,-0.2818807439615477,-0.2976837727768439,-0.2576937779125798,0.12681060863268453,-0.39896758108928954,0
cxf,9897b1cc13058cbbf0eceb001665fb11c34b88af,-0.47739625130576313,-0.17401100259796085,-0.3471071372489852,-0.2022321566459888,0.17076379213448167,-0.27353916537994905,0
cxf,7340f82e6aa4ed75e51a3ecb6ae0fa2a0fa229f3,0.014325575384844627,-0.32185745295447504,-0.326277295202828,-0.1994437851158902,0.19547515947526847,-0.6333348512014191,0
cxf,cb60a4d794df79f6d0901e44d3eafa3d6bc8fd0c,-0.409590419536539,-0.26969668409463304,-0.2994385100160818,-0.25593742004484865,0.13487932122715424,-0.41075030192367135,0
cxf,b3b7e59b35a3ca85200e7603b85a2fc84b65b2bf,-0.2510020606828205,-0.12431646871169223,-0.3662434464765919,-0.19965905579102572,0.06449345533372701,-0.455689279493772,0
cxf,f337f255ba41ac607f558c0d36b3f8db2f8fba89,0.2393412001349383,1.4697760772107913,-0.09324049541613648,-0.902533603853246,-0.6902965925108984,0.9820588907174894,0
cxf,b8f66bb7c77125560d8d4091ac77258d79401613,-0.02499909518367603,0.8365142190583148,0.151685327678107,-0.6466904900957657,-0.3381246027840264,0.5357423931939913,1
cxf,77d15448c44353aad897a4c861723e687fbad70c,-0.5027584621035273,-0.25081673465622634,-0.30643383243213135,-0.25177033567381707,0.13617114229853997,-0.3043089519918132,0
cxf,8d216eefc5cbf7ff3501c128bba5bee446d721a8,0.024380411951346513,-0.3116106189387937,-0.11630092983172692,-0.17931703455247988,0.11137431355730353,-0.7639322678034164,0
cxf,b8e24192378aa2b9bd8110186673d8904f6237d5,-0.4816983177767844,-0.17851743567903744,0.12692473116895822,0.1263929386499717,0.06555809434390979,-0.21021755147545362,0
cxf,296fd745d6f4e47a1404fc6521ddd80e16af8677,-0.46552166618741253,-0.1276910705916665,-0.36837973737652097,-0.17939710384222735,0.1778085537740106,-0.26597898043527246,0
cxf,55de869117d93853e5dccaee878e86a38d6f057b,-0.28333365156463536,0.2659964618966527,0.008783387043432164,-0.3895255017222598,-0.10786801621174993,0.10479395670219696,0
cxf,0a62ccf4d93a04e5c495b27e744aebe0a74980f4,1.138262976854922,-0.771859332602679,-0.30158978954426335,-0.2296059977604234,-0.19466012396489502,-0.671634425960256,0
cxf,dc7cbfbae302d6b0519174ac1c38ffa1e687548a,-0.5012335272675275,-0.24011935048636557,-0.3101596635459207,-0.24934931106641495,0.13046845639061416,-0.2998466132831304,0
cxf,700f95cbaac85b3965297e3d2533d8d36672ec8d,-0.2805160653151489,-0.22270081435411732,-0.32958986636831344,-0.21886881016951373,0.14450293678430162,-0.48558201512019933,0
cxf,d9dea3e07e1f2ba5d43768313232f205c90e8b29,-0.49742493790794384,-0.25277940871362076,-0.30723377457337187,-0.24974777169361542,0.14315920825094874,-0.2929910374150074,0
cxf,6fabd55129e5bf6c0768a61aa649411dfdd98ddd,0.526716706973154,0.41389097157281524,0.04620057043145784,-0.6345497039088106,-0.24207556945344874,-0.2939444975662303,0
cxf,32e264f539c4c9250cf2f98f86ac94ee25cda5e7,-0.4811359176775926,-0.25986877352074983,-0.3097638254675884,-0.2479313344822589,0.1291872661014923,-0.30594346329023514,0
cxf,ebf621e8b4cb3c8fc2ce64d23bf615e4a6d922b9,-0.45782762198386007,-0.10304621992662076,-0.3828121697648328,-0.15529944407920504,0.21609297010939235,-0.25299420180644605,0
cxf,96cdc143498a4935b999616653e4e4ad42f0c0f8,0.45047499522484824,1.2267362794256864,0.2289474735335301,-0.7799351776465638,-0.3752854620759575,0.5007972526108752,1
cxf,4926f24d8ef4857430f7f20d8180f8e2941f74b8,-0.14365199804433768,-0.2315323935203874,0.10024057468950262,-0.021169298409478732,0.07681275412163634,-0.4734362824790714,1
cxf,544604a95d423c9f4325618dae09240d75afaa09,3.287874878673685,9.479996691269232,-0.6659199398479969,-1.2778960755583602,-2.0893601182142696,5.045811433796054,1
cxf,ab708ae4c90b2e944ca48228206b76f5fa831778,4.575359579694534,-2.0381867133332814,-0.3965088524035755,-0.06727540447879746,-0.9456658560324578,-0.6859089871774013,0
cxf,bf81196008d0ba72ac37e5704e3b65417eaac0e7,-0.24281746962216305,0.1381006258141095,-0.24412245837547442,-0.2720856821529309,0.04222475398208817,-0.028116732523201904,0
cxf,bb6a56e4542ca07981a3e931ec9d5ee490348fc2,0.6937443274825673,2.642985223917885,-0.5375232351757171,-0.3406689772343769,-0.4092287897546299,1.1922956187960052,0
cxf,6c5dea29d4415b3de0836fe5e10cac8964271afc,0.41492173202180777,-0.5465057484451646,-0.2727888203957981,-0.2576515275844001,0.049523322247202066,-1.0175101575367727,0
cxf,d99a1d8023e4827ed3ad0da61291f0f3089eb5bf,-0.30648479789352945,-0.08965231751247132,-0.21724464762426413,-0.4044916490336089,0.02416063135074212,-0.23129944583185744,0
cxf,aa1fdd031cd52578c5ac2a8e618dc1aee7241945,-0.5019307456815839,-0.24252679542676367,-0.3105018475762498,-0.2477878345849696,0.13682755541900435,-0.3014624617612547,0
cxf,4f403903bc44d42a87872d4cd0e48967847c8c80,-0.377738287227385,-0.2907737850332402,-0.2992255341487555,-0.2568626099092037,0.11519178454936314,-0.3726899484003964,0
cxf,5addbf920c2f5a242a22ecd705911c2a278f8f02,0.02112025648922515,-0.42404844948425263,-0.31094704325479405,-0.22666712404391787,0.1137491841202951,-0.4553631676384115,0
cxf,9c553151f94f2589ec759ff29f83a53b16a53f3f,-0.3682567917474906,0.1781783332226601,-0.5285287778586378,0.03777413855918634,0.40361327821828596,-0.18824471769775475,0
cxf,37fecc9e80f22ae2ee3ad83919e11851bb21ebf7,-0.41961675425538936,-0.05657976354445628,-0.22433401982742943,-0.4005190827423543,0.03140054462041996,-0.14382655464936062,0
cxf,b7dad93a24e00fd18d28db72951b704de1ef8271,-0.2752453058551861,0.3342357927619157,-0.07254409298264519,-0.38765736075519597,-0.039237494241267525,0.09864855931561205,0
cxf,2e3a749fb70628699155502c0714e8ea13d7567f,-0.16756950529497858,0.8095822892711747,-0.6987557649939671,0.07380726555756278,0.07941296598390557,0.108294132424546,0
cxf,5cae97285027cdebab8f77698a272c0db98a846c,-0.12599364052443857,-0.09368766342241965,-0.09177482727331172,-0.23492109398521518,0.2296353395165324,-0.30520051993108155,0
cxf,b688cf6273da4db0f44f47d0742bcfa65b4eb854,-0.4090122033302434,-0.2790120941556812,-0.2954382650068052,-0.25983980797671596,0.1338499431351017,-0.4141457555050068,0
cxf,b587b41e8f16a709d5e4064b157055f4dc6b9399,-0.5005005767831286,-0.237031675921783,-0.31340302233397294,-0.2445481013790404,0.13832095518859233,-0.3002854293846148,0
cxf,145b7ec034ea121c743f3458e6f7cea74b4904d9,-0.489265323199097,-0.24627309926774255,-0.31155359169153213,-0.2466403164947404,0.13545047017330245,-0.292366234699097,0
cxf,0ac8f73cd3cc1fb56a3a510fb7c32a458312455d,-0.18538883405466544,-0.0913474368365761,0.07171202796781159,-0.22195680152258968,-0.015837945317219312,-0.265025822958495,0
cxf,0ac9c1494f095aa0ed608b7ad511683d5a86d5c7,-0.47744439808055567,-0.25871204323164243,-0.3101175010638144,-0.24827910556338337,0.12358696579435362,-0.268823103900006,0
cxf,18c663e881871c5fbb9dc4f6f2a9105e4b782a6d,-0.2617507750442263,-0.2639615356327229,-0.31549772827646205,-0.2395082963923868,0.10666062214158441,-0.48822002292707173,0
cxf,1f3d8225ebbfe560a404be32ce3ce908372fbab9,-0.47915018907432205,-0.24226588839063665,-0.3172004883644488,-0.24117091547044844,0.13010406756699822,-0.30279646149616934,0
cxf,40b98145c36d4f510e45824c45f8243147316e6a,-0.28492960234253645,-0.26899048628377636,-0.30540649516402496,-0.250670612209468,0.10844935940613773,-0.4964999139954731,0
cxf,d00ec746daa06be71e05c70158f89763911c8892,0.11409324260223075,-0.4291569672749526,-0.24830331118259413,-0.24002080766801004,0.0449586051435722,-0.4242811257329932,0
cxf,3edd5a9629a3172dec81b136b2291aee84f1f3fe,-0.4772159148345311,-0.260255645718822,-0.3108965675568933,-0.2440108609982693,0.14791217065130685,-0.2907492813804464,0
cxf,1b38b8a8ed2bf3192bc0920e1c2215d8076d1aa1,-0.09492054288371278,-0.3352013743242395,-0.3108086860428327,-0.2378189027641831,0.09267595968599752,-0.567402190415293,0
cxf,cd3741fd162b4704c1bee7ac485f2ee0310177ed,-0.45232239669029634,-0.27229966436648917,-0.31465383514827083,-0.24182136804555274,0.12265679501968867,-0.3255223237190048,0
cxf,b63a8fd9dc2f0aef97f99992cfa5a44b7126e597,-0.11737380558553846,-0.4028256660312053,-0.3436006543254446,-0.19950938162603943,0.07097030794036874,-0.5395388438035837,0
cxf,5bb01b745968b05a0fba3dd5272c493a778249f4,-0.6108369960163487,-0.0880155336286658,2.9526871561501156,2.901650302735307,-0.5701949271405297,0.10567912480657166,0
cxf,06699335af86ef4769587945170f8ff6fadbee5d,0.5307774830666343,-0.40234980555366995,-0.35882792184986445,-0.16677992169549058,0.017289948999794916,-0.6020884917953178,0
cxf,9c413045b2bd4dd11e3f2a54ef85a1d015bcc850,2.1486677028880203,-0.40774174406529073,-0.5172899831239015,-0.028541122644189825,-0.39849672791260454,-1.066152772444775,0
cxf,2a43acfe9e058fce9d525a542c02713bfbf96912,3.548961941983528,-1.7273404672135408,-0.7104825564686827,0.3334044143222273,-0.44208056934740775,-2.040513577358184,0
cxf,7803d9afff00b60711ebfadc12aa51ca2ebc9689,2.1696764599210487,-1.2733198881418564,-0.5285698882000139,0.09598063771457663,-0.24497170660127035,-1.484147476468057,0
cxf,0f975b0d92f2c34ccadae84ce58aac1b8d675472,1.1421509247452297,4.085187191980732,-1.678655907109592,1.1198657422946539,0.39939965305732966,1.3812015765647268,1
cxf,550ca9107d794365c4b85581e1433a821bc1ca1c,-0.31913911531151046,-0.13861249232474634,-0.38160180760759665,-0.1644436949886477,0.15795460286238316,-0.3401163140296819,0
cxf,4e4922ad8bf583ad32833856a081aed213774d42,-0.49021278038915295,-0.22303241718841801,-0.3199930318676924,-0.241593401942598,0.11908761346190637,-0.2853901599167338,0
cxf,1f503ddb89a63deb29565fc51fdfcafbeb30b68e,-0.19596913770168686,-0.3312927726033526,-0.282743387313048,-0.26529645405683355,0.1273092581451688,-0.5980436788589495,0
cxf,5eb8c3f59473f3d06d7c696aa9c75c430f014721,1.1597572396883022,-0.8223243578901538,-0.337774539360252,-0.1609650983960976,-0.024202403333507632,-1.020322525090377,0
cxf,4835e3286bea87afe26843c091a92f44dde9c01c,-0.5039290052046473,-0.24896182990073226,-0.3067654773103029,-0.25125661662603654,0.13728833214313016,-0.3035553057622906,0
cxf,b0755d060be16e806c19b1ccb627b0061376e83b,-0.4080136854631195,0.07963554911172016,-0.48954789656427095,-0.06460762491529912,0.17322592427764755,-0.21064763526160002,0
cxf,0b389ba00e7064d8e0d9b4470aa16964f64a57e9,-0.31292188630864753,-0.30802212742562823,-0.2845115124727253,-0.2683269483054592,0.12745605221237236,-0.5151515837572614,0
cxf,e5c6c9393a1adee74ad06b38239d30467b28fe71,-0.5025495792305161,-0.2504734735698979,-0.30663215241496816,-0.2514597148763434,0.1366446999737831,-0.30400090878551966,0
cxf,19ee1065be6463a83fa79f34187527e8af242a93,-0.4978394031224691,-0.23469237303517795,-0.31547338174256173,-0.24250345439478171,0.13816805782721198,-0.2993222188950885,0
cxf,39ae7d507f5a1454448971ff2cc58be8e7f5bcf1,-0.393828741397942,0.1192080108710239,-0.5133511433802873,-0.04277981690406295,0.16896140794729136,-0.19761742435526786,0
cxf,5f034e1df4793b2d384ece16be447aad2ee562b7,0.47227736930598735,-0.6423319875160195,-0.4183208158764959,-0.098020081421229,-0.02492546120458456,-0.9888810792875828,0
cxf,952459d609f9b5773067bd4b05582d9021b442fd,-0.3959259754639314,-0.2601175002482622,-0.307227763353936,-0.24473536654342226,0.14467229709678514,-0.39736664514302217,0
cxf,1bea8686b3183009c9d506cb06acd30b6c4f2523,0.20967589666947922,-0.47642264564820036,-0.2621567276299965,-0.27842545426811743,0.05813365914980897,-0.8487847086520163,0
cxf,dcb401e5c524036fb1b610ddd39b2cad38ba5fca,-0.5026447613579313,-0.24496997340660936,-0.30902590953311276,-0.24892980479642252,0.1378498125119884,-0.30218684116549444,0
cxf,a97a7c378d8bf12f1ffb0354d94c745c3eabd8be,-0.3420906812629149,0.021728080799840663,-0.12598195850761332,-0.32524705573594653,-0.00631793884859194,-0.11525687441209648,0
cxf,c8ccf31b23b7a188e9530e79c02265f2dc5af18b,-0.3912876572271239,-0.26596856588687257,-0.3044602705088838,-0.25183749558391916,0.1226593305991464,-0.3773719642773584,0
cxf,a2e746c6588dbc7ffa9f2d3bdd5c73d74dcc1d71,-0.49155771379381963,-0.2555965911085415,-0.308323079679692,-0.24927070208451355,0.13474696957940138,-0.3098961980509048,0
cxf,3a729b0ed271a847ca6eaec2d4acba64a9f1399e,-0.11148172060869399,-0.36004379297628725,-0.26873365370100466,-0.2769343984353558,0.12335680763091487,-0.7265090531659456,0
cxf,7b585fabbbe4e77ec632e63f477f767f4505c7af,0.15236385293980062,-0.4574460288248719,-0.253620718486117,-0.28200603839001703,0.11812177204211746,-0.8939511739578642,0
cxf,b6d2db2bf2682b71fc36cfec85b9f5673f0dcb5c,-0.18551187096202762,-0.2980779918747105,0.12721581940180787,0.04286972939858404,0.04326841306073136,-0.5075457268082901,0
cxf,c7eee85aaebdfaae988adfcf8cc43206e568fda8,-0.4132643133856168,-0.27719919647499325,-0.29472257178958594,-0.2607960656861716,0.13431675617875,-0.4121609657945827,0
cxf,e9acad25437e7273a823f32e299599ede9020df9,0.9148561543029785,-0.49535728296588727,-0.33635111256628686,-0.12880292159818427,0.1112995938990651,-0.6758186066484221,0
cxf,f82e825cb42fd4efcd4e04eb5bae743218711033,-0.47146976867957313,-0.17019313191376667,-0.09612374188537767,-0.07036560736252645,0.13479364036126862,-0.2535566967381558,0
cxf,e0441f616584cae8687fcf88aa670da6b9d2b7c2,-0.38486238341179324,-0.2559835143385375,-0.34391594921233654,-0.2055885183515109,0.1414083282530507,-0.3198940654695727,0
cxf,ba70603bb7624b173273e8898629dea1c7e82570,-0.5042666570440696,-0.2501765965908843,-0.3061826061988996,-0.2521221996805678,0.13620889600271543,-0.3038408665774745,0
cxf,fc9431f92b938c365c1e0af2da47c2872dc682fb,-0.4014671198249029,-0.2747744721733619,-0.2994670861217418,-0.2554137112718979,0.13271416125590038,-0.4038317937203311,0
cxf,2711f972a8a7b03ce93562aa31e55f6e3b4491e9,-0.41291013953283695,-0.2760618967006697,-0.29527954625562053,-0.2599635376045474,0.13538387727335735,-0.41181736964311,0
cxf,5f8ed2d2a53ac8160eadb82e4521398f805ccc83,1.7317961160026671,-0.9840383614179381,-0.18876971374635568,-0.2972270238737831,-0.01773782651746123,-2.0899919743803737,0
cxf,3b6b16c97f48e6e841a4c2f08a4b81384b63a23e,-0.48773505256312155,-0.21460776245563984,-0.3250338148681483,-0.2245901177107345,0.16657164587215628,-0.28568518015960104,0
cxf,00f957b0eb6aeec3ae1a13a2be389b94091ca010,-0.37120753344127755,-0.29413089226513794,-0.30053973979855314,-0.2547906822792791,0.11664822350964227,-0.3882681921256446,0
cxf,a043ce731a67a491400f00da1586c47ffa5015cc,-0.48256801557306594,-0.2583164044520084,-0.3089998208463709,-0.2495365168130262,0.12530516866332558,-0.2793924171527006,0
cxf,c369fde1f0fd66e6d491cc2b315ebb14bd811b25,-0.4855271931407915,-0.1870573122307227,-0.33825003413748883,-0.21593668841641916,0.1530802243188144,-0.2848141104573288,0
cxf,1643d074271218151cf2a17cbc71e5322497dee0,30.336285104234147,-11.717167016093972,-1.9527438833802961,1.0356873146480294,-14.252313129516697,7.236591507990368,0
cxf,1ca02221349e41d0473da3e3ec919485d189d41c,-0.11286989153921563,-0.36714140263001444,-0.2643689180543992,-0.2830055900812821,0.114723220078036,-0.7045580382751865,0
cxf,846d6c701c152f93e10a63ff110fd358c304e5b3,0.5915805453306847,-0.0063665387923949966,0.3969490453647121,-0.40772388779872487,-0.09664640657822918,-0.8275002106519332,0
cxf,639b96bb24ed12a08798a58e0f0ea06c9fd0528d,0.46862930742748554,-0.5228546484874198,-0.21269399068110995,-0.2688807906488553,0.049415270648129325,-0.9793508987730527,0
cxf,7a68aa17ac20b3e518e5fbb372051606fd85431d,-0.30389472495049863,0.24596344326136418,-0.19779016205274322,-0.4896245816913877,-0.055434555017748556,0.05066581832050977,0
cxf,30a6e5b5091d8feabb1eb8e27c08016b2c34b48c,-0.48466384527225587,-0.1846021121704716,-0.33977499042402337,-0.21470119886896552,0.15228548779492937,-0.28379439819182517,0
cxf,2fd0b2ed9286a77bc8cb5b83538b47bcc9c1a6bc,0.04181819300492413,-0.3176474331840952,-0.30347210474965536,-0.23657832557085942,0.1220176892248592,-0.8234456634493453,0
cxf,6c15d8f9c864e5c11135390248434c01acf7d8ff,-0.3595989822946848,-0.21020553442612888,-0.33469751784171975,-0.22547754916570312,0.0970821518468963,-0.3346679169319573,0
cxf,1c91c2968efbb17d9dfb777a6703bdfec16bbbe2,-0.4975515509936108,-0.23418087132118473,-0.3142563292928159,-0.2453474413213917,0.13029893573848797,-0.2979163895800495,0
cxf,dcae47fac2c0e22994572e6744852070737223e5,-0.4069871105635337,-0.27943051154333787,-0.29593075133349867,-0.25906503221246047,0.13468541450656812,-0.4136495424890256,0
cxf,2aecfa9dbfb208e54bd9fd905470e5c2c863ed1a,-0.31246921444769316,-0.3080588534691391,-0.2846310190148327,-0.2680837641534422,0.12811092705076985,-0.5142327904227204,0
cxf,64184a57568edfb6a0341db0e6837e61609441a7,0.15186792058281662,-0.45000697659923167,-0.25425817851244614,-0.2871081031436986,0.07935208797828035,-0.847977770247528,0
cxf,edc0b1886086de2745c36101a3e79f5561cc482b,-0.40618991893667,-0.006446759994532527,-0.24872705882482063,-0.3725470640768491,0.04591152843396635,-0.12780903056572746,0
cxf,388b202bc40a4697eb619ceaa6c651e5dd1cfc01,-0.13724695221342526,0.6407841110059552,-0.0361231721735494,-0.7896304841924149,-0.28420741447488607,0.375408083789588,0
cxf,c14acde99ea206151780093ff09da1bf5ddc905b,-0.3989222950349714,0.013020880816697705,-0.2625289650454117,-0.35942893499238243,0.046573530654165356,-0.1235620003300441,0
cxf,57a8a8841ba4fcde6e8d782b48f2c73a8a20d32c,-0.07263578208195008,-0.33970492249384016,-0.29024332600038094,-0.25058674038868,0.14153351754494514,-0.7280200479215555,0
cxf,782371e380d2974881b4158d7809c77a6edd7724,2.2736285358351376,-1.2586800044081956,-0.421334766816351,-0.022673122259253036,-0.2905831814293004,-2.243817921333491,0
cxf,1522fb246e4ccf1bb5359b34cfef79a9be37cfb6,-0.3143959004659178,-0.30299374662340994,-0.2862490782499449,-0.2666879156566766,0.1283604745367197,-0.51225130653396,0
cxf,de5916a0ad7d5fa43ddde930f6572d56948691bd,0.9490106895530829,4.549488316706425,-2.6060797351807756,1.901031802502525,0.16550871838798945,1.2730420004951921,0
cxf,83b4f6844e8c071697c620a9543723e1c35930d4,-0.40609323271983705,-0.28023484569141627,-0.2958169963269405,-0.25881473659548415,0.1376037247468981,-0.407903776711546,0
cxf,0fdcd4316f3fc44d3a323ed2a37151cf103b94bb,0.6302588106445187,-0.5870109334856015,-0.15351624161648997,-0.294225472192739,0.01878009179401912,-0.9321865320612233,0
cxf,e63890f7b191954dadeac929213c15a4566e079e,-0.48619593370571185,-0.257363261217582,-0.30896636256691806,-0.24862987476258902,0.1327302367704351,-0.29840845167270913,0
cxf,804addfd6f85a589ae4ad930b30207b7eccff5a3,-0.2978356734622216,-0.29618301814052206,-0.2947525876422128,-0.25369877855897566,0.14363098479549166,-0.5220946728693642,0
cxf,3984faac0a3b4870f14b3aa43f1fdee3b7a63fd4,-0.5006447520269288,-0.2513669991156173,-0.306841302873413,-0.250843441295815,0.13904881793074544,-0.29989682559770453,0
cxf,786c42004971817f0eb406a5a934685c6574b007,-0.2946609692158761,-0.31159244317166745,-0.2898036573958817,-0.2610316958629792,0.13312204523912785,-0.5255581954161942,0
cxf,00a73dd200ee6b2df2bba96738b0641e4f59daf9,-0.0374146615785466,-0.38701644181450195,-0.2793654039211326,-0.264723042337762,0.10202910205632212,-0.6530233420740224,0
cxf,54b037ebca67a6108cf6dfb8dd78ac69c2174914,-0.4968508246067457,-0.22568582054331937,-0.31778164273237947,-0.24008738351860354,0.13735455274400152,-0.2955505209061013,0
cxf,03c608de6446f5a27e282ebfeb509daac8938fb5,-0.49739250317476735,-0.23650349600939652,-0.3146514554595405,-0.24279491321451713,0.13924199918729305,-0.30161993319306424,0
cxf,dfabb48baf89bb6728d7558938434bbad3a6c374,-0.497078152292007,-0.25303789959714745,-0.30704969144318206,-0.25136766584305065,0.13243798235438908,-0.29573265174998564,0
cxf,f09bff99904c503b9630edd8ab10ca2b869ecc9b,-0.4601587175322278,-0.1009437942549426,-0.38413895844659035,-0.15602264596059742,0.21106220687235233,-0.26197339567958694,0
cxf,031502b34abbdda1da06c20a256822167177c75d,-0.39167135092091815,-0.27653885931127126,-0.3015340776254711,-0.25449000689790513,0.1229258134964275,-0.3869003813128281,0
cxf,529a403a438210955ce5f4f75043f2587e81aabd,-0.3812955881893347,-0.2851763816121519,-0.30165408559669177,-0.25264306092078986,0.12885283910016976,-0.3968513357902159,0
cxf,f7cec5425861eff7eb69fb794a07e16e32e617ec,-0.27631816396338693,-0.31087809829113,-0.2948432147868936,-0.2566082119471402,0.1209010290800893,-0.4882511632870184,0
cxf,4fa41c23cd766033545c24d64ce09b302abdc179,-0.16585517535450087,-0.34430645951243033,-0.3164013167085363,-0.23112140549820356,0.09370313939813427,-0.5095851723313649,0
cxf,a8a7fb40118154fd8f68a8f8c5faf7b218de04a4,-0.41303672937504576,-0.2771471045275725,-0.2948106990200828,-0.2606349403126388,0.13467956637839454,-0.4117217435852918,0
cxf,160eebb571d26d367b9e185a98c83d317bcd8321,-0.279982447781621,-0.297094760939655,-0.3000657703617411,-0.25088087590174574,0.12466573318566411,-0.5000450585441792,0
cxf,c50fcb670f9102bfed5e494ef8562afdd227a417,-0.5010769244768765,-0.25109958774193497,-0.3068784240200508,-0.251120807518827,0.1365608308003309,-0.30454471595647675,0
cxf,fa404273d5272e069b92573a8d27f8f03da30f1e,-0.19948292315440222,0.5000914248020191,0.3080781068352999,-0.4083433076691618,-0.21682256516816828,0.2883813040696819,0
cxf,f8a3ab807c60ef7b7dc3047ff61410a5b76645ec,-0.5018082276259359,-0.25104979520600684,-0.30662270376832507,-0.25134575843251905,0.1374716337068124,-0.30233005406461416,0
cxf,472c37bcab01a476d283608a593484f308c39fc5,-0.5028511480707548,-0.24517232455458557,-0.3088843374691623,-0.2491613589988476,0.13744700039763688,-0.3025352332877472,0
cxf,cc3565f3e7737d6e4b048de5a14374afe1e8db54,-0.1903859802797147,0.599892859830348,-0.28897653739783785,-0.3180539185983519,-0.028565513827350654,0.16987520922952526,0
cxf,4a663dbab187172d809045c715c935349e4a110c,-0.09028929922553804,1.1220227847321325,-0.978283943482932,0.473159096457612,0.3082862582395795,0.10703914628872113,0
cxf,d86a5597ae16fcf3df70e90982c762d6728a26f1,-0.4972774862824575,-0.25287575937911205,-0.30747461069516274,-0.25040773396138843,0.13543914291828507,-0.3074482990014419,0
cxf,da07e67588333ce6793f5f008400f74c0c94c582,-0.5020046296980091,-0.2506885066005742,-0.30670812337991993,-0.25126104625475,0.13735180383602708,-0.3028398418507037,0
cxf,4be7044693681d6263658821ff620ba1cd8ec62b,-0.4964002422696614,-0.22887498449271412,-0.31821201087667733,-0.238461742712848,0.14307325225366532,-0.2983109745328303,0
cxf,20663ce50eb1210cfbfa765dfadefe702c6ed920,1.628319659996749,-0.7594437581627376,-0.2994593768188141,-0.28662470326997325,-0.41110781510367284,-0.21421688248412965,0
cxf,c7d1969c140f014b4171081399daeed6800fad9c,1.6014107353361602,-1.0075160012286424,-0.37508641153901867,-0.14797552789242877,-0.3639105411207876,-0.23760139490874096,0
cxf,daf48cacd16f1e20f5fb1b4658a3ba916c43b6a4,-0.5004641160624118,-0.24637208754452952,-0.309173481756432,-0.24860633809534985,0.1384483291724975,-0.301062371705456,0
cxf,cb14bf9ac392a7936aff08d7e54dd12720f8e733,0.2811069022936618,1.6963161521605683,-0.5515120367393646,-0.2261991079104988,-0.12227462988729217,0.624761102245793,0
cxf,1f430d4c717ade779a23489e3d07d4311bbc21a2,-0.11441191181331863,0.4102997665063892,-0.1290637111578566,-0.6281027520813577,-0.18422535595712794,0.3338826591898352,0
cxf,8f38958d75d23edb9b711b6d9c77e663091412ab,0.4351721390874583,1.890534000510396,0.061557621232588115,-1.1659998864571781,-0.7676547263594208,1.0794435007073062,0
cxf,c0efcafeaccad55ef3c2326e7147468edf9dbdd8,-0.4949425291335437,-0.22838393749648306,-0.31612106522340516,-0.24454871221616503,0.12514684571216306,-0.29348083288886906,0
cxf,a07135b12c37a406d29a8398330214ef8cc4b7d9,-0.4100213472903286,-0.20429948007162355,-0.35043690610823586,-0.20335433093471159,0.15478808793074583,-0.19726825517376384,0
cxf,a6e8702a05fc642231abaaa6ac131360bb030fda,-0.4277736249466009,-0.24697435154062217,-0.3336402127333569,-0.214263906193275,0.1859192912783989,-0.22488784754512028,0
cxf,eec3cd484749630e599732a082e45d60ef1d10d7,2.457213120915682,8.509457398467909,-2.213052437951857,0.6205593699197413,-1.6557552151783756,3.88909515835777,0
cxf,0dc7db7aa48f36235f33ff1e7281bec525222903,-0.6108083102380384,-0.0877430630141647,2.9525703572269104,2.9018170736915607,-0.5700226923725621,0.10564890814573225,0
curator,1d6891a9d6dbfc97988c6e51520240c96e6e9394,-0.4750519413239475,-0.24214574573476927,-0.31900372739019206,-0.2392524337221763,0.1252614954483727,-0.2803049824058891,0
curator,2d54d92e106b748d2da1451f5cbe42127441c9e7,-0.4790490383703557,-0.21946225685403312,0.06188428740524692,0.03209563477774291,0.08289857816736164,-0.23625137733592472,0
curator,35bd0cbe26dfc52bdc0a22ab49dd7b7d94d65f28,-0.48251776121139106,-0.2387186610024036,-0.3156287571820568,-0.24528336849957583,0.11700306203880843,-0.29473164944953134,0
curator,192d598f1b53e6f7373f85d54488236046cd5ea2,-0.49892409033166113,-0.24779181294605082,-0.3087636075842801,-0.24982514471370454,0.13289356503177596,-0.29364762742915745,0
curator,629486ff647deb66831831e1e13845d3b62d0a5b,-0.48248266879005525,-0.2542896938673564,-0.31049940775081397,-0.24887477211437456,0.12088243535271839,-0.2691732018154388,0
curator,1d0c6f288107e024533aaa98279802f4d8081172,-0.48731487504890336,-0.25581165016526713,-0.3084125547798092,-0.25039959397063183,0.12536628868867333,-0.27862157353356143,0
curator,e73b0349b53ae6bbc4c684821204ac699017946d,-0.40088745459103836,-0.25883166115469924,-0.30517339464892895,-0.2509264233751303,0.128804494571056,-0.39547963877248754,0
curator,7b19bf7403e733937c8365dfe91a23edfa393658,-0.27870599705540616,-0.3289891455117262,-0.3169872684169938,-0.22425134335747804,0.17483001433694048,-0.3435989378217909,0
curator,55a6d929030b005c35d31b937de92f4edebdf7e8,-0.3998774399572757,0.21491977904693366,3.417530006760525,2.567232465716736,-0.24060880353770941,0.30954591681562993,0
curator,0ec8b4475f1969b191a080c2453405ceaf0a7a70,-0.12538546857823463,-0.3638876636046961,-0.2619030808883369,-0.2861243090747604,0.11668853404630153,-0.7123780990122559,0
curator,022a02aad00e18f3f486d425b6438d100f100c44,-0.12668179803147922,-0.3535087569356403,-0.2658873541718877,-0.27965574790356706,0.12884090521372152,-0.7184920552825642,0
curator,2d33782265103a8fc5af24613c4856523084650d,-0.05460924375226332,-0.11787282165907022,0.5131283040011078,0.16512142859947668,-0.0985894238903857,-0.47284552189471596,0
curator,20223ad901df4dc11910dd25f2550d2c2364a194,-0.4130859783791331,-0.27656009161865536,-0.29502943298204637,-0.2603402683478352,0.13488568950649946,-0.41200934217682594,0
curator,db399d4194b55a2b2af7f8c454002f8a11400b87,-0.29278319349894794,-0.30344173673851926,-0.2936500329945523,-0.2575749224899682,0.12740365155124092,-0.5241627077389157,0
curator,1cd08fe6b11fd2b12cf05f0c1aa5c7d59a6c7acc,-0.10668977611235,0.7319013045492702,0.12078762170187701,-0.670933158881222,-0.30190023606628696,0.4322399513843096,0
curator,c670844a8c5bdaec94ca4b7becea5df734cf5a47,-0.3862944092611414,-0.18549805741917755,-0.3438543587262432,-0.20450034018213345,0.16607978818812938,-0.38635562924798916,0
curator,a3514d87b1036716e5dc9877c9980fdd81440458,-0.15108210070949044,-0.15504407867056227,1.2003405276536472,0.7715578908559357,-0.02432295700417954,-0.3476232128324953,0
curator,6f0f5f2d47294c0f923ae6d004296e6e3c8e11a7,-0.39160446770247465,-0.06671309724124143,-0.22816292599925922,-0.39738315003213037,0.013866023907457928,-0.11699796975424778,0
curator,15527554bc38f981d8391a7d5bc976e25a4c043d,1.723320345192641,-0.9425197225961113,-0.10007606770037322,-0.3654833409780815,-0.33504034698355534,-1.0639458723505686,0
curator,e11279d4b5d42c9cff5cffc03c5b060d868833b4,0.8475014687601002,-0.557499364538378,-0.12363965651090264,-0.26784007670006266,-0.1539774280911602,-0.4676023574008311,1
curator,aa5f1615f7f9590484e955e1fdc125a53b50f6ae,-0.39461722591441406,-0.27467471664037785,-0.30013961219138363,-0.25696454129031093,0.12003721723285907,-0.39258528031229595,0
curator,0a00aca63392f258426925ed5837d8d54e2959fd,-0.33806440713995506,-0.2539375636611834,-0.21349620342272968,-0.18714807374440182,0.09146892057925148,-0.1058916809942583,0
curator,48bd7670af41e1f5d33f77467c9ed54a73a2210e,-0.36683649830149445,-0.05701418171762629,-0.27579409704434266,-0.10382041674981035,0.14271829704265893,-0.15648847648024228,0
curator,973cb0ba6825efca27095e56948af6a3c8455abe,-0.4500144044818502,-0.06859423162910447,-0.39566144732948594,-0.16196843998432586,0.13835777189875506,-0.2448159474003066,0
curator,22c028f56bafc90d2a9a85caf5b16d3ff3504ff7,-0.49027229303924613,-0.2113389428539314,-0.3251595269152126,-0.23430029424771295,0.130457299341245,-0.28936902218702143,0
curator,647f278cdd1661d88b95356782e172ba0624dffe,-0.5284242244867839,0.029438284982743736,3.140686956794776,2.7646870312372647,-0.4430579921274981,0.18447398073544646,0
curator,2a9f04aa3eb0f7d0a97e5810afa22feb58a84f06,-0.19073635024503727,0.24150516626416885,-0.18946914268029502,-0.5092441694945897,-0.13096931154114924,-0.02191587878455216,0
curator,b6cabde8e987fae8033bbed0e6cc76507ae4173f,-0.33635457288067505,-0.057231534291484004,-0.24557951649503365,-0.3849194808695535,-0.03527881375833308,-0.002065044640781874,0
curator,2d4aa5778aaca926e59e3fd3dcec6c46e4fbe1b4,0.442987313231617,-0.4836146856469327,-0.25912471643432355,-0.29582833993033103,-0.06987131180599761,-0.8039306329713904,0
curator,5b15f5fab8f444c1a66ef2d5550254ffaa1cfaff,-0.3785701415221289,-0.2315857183762072,-0.3169469041644196,-0.24736490847005646,0.08797333089282786,-0.35357161902854145,0
curator,f6868f4dd76d3ba556268a96a295dc61e161b235,-0.35031812607962864,-0.030806038568319996,-0.2513620699448441,-0.3736329439661273,-0.003041544013200178,-0.038515038023814785,0
curator,f49a6d10748ee9ad8bbc951fa9bea92e4ebbf6a8,-0.24825926042356217,-0.3138144609460073,-0.29829546255064804,-0.25849974680347115,0.07700082307591662,-0.4099471755499736,0
curator,a17d3af9ad618571f40844cf78beb7398e4a0241,-0.29854766833214486,-0.040211560024719956,0.23096490521722376,-0.0424936019600962,-0.053401492337363535,-0.14923322843335896,0
curator,a0f5f6eccbbc7483bf4a9b9165e0ea8d64c3999b,-0.2886026030204495,-0.3096458132635533,-0.2902082174426966,-0.2633928224819008,0.11188617168648941,-0.468637236747771,0
curator,771e9a4cde4f8af913db934db01b93460ac97ebc,-0.5035511780216269,-0.2505298667417108,-0.3062541505737951,-0.25190044055186595,0.1371035185193514,-0.3022936366943565,0
curator,388787c838cb2e6e0b755b576eb958257e2cef22,0.01242358138931062,-0.36467507962570134,-0.2730661251372277,-0.2685105021322246,0.10987054180971904,-0.758939472800743,0
curator,caf2a9d81a333154a0d36fcea1a624d4e00df3e1,-0.47286397092920307,-0.21662717875874743,0.09528536968152797,0.06980491489853304,0.0702708163994723,-0.21313326310163125,1
curator,173183420688875c6e627260ffb4efbbdc48227c,-0.46272849143265654,-0.17993498378284437,0.08114011481504209,0.07734022744731087,0.04138844061628469,-0.1962432325918096,0
curator,2adccc54976ce028d8cfe4bf1e7ac6c404829e78,-0.49837655337326664,-0.2309149114612638,-0.3137455635935101,-0.24714866024163215,0.12406065102097219,-0.29593083993983454,0
curator,85161ab33b36e2f42b00bd4c27d158f8183f2835,-0.49837655337326664,-0.2309149114612638,-0.3137455635935101,-0.24714866024163215,0.12406065102097219,-0.29593083993983454,0
curator,26fcc3cf240656957c813acfa5d31db4b28e70c6,-0.4073280508212004,-0.2794504110154239,-0.29540231292848124,-0.2602610065717013,0.1309494632115285,-0.4030621674216359,0
curator,36592e7e3dc9e3d8f478875d89badc9643861082,-0.503508834558127,-0.2423136825138165,-0.30976687868059594,-0.24779634024541253,0.1398034581681341,-0.3010770685439893,0
curator,d4547b4f49bd4599ad89c26998b3391c270587b3,-0.23689085037497068,0.07378089528850457,0.7781267953784204,0.37206363781569374,-0.1542891906751097,0.027823687794117993,0
curator,c097e4b3f591c22b72c28a9c28d4e8d97d45e037,-0.3736839124438002,-0.23385936167990862,0.2045691332306949,0.16351339626287334,0.02576450054568279,-0.273625535331234,0
curator,4d87380a3cb6d321a67b1363655267ed5fc1b57d,-0.3753548228142059,-0.2271557232792996,0.09872039960339368,0.06662639584518092,0.05790450901563117,-0.3010665295165117,0
curator,6f5c5f3f6760df70e0fa9c1a0f77e2708150c5eb,-0.38603705593886234,-0.27571705858255124,-0.30328695028314806,-0.252264855491574,0.1225453109831538,-0.37569969321260693,0
curator,d976c5096fd8e8c36ddb52cf45e1a8fd86aeed19,-0.3977094452656348,-0.2804067837367806,-0.29780534513281665,-0.2572163056226966,0.12972090885458482,-0.39439400774849753,0
curator,cfea1fb07bba7d367edd4a30fac35d31d9a1dd6d,-0.39311306116287326,-0.264651729175771,-0.3066025108451618,-0.24834060782790127,0.13106286160819144,-0.3899349289627118,0
curator,a1f620efe00916db168c7405a46b32dfe89a9965,0.046958363889603554,-0.4140101777907544,-0.263368394050452,-0.2849373966144247,0.06254519976534434,-0.6994025247072546,0
curator,9383aa3e91b1e01743ec2cff20f5fd68a66b83c1,-0.31667476709279474,0.19770828970767151,-0.1678930571463512,-0.5303454272367011,-0.10547161643431349,0.05057876203357782,0
curator,3ce2948908e9ba9e5401de0cc86562914dfb877b,-0.4800885833955263,-0.2506803503712953,-0.3122826247338477,-0.24665337931570003,0.12096208757177371,-0.25796988434246104,0
curator,f57206d6bd1744a71f7416438e010775f2e50adb,-0.3923495345641325,-0.021340631124868958,-0.24297052657111143,-0.3862605049447052,0.0036177371528949478,-0.12531083500041063,0
curator,f54ed8c4dcbdee20aeaf4dcb242efce784d09475,-0.41101854777636926,-0.023469243456100266,-0.23722595105412544,-0.3907001860713965,0.016806262815704187,-0.13009785132651636,0
curator,1fade17a26b0b1e7d630f5b5ffbab298ecf5f1d6,-0.27006480377320025,-0.2612479514116303,-0.31075295217319354,-0.24957181109326612,0.08010245251573507,-0.44861354602266323,0
curator,de4432e84c1d0e8cdf84e5f404a70c8abbe99de6,-0.30164221985749207,-0.2938621526354359,-0.2926715798738336,-0.2607940822898307,0.12155751384440472,-0.49939452304737153,0
curator,97ddf919b120650183bbadbf4348564a643c994a,-0.41172698840698585,-0.04024029243491479,-0.23403734397761658,-0.39073800709674233,0.030745441415530244,-0.12908471667281607,0
curator,6ba4de36d4e8b2b65d45c005a6a92dd85c3c497f,-0.3814473815298386,-0.2720228874455977,-0.30418133142998893,-0.2537913681268695,0.1089478678544742,-0.3514826459494651,0
curator,dccbd7ac3838a5123441ab41ee6a28212876286d,-0.4900483028323872,-0.2274695586978239,-0.31733082733196527,-0.24386301133790098,0.11851777468182037,-0.27622458940745276,0
curator,4194c07aa72c2c05f1c11cabc1af25e0c5c3fedd,-0.48713269614671484,-0.25266582713864755,-0.31055596719070405,-0.24658760811678754,0.13357368550323942,-0.30179716367308956,0
curator,31d7f9a2040975dee08cb685d61cceb7015f9e32,-0.22562706849357878,0.26301419357909794,-0.16394310030693504,-0.0071274905830674236,0.17834262784992833,0.029024009171212894,1
curator,b57f9ef65c1c0fcf948da3f9d66e31c74d5e3db9,-0.3435263228669989,-0.04819657524038347,-0.04400673522609694,-0.2921916721328952,-0.011004954047613704,-0.04509412425962395,1
curator,63f83104d8b7fc086ad92ba166ce58e1897646be,-0.2663521295346284,-0.08221079003471939,-0.13716506419655838,-0.35786663769880667,0.010712303160655362,-0.01846146695257389,0
curator,334950f6188fe646a4588fd5aafd46e1525686d2,1.084604056206581,4.457968247020079,-2.441506769128554,3.0223423802196874,4.0576226773762185,1.1553827618847687,1
curator,d3aaddefceaf659cb32d865ead1cd3e294f2fddb,1.0078653373722337,4.521627529869473,-2.3456776296793835,3.000262807693464,4.093106423757363,1.1077228852612258,1
curator,81fc3d9b29ddef501919b6a4166afeae3613cbc5,-0.38033727494468783,-0.26668028197745375,-0.3302127635748904,-0.23416608075832152,0.05238887541492434,-0.09200499428591423,0
curator,7a60af0dddbf1e547ddb7448ce99e14341413ef0,-0.37426958593235393,-0.23207157196591918,-0.3450512658904576,-0.22098754288383307,0.04721041673281127,-0.08861446150144098,0
curator,ddf4cb281e61c6fb0a25ea68331e1b4599e4bb20,1.109651911233284,4.086493082491994,-0.19619109874915644,-1.0465528575120782,-0.884486666357102,2.3001372254070356,0
curator,666b175228d7e642d1b0bbf049119a628501900e,-0.5254641463310131,-0.17585445967379754,0.8107653600780638,0.776662901628065,-0.07858178124036748,-0.1544696561618823,1
curator,84191f3d46d015cb49ebebb42fddc1019b3db6c3,-0.3944399123249424,-0.2465364168613627,-0.05651677867023614,-0.06320327287343433,0.0692892847900049,-0.09661900138494724,0
curator,2ab172a45722efb08e85b6b4d230d9d04b4ce15b,-0.44866510419228733,-0.2674491534961129,-0.3147864533055951,-0.24385434049985233,0.11250404034159127,-0.2260433103120448,0
curator,ecbd386645e015a72929ce37f33772c7b5efb3d1,-0.4082816976044401,-0.07361826461665849,1.0723440726346132,0.7191298182584382,0.020015683726440837,-0.013605401827013336,0
curator,1784a7c68982bae8bed471d92464168f87b0fceb,-0.4569431859348036,-0.2232648386661877,-0.10602784827618562,-0.11615079972484765,0.14081113881616483,-0.2546835924996732,0
curator,34be09a44c7a941a95245a5bc31a11771e4f7e86,-0.10271979649190484,-0.3720077260076104,-0.26060544985675,-0.1979748135146291,0.2394390710522547,-0.1819331467274605,0
curator,3b9d60626bd5f469dbe0be37a4f952ed2f7dd15e,-0.3938660297940181,-0.02029656100954174,-0.24390464610397614,-0.38391492644254427,0.011128564352485102,-0.11102308552102896,0
curator,174faef5f0de10626c616d2a25eb9fb1e5572966,3.7489077802430444,-1.6752209625773131,-0.2712490870611802,-0.2351928333197877,-1.2270979429016928,1.9511379504359756,0
curator,c086d0a82885155c3df624916f397e686857ee9f,-0.491584201969443,-0.25540607681571453,-0.3081555069039509,-0.24848848439091079,0.14269149870387923,-0.29522687952503474,0
curator,32a7755b85255a7a49d911fd9f315a9a394d51ba,-0.5003113461556332,-0.23746108218084092,-0.31328840299157673,-0.24467450629587278,0.13839772636738573,-0.2997680874333154,0
curator,ed3082ecfebc332ba96da7a5bda4508a1985db6e,2.7697235488758585,-0.9333650056666323,-0.2013538216808325,-0.5057424387493639,-1.4405748752142886,2.6594950256972467,0
curator,abaabb5f65c2161f77527165a15d2420f6c88219,-0.3031619642694361,-0.25313861347402133,0.40197188174654996,0.337116527648507,-0.0008765242662073195,-0.38054478663169433,0
curator,da7f18c618eb51e6aaaff7b10f79240cefaf0183,-0.41667325965053464,-0.2268965188776656,-0.04188915763817591,-0.051698816419332605,0.06031981694770605,-0.13915080291820905,1
curator,00ffe77951a88ea12c60a506a9beff1ae78de300,2.5111424184495847,-1.2962062194277293,-0.35106864519415654,-0.21746301192952636,-1.169253955068381,2.1717234958587,0
curator,e3fec5bc7fcd1091c3f07317039d1d5ed20f2d66,-0.33347787576097165,-0.02102874653445686,0.02078942575869057,-0.21263878451793672,-0.0450698736795593,0.015539945016830037,0
curator,1939389e2c072d85385ff8134c26fde3e19437a4,-0.4963962964608155,-0.25315166509797604,-0.306845810045884,-0.25219334335566124,0.1282032105990741,-0.28676171868672107,0
curator,191aca247dc17d7657a3aaf2c678d29036e992cb,2.482330498754897,-1.3168669133068354,-0.41243805903502956,-0.19159407068110879,-1.184541285721262,2.1260339028684503,0
curator,649e490de01a5f440e00b22a69604df49e424242,-0.5014190337185888,-0.24082657299632867,-0.3098236026226589,-0.2498468011438146,0.1298564643708728,-0.2999906827356773,0
curator,1826b66d72f6e543a57aaf5f3acc3cd9ca6e965d,1.3586529153413016,4.461381591841522,0.19975433498870163,-1.6035827751607643,-1.774420397073447,2.809554735336988,1
curator,b3939acd47b6198930812236678ceae6f6f6a7af,2.408263770578431,-1.2643383568349413,-0.3616650086025531,-0.20851283666366885,-1.1552763400868242,2.2541599371437737,0
curator,7d089ef5649e0d1052a188e3aaeb883c0a9a1cc1,-0.20367019195350983,-0.3413912393636662,-0.27502238144241536,-0.2760748112397577,0.1111166901291646,-0.5878554538364713,0
curator,6d41d4a8025a8c982fc8fbd1c92b5cd9a3e3dacc,2.409081202777398,-1.2471288282416313,-0.36836477164677,-0.20220285662206808,-1.1550101223515197,2.2513167250904105,0
curator,2672049482abea4fba1354e7e583e197cdc5c61e,-0.11575005620081477,-0.34973080029422443,-0.2699354627819754,-0.2783901687169796,0.11353972621160138,-0.7074826172957015,0
curator,850b6e4e427028aa6366cd51d524570a10343a97,2.5709375034085027,-0.8594984261801754,-0.20305456454288057,-0.5018542477362822,-1.3656332692225832,2.5635866200839574,0
curator,0e23fbac1be51df269f1b396af03980f8a614cab,2.393513653422126,-1.2689746783969669,-0.3571002901735577,-0.2105996303013731,-1.1369399225044663,2.224415963114822,1
curator,7d44baee3d87890b67fc4900f204bb5111368079,2.7390570281894555,-0.5805616147077985,0.40607798582771804,-0.7430771683180538,-1.0749712378946443,2.7505494750490787,1
curator,d7a65ad5e90c26cb487fe864146b01277dd8cc1a,2.4985792875755557,-0.9546337016068401,-0.24661741999297934,-0.3602133151053856,-1.2428939208248342,2.3926949416714796,1
curator,e2aef818200b42bd289f5b1fb84ce45220cc99d4,-0.5017165291189194,-0.25114353137483164,-0.30625194912823844,-0.2525038205500693,0.1323698383670932,-0.29454800661161495,0
curator,585e1499d22a995b313bba9d32bd7a605faef5da,-0.4892297164231046,-0.19587901225729318,-0.3290709592788722,-0.23265677231592294,0.1197372559780012,-0.282716270854858,0
curator,24ba3c2745c5fd6e4eaeba2cd2f31f7caeeccf65,0.3679639656257858,1.010317410516205,-0.019389904899412665,-0.8313771758588098,-0.6504957782011611,1.0833742482992896,0
curator,8363692841ea46caebd25f7fe8e61b5bc8295bab,2.1395122931233956,-0.9163628880671955,-0.32230740977708494,-0.35085815200499804,-1.1509868272769805,1.8775477259170934,0
curator,8fe1e2699feea9efea0029af5f6961b2b67318a3,2.1533770580064617,-1.066403207281058,-0.14177946661655436,-0.3726161078795168,-0.2896686143980656,-1.7146073265816688,0
curator,8e7fbac86dfe14f18a540a6a10c75f5bfe74120a,2.1409644434941204,-0.9672093805566351,-0.08050219934002086,-0.31172705132326933,-0.9261875917630367,1.816645392841813,1
curator,a47ab1e1d685fd1792ffd8d4e01412c91bb3dbe2,-0.051464956380758216,-0.3001004002247928,-0.039124218924161173,-0.10151711413741749,0.05256269069550733,-0.5784761417002849,0
curator,5cf7d050fa9905332e358cfaeb93d2e739d158a0,2.0290999868840154,-1.1559774873573545,-0.3806044266570166,-0.22238215823878416,-1.0228180509303237,1.6727193243989902,0
curator,540cd28a33bccc6423765851631a02dcd974b89f,2.1148002184644565,-1.0139019537732883,-0.05989731023648417,-0.3259858022450897,-0.8866032326480108,1.7691875980636673,1
curator,90b39dd87ce8e96dc4d25633960ec7583d33b3d6,2.034425054864348,-1.1078731011284186,-0.3194984593821136,-0.2418156660943844,-0.9961189088976581,1.664344008649503,0
curator,0ad09eb4657861fece9fa4c12c87991a710eaac1,-0.505428166612395,-0.24882188856627543,-0.3063181106750435,-0.25187873539084,0.13710153411882353,-0.3029081382637855,0
curator,770aa411d00f97ce6040f2b4182d6f0fe744262d,2.1157845668579642,-0.9056461607328059,-0.23937040375549692,-0.3902261275659081,-1.1056255762923966,1.8196617004203466,1
curator,144977f8bc94115fac53163f81310aff0d50c78d,-0.16343659602472177,-0.3381463692583046,-0.2857672465296148,-0.2692011345563096,0.07692518041444651,-0.542057732946502,0
curator,b58cfd068dbe4771f83365124693049b6051f63e,2.0233321564322355,-1.1146631317520066,-0.3167465090840085,-0.2414922919827028,-0.9739133378989457,1.6417350007446343,0
curator,da48ef388f6153e66d251121854bb0faae77a3ec,2.2071240205399345,-0.6852706516384449,-0.09084926404200903,-0.5588720762335283,-1.1663149567168685,1.9815649750733693,1
curator,d3bccce4e4a03591ca33c2f8ae56a1abf6cbc9b6,-0.501507329209923,-0.25044565812707187,-0.30659131313693294,-0.2519976927065134,0.13301257403301908,-0.29435345598798907,0
curator,5cdfb5bcdb352e352c45d5cccda7c74aecfb0bd7,-0.5044202034145033,-0.24545940837252364,-0.3079532281714807,-0.24944011941734326,0.14019835141828457,-0.3019707579863154,0
curator,67cebe5c243b7e87a0cb475c909d907435f5d427,2.098949745439768,-0.7645663192030397,0.22360426596600538,-0.4007166320530123,-0.7546737809350821,1.9401906023846198,1
curator,0a3e8490b64ad8466989726ac6215b357fed3152,-0.30341412008049123,0.15394796721619614,-0.15819819912322097,-0.5353018136724614,-0.0948987193179666,0.053961673660599646,0
curator,140342045e15876e610d5adee5eda5723d00f09d,-0.4429969388851529,0.07358313727916704,1.4735431522121125,1.1265295651388683,-0.2751212810199773,0.09252116138451426,0
curator,9643542c7880120ffe7332a0fe82eefca1504108,-0.3031366340833456,0.1832133985878005,-0.1676415155897005,-0.5296035993541464,-0.10737423448620333,0.048207949801732736,0
curator,adcaf340f32755f063d50eef6baf7b0740eb7e40,1.8825868411586222,-1.1049556454812939,-0.3888529199175799,-0.21232479588147576,-0.9672425742689272,1.6597059737413555,0
curator,e6ed99965b6df91607b2505a3784780e51fa8c53,1.912559032980634,-1.0515657247131964,-0.2573212195889974,-0.2559492065862257,-0.9093757275519375,1.6920683432598111,1
curator,60d24c2c982ef185ac10d08d01a7eca8f6d57e61,1.8769950621682852,-1.0946343048329288,-0.3905723849085579,-0.21079382364301374,-0.9641426779754629,1.6459016758160063,0
curator,905b062b370c3cff399f3f726a6d74ab44d7618e,1.8864791112361696,-1.0786158475044336,-0.31997338761909594,-0.23640361955942701,-0.9288604677474542,1.653253034962174,1
curator,786d69587d183250b4108a9e18898ad4b2e94659,-0.19408960785223436,0.4977090339992067,0.026321493317517947,-0.5441918025611339,-0.14024419455123074,0.25331123179959464,1
curator,d8798c21de10926cecd2ffc11f1ed7ce695c330a,2.44516456094143,-0.05370208823795957,1.1564130187829862,-0.9449261605832162,-0.5452456480385218,2.4278444135418287,1
curator,b51bb01176940896cad5408a453c524fcfe0fc49,-0.4749081037064357,-0.1510303886255872,-0.35986118576898257,-0.19219342654649677,0.16532639744787117,-0.2754054831885412,0
curator,693211e4141cef1e7f122edf677a60c6c7c5aeec,1.7707724563712597,-1.0731976700358,-0.3969509589145644,-0.20500340159247116,-0.945064214333778,1.7238414500813368,0
curator,9e400bc8620430c245db86d08bafafe2ecb8534f,1.8907693056890147,-0.784440966020832,-0.12240716604775873,-0.4137451763247008,-0.9517810670505654,1.9116372931226415,1
curator,ff169d6e8da4740c254fb18a742f90ab012c3b4b,1.7556706097142798,-0.8134678808222057,-0.2602703281836474,-0.36567430959223335,-0.9993961024900914,1.9596111992808638,1
curator,37d2b2b0e1e22d9ab674ecba2a223ff6fcaa825f,1.6756802519448963,-0.9547027990676545,-0.3592921375203239,-0.20795048582560244,-0.9242454042034842,1.79469905539231,1
curator,d828dc0a1e69e111164e7213c8d52669926d3123,1.6632645655538225,-0.980438574492069,-0.34838464000973707,-0.21424943449571163,-0.9006993059484175,1.7744677987679442,0
curator,d94a54f7814b4de90c95867a3495c0755ef3646c,1.7607542308055368,-0.7545760156766818,-0.20270451077964452,-0.38233207318489015,-0.9738136588261135,1.9482578771691825,1
curator,64767734acfa7908f27cb77a61db87ce1dea9372,-0.399779139196961,-0.2747435993026167,-0.29955989749182066,-0.2554010759375674,0.1320158932518944,-0.38919561260698543,0
curator,31a824198a24cc0a681db5cc3fe1029cd6f823d2,-0.47495902580650656,-0.2431432415474893,-0.31629008319723706,-0.24501425675034577,0.10994474911451257,-0.2562759175342407,0
curator,d27a70c283cfd2829b96147c8670a1e7dd59659e,1.8952543628111516,-0.4334450491404891,0.35620760256047834,-0.550366617878006,-0.7144258866937316,2.0713385222936136,1
curator,eefdf8ee93ae9708ac52711e4981a2925bba2c40,1.820763408908214,-0.5073141585520428,0.31803065317013635,-0.5486224102584089,-0.6769872427888882,1.9423125755290878,1
curator,bd0792376b80de02c7524cb913065543885586ab,-0.49316159354636363,-0.25328690512558155,-0.3087071133151316,-0.24875864852052632,0.13543689309136103,-0.31015715131826116,0
curator,5ff8aaae89f911316c3e4c2082cc5e780c8480ef,1.6339759591717666,-0.7374380916690845,-0.18176057261846393,-0.38939245703233444,-0.8438110833312181,1.6801549107122498,0
curator,8f281eb5bf2d3d65f1c9c3dd1ea8d04188210f90,-0.40633197136834426,-0.2739133608934538,-0.29861107997688674,-0.256264159596706,0.13503815465337607,-0.41403245034053326,0
curator,20c6955b1e3fb9af2cac6fd6a7056b7f8ff14904,1.5994287079732035,-0.7763668911088061,-0.3190506552091082,-0.33931046876048504,-0.8930486352046938,1.633859464738409,0
curator,6ae3f8591f5e2b31d4b53ac734df231b20408a5b,0.178664872817333,-0.4497653154967825,-0.26267939650704797,-0.27845047830743447,0.07421956355088495,-0.8083797121654668,0
curator,1735000d984ed9022c99b8f63698ad4f64a1e0ec,-0.37279742678092737,-0.25726432753060907,-0.31216093138514245,-0.24629925461353877,0.10462163113290768,-0.34875527649939586,0
curator,41a700429ad8cc57d96fe205164fbfc263673c22,1.5212641595849115,-0.9076467671356191,-0.26493319695341916,-0.23776623243354872,-0.7167210330835997,1.4637685766173267,1
curator,d63e06e84190cde818f56a791b4738b2199d2db8,-0.4991877594383804,-0.24503109461162492,-0.3100846166871704,-0.24712498963651638,0.1409820628887751,-0.29893664613128024,0
curator,073ed35be1448f6fe8bd27adafb2afbb1f9a5ddc,1.5172452114684687,-0.9073057370413731,-0.26504010091946,-0.2338792023214287,-0.6983578093427882,1.4542762733607415,1
curator,80c497c67d036ec7c7aa082334bd2aaa9204565d,1.4783274106602442,-0.9616174953034565,-0.3931514525029292,-0.19718705724188204,-0.7633933413458691,1.4049399820963788,0
curator,48e2c15b8c3e3e6e5de97858898aa757e213fb02,1.6220379699845804,-0.6539392242520763,-0.13374523176609604,-0.3887488217025703,-0.7669268445326404,1.6274678653911758,0
curator,63a0d4550ebfaa2e29ddf719f8bfe9696cffc5ae,-0.15071109661251475,0.23806412727556758,-0.5296774946751034,-0.04446694599365362,0.0212839656413418,-0.3138485558011678,0
curator,29906f1ebb9130b91ec1d7034de9885af9f15d07,1.495980300205676,-0.4207594351826358,-0.007815926194789826,-0.565449538943498,-0.7553623224130865,1.419556470292246,1
curator,168dfd7348cd5a66f411fcfdf51376cc8a08a515,-0.5018858965043435,-0.2418639381211541,-0.31048530060664914,-0.2467773924136485,0.14045464353582923,-0.3016660206016857,0
curator,e76eb590fddb5b363b3d40b76908d40f2a89ffc7,-0.4756109531737656,-0.2623392198323829,-0.3109559046303023,-0.24543678355230322,0.1354915756233819,-0.31273448944991006,0
curator,f7ef2f1e040818f71e2b6a25646fb0e2868a3bb8,1.2944975211974339,-0.82077152133336,-0.23893036248056232,-0.24779051870008684,-0.5660008404409697,1.0407360091642963,0
curator,88da05c03caffd022737d382fde07271aedda9df,1.423528937045497,-0.4819499570879285,-0.20991984408765751,-0.5049549604998643,-0.8267289632103241,1.3125250853153874,0
curator,3d1fca23108fbb5840e544c3e68d9af2b71de949,-0.3565718064924155,-0.06442367280803435,-0.2396412190307653,-0.3852639369355195,0.010675233478097665,-0.09410003211679113,0
curator,062a7d750788a187f1d41df0bf0a6a5926a78d3a,1.6154450770603552,-0.21745230976035151,0.8248494704484238,-0.513252703364654,-0.09464883698851041,1.4243870140797212,1
curator,fc7404585c455e33efad1df10e2086d880a7e2e9,-0.47179113541509327,-0.21693817750553837,0.02931819969436716,0.006572449640960478,0.08811537332621434,-0.22848752312607623,0
curator,c43116a28fd0737a05754f9db3f3c1eec36329b3,-0.4839951746149145,-0.2374387009834264,-0.31714660323645644,-0.24197167414732676,0.12593094345703845,-0.29540151895537725,0
curator,b521b2ef27154e6e091ab7d3e800687881a8f12c,-0.48127132793546956,-0.22867836311598996,-0.320516544369422,-0.24009310467753417,0.11911412448180729,-0.29160955055438875,0
curator,95bceae69f1235430179cbf71dacf93f6d3b6748,1.254968219461167,-0.7694566854269821,-0.16737225296727784,-0.2664873706220088,-0.4898946076808387,0.9492776213692928,0
curator,4c92edbc15bb69343089c918ed9dc9e8347f79d7,1.278167831653865,-0.6699042445902108,-0.2793983636080083,-0.36308208582641455,-0.6651223660813423,1.0328397024351161,0
curator,567cac3a7fc08eec1b3092cbfea5be953830b6e9,-0.03486618520929403,-0.4098676657009783,-0.2966111022363173,-0.2542244761774542,0.04114903039393372,-0.4386153770184615,0
mina-sshd,1cccb85e0ffa50fe6125353fa343b7c397e59f20,-0.3708138829009795,-0.2771774952639203,-0.3063119441975259,-0.24845632341519128,0.1163397306155525,-0.35167155297278635,0
mina-sshd,40a08a4fc4b469185b1dd4f7c90cdf8949dc0c80,0.3198718313029013,-0.5715526004301151,-0.38664695073128225,-0.10460000382293437,0.2737358886573533,-0.3967347462318048,0
mina-sshd,8de056871a5031ad52a86c607cd0bbf0c1a154e2,-0.3780449949840725,-0.18009730065671173,-0.09219577122856618,-0.07646907287740902,0.1141142939572541,-0.34232234107519177,0
mina-sshd,4b40da32f21e014f5826105f817be26d2b7f9ef1,-0.4971081062082481,-0.23195707900435625,-0.3137659670276709,-0.24715774753757458,0.1234755373033772,-0.2967498955663359,0
mina-sshd,e754db9e2cfcfa5fbb8b75d1a845d8a9ef28e1ec,0.13813791395474798,-0.4346412841439451,-0.2562331546097225,-0.28479497782996865,0.09174577202036438,-0.8725919510366287,0
mina-sshd,f8a0aeca1596d1bd37ba3339ae1cc29721d52566,-0.4919843326326265,-0.24784073312897817,-0.31133732045598655,-0.2451735237337459,0.14245129098799827,-0.29838331348693536,0
mina-sshd,2309e0112290410bbe3696606f36907bc19ecff5,-0.20532280602418787,-0.34193355755653354,-0.275516947296831,-0.2742021640848678,0.12003765597090317,-0.621088402844581,0
mina-sshd,283c8d42a4c28d747231760ba2a770b5b3198a66,-0.3034294994815701,-0.2603033670224516,-0.30934049265686536,-0.24281157106126308,0.13448082779682263,-0.49952163988343057,0
mina-sshd,2b3b15c7c0b21827e3450eb65599c1053ce1c7dc,-0.4132216017541365,-0.2771451027146729,-0.29475672614853626,-0.26074141629787384,0.1344059303400187,-0.4120927982031741,0
mina-sshd,a6dad81f2627de3e3369ac0401f1bd2a40cdcfb2,-0.4759719080492188,-0.26171954282728965,-0.31049916570254393,-0.24577260072098067,0.13795010176750194,-0.2913052771331297,0
mina-sshd,340312c0663424a34149c8969dfe90c6f2b713e7,-0.472371508763307,-0.1580153906321502,-0.3550209630074892,-0.18871871061977685,0.19427542003398507,-0.27626782928278043,0
mina-sshd,67c9a68b9ee7fbf6b3c19408fd69ae7b4ca41bdb,-0.49445791942828987,-0.2227285497264488,-0.31880582045684946,-0.241770930107519,0.12531206720457905,-0.2942499036886788,0
mina-sshd,ef1399672f022f5e8a24a196fc9cb806c806201b,-0.04402462869358059,0.9709549977771099,-0.3843292924956549,-0.34552079003741537,-0.07006961551579333,0.3784243050900265,0
mina-sshd,18e8c98712a1146a6a753f93207665aa70cca1bf,1.1837000128259865,-0.8482427424438288,-0.3444134610346253,-0.1702478170794581,-0.35121859300579156,0.36222939681681376,0
mina-sshd,d02fbcfd5c00dabdd756e20fd7c882bf7afd8ca5,0.36788989091660007,-0.5283535145303615,-0.2753480618394223,-0.23134642694538396,-0.1486016872805722,0.0689364385571012,0
mina-sshd,2292042eff6e1bdc98f3bd99708d45c8eea83f6a,-0.3926489488423457,-0.2525156312981076,-0.3098594672931349,-0.24664461968476398,0.13096392042441013,-0.38733989226440413,0
mina-sshd,721f399bd919845a15e678336baabaed2bf068d5,-0.022135211639707754,0.04628467853838688,-0.17866618567520012,-0.4963513698630403,-0.0928951602817728,-0.15040580147684596,0
mina-sshd,f029d162c2dc732dabfd4b25c5790def917cba77,0.4728593073796192,-0.5889552915664379,-0.35374459497252675,-0.17610430809658806,-0.033350533551414735,-0.3904343868507486,0
mina-sshd,da410fcd5db042db9178f430fc7c8024819a5758,-0.4927600533370888,-0.2441002879515497,-0.31102125557899546,-0.2486369194977473,0.12610011397888543,-0.2924994187458541,0
mina-sshd,b82143f3ed920de7fa1fca78ed1ba540200fcb77,-0.34103428114230966,-0.2629266397860256,-0.32261614012800416,-0.22673362516277076,0.13630280238796214,-0.3884609945502992,0
