repo,merge,hist_conflict_rate,hist_prior_conflicts,hist_prior_merges,file_conflict_overlap,divergence_days
commons-lang,27e195c7f665160e0c61607ac2caa56f89cb45fe,0.0196,1,51,1,0.0
commons-lang,0311b67baed404b2b12f9ced753dbee7b5bca11f,0.02,1,50,1,0.0
commons-lang,1a256d3e74dd547b0ec7ea3b4b31ce1039cff312,0.0204,1,49,1,0.7
commons-lang,5fceb927149723bc6199d46f3a5f27675e65d9db,0.0208,1,48,0,1.9
commons-lang,b33448dd18cf76ac03d82e0da0c27fc521470312,0.0213,1,47,1,1.0
commons-lang,b9bce16817a58756b287ae2b4403a961307b95f8,0.0217,1,46,1,0.0
commons-lang,38f7109f4214300ae6eaf4bd76f5a7f1b2a10dc1,0.0222,1,45,1,1.0
commons-lang,f51d0615d034ae997611ac01fd4c79823122372b,0.0227,1,44,1,1.4
commons-lang,225d1c8058f39e7bf42f2b77f75a8b88dae4e037,0.0233,1,43,1,0.1
commons-lang,2c68a657e19b8412fa1fe090b72d4910896fecc4,0.0238,1,42,1,0.2
commons-lang,efe894332c981836e8953b6f2ffc7e2891e8b155,0.0244,1,41,1,0.0
commons-lang,371f8c7a7767325658de405bd20d7697dc42e457,0.025,1,40,0,1.6
commons-lang,91ce5ba318af40e9d9b37cfb301a4bb1bacd3ba2,0.0256,1,39,1,3.8
commons-lang,ffc86e432bba72d9d54f09dd3f74b6cdb3c9198d,0.0263,1,38,1,1.0
commons-lang,d631b6c4875c428230d6eb606fa982e36b38fff9,0.027,1,37,1,0.0
commons-lang,ad6890f9e63a5c08866725d65d3b216a82aeb5cc,0.0278,1,36,1,5.9
commons-lang,c55d1f3ccb0a3631eecff63743c936ed9b8505a1,0.0286,1,35,1,0.1
commons-lang,7de27aa9ab457b5f1c2c6a5bb695e268d95c6a64,0.0294,1,34,0,3.6
commons-lang,c969f2c93ad296e999c0f837edb596c83989f177,0.0303,1,33,1,1.6
commons-lang,f66f39f817585a422692bdc01213790102d0e652,0.0312,1,32,1,4.8
commons-lang,a337fec4ce58ed03c416b5af03f593edb26f0a00,0.0323,1,31,1,3.6
commons-lang,5b59487808d0b86a94ad7a1ebd4c200e09b7be09,0.0333,1,30,1,1.8
commons-lang,2abb7d3a98ed88814c4867dc58e41432e85f96f4,0.0345,1,29,1,0.3
commons-lang,b02333396adcff6179074f6d71997eab1d6197c5,0.0357,1,28,1,1.6
commons-lang,98fa10a80243a40685437b684d885082fbb26302,0.037,1,27,1,0.2
commons-lang,d7cdcc6a7114d8a8f99bfe05a081c5f1a3bbf215,0.0385,1,26,0,2.2
commons-lang,bac2371b9ca2069ef7ba70bc9f4a315c46abf9c8,0.04,1,25,0,4.8
commons-lang,248ec2e719b35570f2635cde69a00865388fe869,0.0417,1,24,1,2.0
commons-lang,f73fa2d3b399ba2f49c7af833a9bd70b36922c09,0.0435,1,23,0,4.6
commons-lang,a01e0621dcc7d88ec226044778881055949cef9b,0.0455,1,22,1,1.3
commons-lang,064971c7feaeaa3286fab614921171a8fa8a4e92,0.0476,1,21,1,1.3
commons-lang,5e1f169cee3d19f83d9885eec0b4a0f4cd186ca5,0.05,1,20,1,1.0
commons-lang,73c5a884da70bc40e7a17a7b9ebf5cc5223d7caa,0.0526,1,19,0,4.1
commons-lang,4c050914d980efc55562f8322d2f6e4f8ec863af,0.0556,1,18,1,2.1
commons-lang,d69c9f3769e8714d20aee1e6c07f0fe2c633b519,0.0588,1,17,1,1.3
commons-lang,08d28f59526b058221be974e55dcf24ea0fbe0e7,0.0625,1,16,0,8.1
commons-lang,6681a34d25b63a47c2d619ae0466825304ea9b1f,0.0,0,15,0,12.0
commons-lang,fb45bd7f2c1a8097eadb6b4a6bc9f16c03422a5b,0.0,0,14,0,1.4
commons-lang,e852e8088e0485e2214efe0f10400aa9d931eaef,0.0,0,13,0,0.8
commons-lang,38d13dddadc2876fde6134e094f5eac8bc792614,0.0,0,12,0,1.9
commons-lang,4a8aa9e7243e7df4e5ebca91b85209bd69c875fb,0.0,0,11,0,2.9
commons-lang,4b621c8c031265e4ca1749474c701b198a54e587,0.0,0,10,0,13.9
commons-lang,c49dc4893fd48964e5b88eabe0c7854a15033b4f,0.0,0,9,0,6.2
commons-lang,69e3ba4188ae857eeb05a36a5e7b30fac344c905,0.0,0,8,0,1.7
commons-lang,8f579b4f3074b79c44771ce6c6dec1d253401f50,0.0,0,7,0,0.8
commons-lang,977e1008fb13ddcf0465324426c38e96b6194553,0.0,0,6,0,3.9
commons-lang,535ec32c680a6581739a41bf97ecb8b8718c73b8,0.0,0,5,0,0.4
commons-lang,c8bfb687e4974e7514f51ff78e8aae75205c3735,0.0,0,4,0,6.9
commons-lang,18ce3b473018d1d7da90c0b5b563c97bf030b1a4,0.0,0,3,0,4.8
commons-lang,0a98b934d234782f33e71f762b66f1d8b79f0f8f,0.0,0,2,0,0.1
commons-lang,2f28cef08f0668004d003f2695e9845f37c1f0ee,0.0,0,1,0,2.4
commons-lang,be6501ef4af31302646012e31ea3bbc891b1032b,0.0,0,0,0,1.3
netty,79fc7f96f6dbce637ab745ac90290455af21c54c,0.4286,9,21,8,0.7
netty,64588eb53274d2d47979fa5b542d623e37843d93,0.4,8,20,14,53.4
netty,9c4eeaa32bdd7119d255c44b107647020f16f34e,0.4211,8,19,9,0.1
netty,76c2c06922f6749cbc8ac733925275e726caff0c,0.4444,8,18,12,3.5
netty,4b9c6f4582e43d0b8602c944ac1872169c431266,0.4706,8,17,10,5.1
netty,9e67e9f43878692a8473af9774df627e68309a42,0.4375,7,16,12,2.2
netty,af11c51ce576c4ce1918f2e8e1a342a765ad9219,0.4,6,15,9,5.0
netty,08abd189ce118b0adb9a67a64afe49eb66584b62,0.4286,6,14,7,3.1
netty,3d0228a2d3ae407c65a0800365efc379711ccc50,0.4615,6,13,7,5.1
netty,1cb45c608627e668d8dcc7f98833fa8a421d3d59,0.5,6,12,7,1.4
netty,18a444c220d878d65ff67e222aee55bc57389f72,0.4545,5,11,11,17.9
netty,6b99132f60d5cee2d5f797458427b48ccc037241,0.5,5,10,2,40.3
netty,464213c354cb21caa1bf13a43e3430160c8b00bf,0.4444,4,9,9,0.7
netty,ded5a30e026a32ff346bcf860eda72ed4fd65c19,0.5,4,8,6,0.1
netty,cf5cff8a3fc2f9d9a4181d5f0b06d0ad325605a0,0.4286,3,7,8,17.6
netty,06b0741189f9e39e5db533401047c0c8951fe789,0.3333,2,6,5,11.1
netty,c9321a159a5d17216ca8122dd914394594674b51,0.4,2,5,2,11.2
netty,f3c256ba68e061da02201d7353de0ec4b2d53c05,0.25,1,4,0,21.3
netty,dc1829a992d9c27139fe22501344d73a2e330cb3,0.3333,1,3,0,1.1
netty,281298d55e5c67ffcd9bd151f1cfcbea395d1e28,0.5,1,2,0,0.4
netty,192cab05ca8207735ca1ea79901562b3f33a4cd8,0.0,0,1,0,7.5
netty,4a578904993ca115bb92b2fc7a5e3c5cd94340a8,0.0,0,0,0,2.2
commons-io,7a7e8a5f42686947f57f252577699c430970194b,0.028,3,107,0,2.6
commons-io,cfc7a99f43d3fee6c347b534b66c3f4178181cc5,0.0283,3,106,1,3.9
commons-io,b5bc19048c8de0dd9f813bbc0592d76983fbb18d,0.0286,3,105,1,2.1
commons-io,8b290be602ce34e58ac72e2e79340241d1b7c765,0.0288,3,104,2,1.0
commons-io,809c173c64cea583b329f87ed4394d68114ad1c2,0.0291,3,103,2,3.8
commons-io,121db2954f1dfac4ea1300a83d3f9527e8e28fd8,0.0294,3,102,2,1.3
commons-io,2350e6d82d86f8720cc7edcbbb114f35cfd67176,0.0297,3,101,1,5.2
commons-io,d23228f4a94bd070b0505e5a528da1413915c8a4,0.03,3,100,2,1.7
commons-io,909dc0f9aa1874aafc2c6f54d11946199983a0d5,0.0303,3,99,1,5.6
commons-io,e28f97685236891636342d386b63b7dd116fe846,0.0306,3,98,0,0.2
commons-io,4e2320ccec92ea06ffee4774eda0970fae372442,0.0309,3,97,0,2.3
commons-io,5d854f34cb0c602b119f1ff95ffdb6a812fdcca5,0.0312,3,96,1,3.1
commons-io,c722fe80b9df938cdb3d949428ce51fe12ee88a3,0.0316,3,95,1,1.2
commons-io,4efa8cf29a9f4a35bc6bd347bfe50070e2916b1f,0.0319,3,94,0,0.0
commons-io,1dfa5367620b7bdf88c28add555c3ddc2be1d187,0.0323,3,93,0,0.3
commons-io,0ee29cea53f9f541b9921cd8fe2ddfa75ce10277,0.0326,3,92,0,0.4
commons-io,72ae92deb39d4ce1586b9bf25ed2fd4104348b7f,0.033,3,91,0,0.1
commons-io,1d4ede072a7729b6e4267f25dbaddc0b3b456fd2,0.0333,3,90,0,0.1
commons-io,2ca87c10c6849c891ef7d698b511278fc51dfe77,0.0337,3,89,2,6.0
commons-io,44b355fca0c21f2e8f40757ee6a78a37d2807a20,0.0341,3,88,1,3.9
commons-io,2224df7b9de1dac7f1a809668c72b35412633c4d,0.0345,3,87,1,7.0
commons-io,82a8ef1b14a1055f777d24fac855080ca2893ea0,0.0349,3,86,1,0.8
commons-io,be60e48c4c673fb9a46e24ea4ade6bb45f44691d,0.0353,3,85,1,0.2
commons-io,86631315076f5d435c6c16630093ff78be15e39d,0.0357,3,84,2,1.7
commons-io,8ad6764d1e79e81ed37997706564ae28d268986c,0.0361,3,83,2,6.8
commons-io,24e5af4917c0f23651c727aba9773212dd4a5db7,0.0366,3,82,2,0.0
commons-io,b0b49492e08dcb0eb86facd7b74360175d221cfa,0.037,3,81,2,0.1
commons-io,1bd12b55b019788c0cc58208ab7fde34d3d6b589,0.0375,3,80,2,7.5
commons-io,7df58926b00e29c78a6df607ad9f75fada4b5ab5,0.038,3,79,2,0.0
commons-io,e751e2f8c34a4913f612fc42ced100b37abe2a4a,0.0385,3,78,1,3.7
commons-io,290d72eda9152d1e11b79d48453908ff3f6b9897,0.039,3,77,2,0.0
commons-io,1a824eca1485f6106d8c5e439fe5fded6152a35b,0.0395,3,76,2,0.2
commons-io,a01ac042ebb411836caf13fb85d2fbfb65e03c14,0.04,3,75,0,0.9
commons-io,cfd4d86033e5cee159dc869ccb61aa3afe5fa015,0.0405,3,74,2,3.7
commons-io,063463f51f401a9b31c2e1a795590e650f4a223a,0.0411,3,73,1,0.8
commons-io,6e615bb8ca57d6dd62928fa134192cdef7c7b08e,0.0417,3,72,1,0.6
commons-io,29dc5ea043959aac66829275641e48b89e9b4be3,0.0423,3,71,1,2.9
commons-io,12453a3a65ff16a9f860b5465e78a2933195d03b,0.0429,3,70,1,2.9
commons-io,7bd05817d027627a85c73d68566fbcebf8b70670,0.0435,3,69,2,5.2
commons-io,fe620a6a0466d54921cfe638db87e7d78eb21480,0.0441,3,68,2,29.8
commons-io,8247e9562e969128043d030b1cc555a1d0a150d6,0.0448,3,67,2,2.0
commons-io,872db158a2e806c649122ee47d33ee5fd97c5e59,0.0455,3,66,2,4.2
commons-io,41817d3cea3ae7ce675ef9129b03229d738f68f5,0.0462,3,65,1,1.1
commons-io,b507d7e60b3593288990dd9f570ab87bfcc65e17,0.0469,3,64,1,0.5
commons-io,e67946c81a55069dcd32dd588faa57dd1532455f,0.0476,3,63,2,5.1
commons-io,c3471687e0dd5065ad7ad3878a71fcf5a921c9a3,0.0484,3,62,1,0.1
commons-io,6921f87e35cfbd5d725011883b9d1c492f26b31d,0.0492,3,61,1,3.2
commons-io,9600e9afca238a447547f11cb9bf136ce0c5a663,0.05,3,60,1,3.0
commons-io,266bcc4d5d0fbd230756539f93acd9fc5ddd2c5c,0.0508,3,59,3,14.7
commons-io,9ce4c8398bcddd0c7db96330162d470c5a4c061e,0.0517,3,58,2,2.7
commons-io,b1842c0e0c5af94976ce6504c78e7ef6200abec9,0.0526,3,57,2,1.8
commons-io,f62bc91596d4fe9290ce022b0479cf1aaf5ef4f8,0.0536,3,56,2,0.9
commons-io,6b4e35dc7fa1993983d48f32cc7def314cb8d6c9,0.0545,3,55,2,3.7
commons-io,3ddd67183a6241ee628251bb60d37a7d304963e0,0.0556,3,54,1,1.8
commons-io,f8a80699363e4a1d749b0207d566f27b193a07cc,0.0566,3,53,3,58.3
commons-io,750ec08f68fb45000d4f9c2592f43352bbb2e5f2,0.0577,3,52,2,0.9
commons-io,84628e28779d9b1f4d0b43d83c5056168085f096,0.0588,3,51,3,2.5
commons-io,c53cab56e5f078e2500970a01bdf1c7bf350fdaa,0.06,3,50,2,0.4
commons-io,bc80b9ae48bc4e74781ef485e389f08fa5b788f1,0.0612,3,49,1,2.9
commons-io,42e76965c151d6c2be0fe3359c837e80bae9b3c2,0.0625,3,48,2,1.8
commons-io,81d825517ca90c2ef8a5e8d10ecf36ed95aad984,0.0638,3,47,2,0.1
commons-io,f9225c549de4f4c819bf9f925f04df3941f27f2c,0.0652,3,46,1,1.7
commons-io,92c5d8d36b1b37af85d9dcd214138b7f72cb2eb2,0.0667,3,45,2,4.7
commons-io,5e103b46a3ae581a1da7eaf3fced605aeea9c08d,0.0682,3,44,1,1.0
commons-io,c146a948b515bb0752047339afe0c94e4234c2a8,0.0698,3,43,3,3.7
commons-io,302c9d1ae9d44c677fc9f35cd9b3bfe2fe77bf08,0.0714,3,42,2,0.0
commons-io,c8130d72529c1b845c7f10aea7b6ef7fc2788c77,0.0732,3,41,2,1.3
commons-io,05176a75580307404fcd91ac380175daa9048fa2,0.075,3,40,2,3.6
commons-io,eaf44e440db100c5222be7988ce4f14fb0aeb55c,0.0769,3,39,2,4.1
commons-io,369e45fe3b179bd44af9f19bc22187b3fa5a7fd3,0.0789,3,38,1,0.0
commons-io,b8690c086d18f38d86a06080422674d317e33f71,0.0811,3,37,2,8.8
commons-io,021879c4e8a80da4d814d6777d9dcbb215357e67,0.0833,3,36,2,3.2
commons-io,61d5459230d97432790585f3a738a804e7923119,0.0857,3,35,2,0.0
commons-io,2d7fef18c6ec90bd30d7e29a14a5967011a2fc4f,0.0882,3,34,2,0.0
commons-io,724125eff6608884b0ac1c59f62695ecf43e5c8a,0.0909,3,33,2,0.0
commons-io,d5bb4ec469995d9b3302397298fa3c59240b3019,0.0938,3,32,2,0.0
commons-io,77597df19476afa40244cb7d414a66971f817530,0.0968,3,31,1,0.7
commons-io,34ce9f0989e47daa9a7c821bbaaf84c138aa1117,0.1,3,30,1,6.6
commons-io,85737d13dae292040dd75293bfb6ee4a6b6c3f26,0.1034,3,29,1,5.8
commons-io,d3a51772915cff2b36aebf4622dd367ad60f6459,0.1071,3,28,2,0.4
commons-io,b803066005e1244932146aa904f05b420ca689a3,0.1111,3,27,1,0.2
commons-io,0fdef9fc5d5249a006712ba23829adb1f400a725,0.1154,3,26,2,0.0
commons-io,e64f29c6195fa036affbc3488aa28769742bb76e,0.12,3,25,2,2.1
commons-io,01f92b184933bf8f333676f0b872cecb8e23466d,0.0833,2,24,2,37.6
commons-io,d59098202590aef21b614273c87b922c3cea51b1,0.087,2,23,1,0.0
commons-io,7adaaca7002ac57031c4786ee5d3c1f98a2b4acf,0.0909,2,22,1,0.0
commons-io,c244009bedb5c0a018d5402d9241f0f1eac3ef84,0.0952,2,21,1,0.0
commons-io,93eada500cdfd4e3f44914e81c378814555fdb2b,0.1,2,20,1,4.1
commons-io,257d6f423ec5e3e15e136b72fd686c49208b1aa1,0.1053,2,19,0,0.0
commons-io,71bfef486b2e7713947e317ea843dc15f533a785,0.1111,2,18,1,1.3
commons-io,2bb2ab0b322e65bbd7b4d88c71c17e7b8465ffa7,0.1176,2,17,1,1.0
commons-io,dc1348ea72a83ca291309bd3aa79043e15304ced,0.125,2,16,1,0.0
commons-io,761605b23c4dba3ad0e6df164a7941fa46ae6139,0.1333,2,15,1,62.7
commons-io,e85750d2f8bb9f28a4dc2b32b625e2dfdeb8c015,0.0714,1,14,1,62.7
commons-io,76573da120a550720f17d9f1cd6fa7af98fb2fb1,0.0769,1,13,1,0.0
commons-io,2fd345578627290e3e6e713a1e1ea1b540f756f7,0.0833,1,12,1,2.9
commons-io,a9e8244e42a3c746c27db06544d027fb897fe17e,0.0909,1,11,0,4.0
commons-io,58b0f795b31482daa6bb5473a8b2c398e029f5fb,0.1,1,10,1,0.1
commons-io,e5f5eac9e65620e4697b922e0f49b7bbdb90695e,0.1111,1,9,0,0.0
commons-io,cfb682e9da63f308d26e547bb7d0b350ef3eda42,0.125,1,8,0,0.8
commons-io,748eef8b96068cadc45894967f58f015860afb1b,0.1429,1,7,1,16.9
commons-io,2c30851e4de51181b018a4e0d6605ee2c9776695,0.1667,1,6,1,16.2
commons-io,5e2ace28efe0476feb6a32794fe6b5e90e71eb7e,0.2,1,5,0,0.2
commons-io,5f88079956ba7fc4551a5fc51dc28d82e33dc65f,0.0,0,4,0,30.3
commons-io,958657f3c7cdf1f1d81a139b312c032020d582f0,0.0,0,3,0,0.1
commons-io,4f6b009a28ab7203260330bd93384ef5c07fd062,0.0,0,2,0,12.1
commons-io,f00d97a6cea0a08c8112ffb8bd0b6847373899ae,0.0,0,1,0,8.8
commons-io,703228a3d40881ea52faada723726b05f6d77b8a,0.0,0,0,0,70.8
commons-collections,c23b20d0842d5a18f312b7417444058c27abd966,0.0217,1,46,0,0.0
commons-collections,e9d0c275f93cd7c72eb7a24e809a4d40e874a8b5,0.0222,1,45,0,0.0
commons-collections,0cf09633b39e81c0e0a3c8d69bff2f7005169e14,0.0227,1,44,0,1.1
commons-collections,2228018be1d88154be329327e295558e197e5cb4,0.0233,1,43,0,2.0
commons-collections,a056026a26ef4e5cba6ccffa47fea0ee499fda4b,0.0238,1,42,0,4.0
commons-collections,c6305c49740b118d8ca40a8bae53ef0211424f48,0.0244,1,41,0,8.0
commons-collections,3a22be2c1c2c92354b10874bfae8c4b46fdaaec2,0.025,1,40,0,0.0
commons-collections,3322769985ed472a9f7927e019113ef3755d1d1a,0.0256,1,39,0,0.4
commons-collections,d9d94e4631c7bd1149b9950feb0c7e629731659b,0.0263,1,38,0,0.1
commons-collections,20a877f04ab1864dda210d26d9a2745e85fc3e8e,0.027,1,37,1,1.1
commons-collections,956eb47745e740b39186c706ba86dba58b3a6441,0.0278,1,36,1,1.6
commons-collections,7e96acbf58d692ecd3819e506fab863cbae5d44e,0.0286,1,35,0,0.8
commons-collections,26e733fec01a7edaacbaf4e1651deeddc99b2b85,0.0294,1,34,1,3.5
commons-collections,57c9348430907a62a593f8ab4785d75cd3c6f8f1,0.0303,1,33,0,1.8
commons-collections,720c9e5c9630cecb9e8267029de86ea23a3aa2c9,0.0312,1,32,1,5.0
commons-collections,09dd28409ef1ccc1182108274575087cb40b1a58,0.0323,1,31,0,6.0
commons-collections,d28a7fba0b7197356100ae3cdd4f26e61ca9ce82,0.0333,1,30,0,1.1
commons-collections,ae7219445dc063e9cc090e338fae1d7ec3bfcbe4,0.0345,1,29,1,6.2
commons-collections,36b23c5455d607443e740d935463a2279c9a00c7,0.0357,1,28,0,6.0
commons-collections,8279d9ba4618259536a9cd16edbab83723a4f4b3,0.037,1,27,1,6.6
commons-collections,9bbfad5db3a0dc5a7f354e014249ecce5dfb3a60,0.0385,1,26,0,0.9
commons-collections,4a398f54ae96f391155563a10227eed4d904ddbe,0.04,1,25,1,1.1
commons-collections,6f74aef97bb67250debb68a5f3d380f77c5dec3d,0.0417,1,24,0,2.0
commons-collections,ebc66db42635b901a5dce7f5286ba3b2427fc119,0.0435,1,23,1,42.7
commons-collections,c811f541aa74d111cb731736bdfc6071a2084c7c,0.0455,1,22,1,11.0
commons-collections,5e9b391ce2581603a19ca8fb63a9bf96471e8b31,0.0476,1,21,0,5.7
commons-collections,4e0fb4f8091088d7a331a1f29835463209f62fc0,0.05,1,20,0,0.0
commons-collections,4984c960728eda95baa4253748e96f2d4ec9fac9,0.0526,1,19,1,9.1
commons-collections,e77c1d875ef3ac4a07c967e88c5b46a4597339c0,0.0556,1,18,1,0.0
commons-collections,bdfbbcdca2e5487caab92743bff4c4ae8fe86eee,0.0588,1,17,1,20.2
commons-collections,4a980fadc47e1983a7435ec4666763bd8bdea205,0.0625,1,16,1,3.5
commons-collections,70fba6c8e0f82e247c04cb1fbba1233241a081fa,0.0667,1,15,1,6.0
commons-collections,ac61e06bc174b3571364278feef3a6973d98d0c3,0.0714,1,14,1,92.5
commons-collections,4d4caa6a92797835ed46d4f8aff361ecf0ad1a18,0.0769,1,13,0,3.4
commons-collections,5907d36b262c9e696c32c5ec942535e718002432,0.0833,1,12,0,3.4
commons-collections,ff178a3b63e777408f712f6039c07441f307ba45,0.0909,1,11,0,3.4
commons-collections,181fe9c708624f9418777c885eb1653a05708294,0.1,1,10,1,13.7
commons-collections,dd69cc72dc7bc269dc36b46f9cc8225aabd2ee8e,0.1111,1,9,0,4.1
commons-collections,98293b24bde29f0cf76f1f52d30b9519c11f5686,0.125,1,8,1,19.9
commons-collections,c30586294f4fdc9a542427a86f30a4241d8ea2c9,0.1429,1,7,0,2.3
commons-collections,b398b82c7f5cef6f54a34dbf67d7f48cc8126b1f,0.1667,1,6,0,0.0
commons-collections,843429515ba7537c28d3f6d2a0adde259676b455,0.2,1,5,0,0.0
commons-collections,1118a1ccddca5b8f982c4268e70a7412a3269cff,0.25,1,4,1,2.1
commons-collections,42909f82d9303d12fb85b041c4c093778589a15d,0.3333,1,3,0,1.0
commons-collections,f4cc9984c3ea0cb85db6c30c3bba6e6dfdc0b677,0.5,1,2,1,7.8
commons-collections,89008f2b154a48545ad36ec9c970ce35f3327ac4,0.0,0,1,0,56.0
commons-collections,0dad34216c390614907f26c88790acc899c6f1d3,0.0,0,0,0,3.9
commons-configuration,bc310d9d9030f76424e8e0a52ec4d1985c3d0e38,0.0217,1,46,0,1.3
commons-configuration,0677990d6ac8686cf2af8a056735a4d39c5cc406,0.0222,1,45,0,5.1
commons-configuration,b9c32ee93cfc7977d5468ecd89ad1efb0a456821,0.0227,1,44,0,0.4
commons-configuration,e5e9e444fa3bc932a2872425f9b15e4db89a7887,0.0233,1,43,0,3.7
commons-configuration,2749ec70ed8d2c9eaaff0798cbf72b6956932965,0.0238,1,42,0,5.0
commons-configuration,357c5dd60ca89982ebd097737021fbe8339df11a,0.0244,1,41,0,3.8
commons-configuration,076313b4949f15d7aa7d91bcdb80e2ec79d1f5dd,0.025,1,40,0,2.2
commons-configuration,edb452c20f93d6ec8837dd184703ebeee73b6ce8,0.0256,1,39,0,1.3
commons-configuration,136102875fe9408cf46f9b92fe6fdcaba41fd451,0.0263,1,38,0,6.1
commons-configuration,6d0f104c7729fff04d0cb9fa092526917a840005,0.027,1,37,0,7.9
commons-configuration,b99b92790e8dbd8f809ee00cea1eabf968d485bd,0.0278,1,36,0,0.2
commons-configuration,d9f131a39ce10e1aa9799e09cd972fab66de801e,0.0286,1,35,0,10.8
commons-configuration,2701aec1e76f02b5566536ae215ca5fb26e3c3f2,0.0294,1,34,0,8.7
commons-configuration,cfce55ee3407b88d2d97b40cbbc4de608b070aa6,0.0303,1,33,0,3.2
commons-configuration,807602d2f5c8d083a6858ee8848fc6d9915bcb5d,0.0312,1,32,0,1.9
commons-configuration,a005929e73119f2d035a3521a7b052c14003660e,0.0323,1,31,0,0.0
commons-configuration,0572d2c1ebd5c432be7f11dedd286aac6128b5a4,0.0333,1,30,0,3.0
commons-configuration,033d50d9ba4f308bbea7786ee33d73df72f53cb0,0.0345,1,29,0,0.0
commons-configuration,df9d3a362b17f978cd2291b8018185b70015373a,0.0357,1,28,0,2.0
commons-configuration,1371b9058664c871a4a5eab7a418b16bb4a02408,0.037,1,27,0,2.2
commons-configuration,d0b7016527d3cf7590e4551644d15e73bef368f4,0.0385,1,26,0,1.1
commons-configuration,c00c6ab588893258678ec77e3dd69ba56d2efcfa,0.04,1,25,0,2.6
commons-configuration,3a23ffdec2ea2711f1e885c330d0e867d3a52855,0.0417,1,24,0,1.4
commons-configuration,d1b4d0ed4894a095ab602c6c2b3705a9faaefa23,0.0435,1,23,0,1.8
commons-configuration,ea746c1ed2128f1d5b59a3903c3d07f47e4ad9ed,0.0455,1,22,0,5.0
commons-configuration,5f7cb155e3e2859b5b46d50474f542615c5116d4,0.0476,1,21,0,15.0
commons-configuration,e16fec6d5f2ed43e1c73a9c0574adc8fb8a176a8,0.05,1,20,0,5.9
commons-configuration,5b3748dc35ce1fa59bc61f723d6283467cd78ef0,0.0526,1,19,0,4.3
commons-configuration,265e1910575390d8900612ab61f74a4c69535134,0.0556,1,18,0,1.6
commons-configuration,71ab2a4026e2deca773f9e7de7eef54e2c4fead8,0.0588,1,17,0,0.0
commons-configuration,0e39e0e9df99c8708887e0ee92eb9f42c0fa1022,0.0625,1,16,0,0.0
commons-configuration,f6abe30b6b235f8e3e8b521895606e79e8d07f47,0.0667,1,15,0,0.0
commons-configuration,12959f66382b2e4fa5a22003aeddaa6f792755eb,0.0714,1,14,0,0.0
commons-configuration,c3685456336792a6e22fa0036b1ed04210baeea6,0.0769,1,13,0,0.0
commons-configuration,54fbbed972e65e3e9e981c3bc8756a5443716508,0.0833,1,12,0,0.0
commons-configuration,0f8137ff6984e865875aa84549152c54392870b8,0.0909,1,11,0,0.0
commons-configuration,4c8a5f5ce53bf7761776c98167b797b9d327ffb4,0.1,1,10,0,0.0
commons-configuration,31c75d470a78f9c7e1cc9cbdd165d4180a1d2f10,0.1111,1,9,0,0.0
commons-configuration,6665b8110a2651088bfab572246f502430466306,0.125,1,8,0,0.0
commons-configuration,623466ba76c6f1f2423d9e5601c9ff96cdd68329,0.1429,1,7,0,0.0
commons-configuration,a749b0a5c0f723ff66e4ed988b22d5c4246857b2,0.1667,1,6,0,0.0
commons-configuration,8e2aef91d25beb4d615f83745ce3f8afb02de835,0.2,1,5,0,5.6
commons-configuration,33a318106bd9c7dd90db13d4a5f69f56830ef226,0.25,1,4,0,0.0
commons-configuration,9478944e92bb15ecdfa00f3bda5c73d9364dadf9,0.3333,1,3,0,3.0
commons-configuration,9052734032c1779e30a7cfc7a10b6ddb8294b56d,0.0,0,2,0,51.0
commons-configuration,d664badcbea6a3e73a6b5ad2d48a397e7a7cf92c,0.0,0,1,0,13.2
commons-configuration,fb95d304d675402012280842a8db7a03cc581e63,0.0,0,0,0,12.8
logging-log4j2,c369ac2cf455657c71054b8525df98982e4152ce,0.1796,51,284,38,24.6
logging-log4j2,a157901ebe93e277cb6bed6d7af36e07b83e50f8,0.1802,51,283,16,15.1
logging-log4j2,5df0a575cece5a770f2be491bbe97689af9c644f,0.1809,51,282,10,11.6
logging-log4j2,546e4fac4ed2c226de479e09908db6324d2ae87f,0.1779,50,281,30,58.4
logging-log4j2,5f683c6dc8e3ffc514eb682bdbb85d39897e0da8,0.175,49,280,10,25.9
logging-log4j2,27deaaf99fa0128085689deaaa5053afd9cfc711,0.172,48,279,7,6.1
logging-log4j2,4b5dcc38227d667d4bdf3198d2d458f74824c217,0.1727,48,278,6,6.8
logging-log4j2,a18496567d3463ff1fe47177bfb2f09ac29a9557,0.1733,48,277,2,3.0
logging-log4j2,c977798695b604b1c2be027bbb1f2d94d6d46959,0.1739,48,276,3,1.3
logging-log4j2,f2fa3cce37fffd660c7bac36b0d22bde80927881,0.1745,48,275,82,110.7
logging-log4j2,204d8251295dfa816b9b28d8d9cfaebab500f415,0.1752,48,274,2,0.1
logging-log4j2,c3212333aec0027d894c366ab3ec05fef8cb2378,0.1758,48,273,14,1.9
logging-log4j2,dae04aa0df503fd1a21b83e6d8a4b131d48b41de,0.1765,48,272,10,5.1
logging-log4j2,34c8b4af6a46bf7ad994e04052f40cc1d233ce54,0.1734,47,271,17,3.0
logging-log4j2,85d6c7e7f415f5ce80abf819c325b9759146403d,0.1704,46,270,14,1.1
logging-log4j2,f4cf44e988a31bb1deb2bb5b9f74105b02a7c14d,0.171,46,269,17,0.1
logging-log4j2,3b2ee731d57b933a2ba725775e299f6dbfd97675,0.1679,45,268,15,4.6
logging-log4j2,1f9a58cbcfd8ed9f5c955cd65d0d94ce9545a6fc,0.1648,44,267,11,5.1
logging-log4j2,542736a3968fd5f745865f719a26ec6add5dc12b,0.1654,44,266,6,0.8
logging-log4j2,620c26c4c66b99aaf6e94d3d6fa9430ad8e65043,0.1623,43,265,4,0.2
logging-log4j2,2fe289f5eaf98882cd812d867203e55fd94681eb,0.1591,42,264,5,5.8
logging-log4j2,af0ca2916e846902b13c84145c803c78151526c0,0.1597,42,263,5,0.8
logging-log4j2,c1459aa0c1b085377edb0643c08de623fdf96e7d,0.1603,42,262,5,8.5
logging-log4j2,19175d86e998385049703e175af3c06af91c1c5f,0.1609,42,261,0,4.0
logging-log4j2,8ffdfc2a5cc38bef2016d3b2506483abb1f16465,0.1615,42,260,5,1.0
logging-log4j2,877ef02f7978bbbd52863f389db203c8f1a44a0a,0.1622,42,259,0,2.9
logging-log4j2,6e7e345f306c39e97838ec392d0c9932b54738eb,0.1628,42,258,0,0.2
logging-log4j2,ce46f2e40c99d066b4b1b6671dc4cf426ca849cb,0.1634,42,257,0,2.3
logging-log4j2,1f0ee2d9bdf31ef88732afb3ac957069c0888e8c,0.1641,42,256,9,4.4
logging-log4j2,c8d60bc535907d1969d08649319a1e27eb473dd2,0.1647,42,255,9,8.7
logging-log4j2,8b720761e75bb74035b64b3c07624d7a25beb10f,0.1654,42,254,2,4.3
logging-log4j2,819b73807ca7bb9955e037df8e40b92d7d296a9e,0.1621,41,253,19,2.8
logging-log4j2,0e1ee448b257d6c6b3dc66b7c36cd9ef83f3dfe7,0.1627,41,252,7,4.3
logging-log4j2,c8c212faa60aba62317ebf11e05ed1c1a95472c6,0.1594,40,251,12,7.0
logging-log4j2,d6563e3432385001c760aae8ec5958f3bb004193,0.156,39,250,10,121.0
logging-log4j2,1350c8dad6fe1f6530d84ee1a781998e2807d0c0,0.1526,38,249,9,39.7
logging-log4j2,b0413d5bc786b665f5f360b0f63c105d16001f97,0.1492,37,248,5,0.9
logging-log4j2,5d8d093024ad91146c141fda9409c1691b3f8bfc,0.1498,37,247,6,5.6
logging-log4j2,1ff33dcf2013c35e22cecc20c5af970bb2702a74,0.1463,36,246,4,2.0
logging-log4j2,1090ec6951aff9b2f05328c6d94bdd23858602f0,0.1469,36,245,4,23.1
logging-log4j2,db200c796907c07e2e9b53b02a6d032d08f1f363,0.1475,36,244,3,9.5
logging-log4j2,b1e1643667d36056c2b08f393d6e3e6d902de12c,0.1481,36,243,5,16.4
logging-log4j2,8c054fc73833ba1ef9bbea916d7c7201c20a8730,0.1446,35,242,2,1.6
logging-log4j2,9618ff7161113eef21a06f87c99ef151137fea03,0.1411,34,241,21,51.8
logging-log4j2,b8931d733a39a3e89f16680d7b45778ce312ed5f,0.1417,34,240,22,117.9
logging-log4j2,2df18f2926d4e1cc499b0b189884c0cef0a13e32,0.1423,34,239,21,61.4
logging-log4j2,d39180ca0dbfc4826c802a94f89242d96c16af41,0.1429,34,238,22,83.5
logging-log4j2,77ff53e6514bf0f3735133334a75a587f23f290c,0.1435,34,237,21,13.5
logging-log4j2,04df7c97c35b0294a9a254d486a004eab06282c1,0.1441,34,236,21,13.5
logging-log4j2,c5da16880628cb4740178470e9bcc1eefb33e8bb,0.1447,34,235,21,13.5
logging-log4j2,02ef333d56303c40bc56ce34b25f0d5e198a12e5,0.1453,34,234,19,34.0
logging-log4j2,af0f9cf42a2ca82b0dec2ee4311730262f2e2c22,0.1459,34,233,21,30.2
logging-log4j2,b34f8ca6ca39c3bf9e1f4ad734db454c8debdf02,0.1466,34,232,2,0.0
logging-log4j2,7ba5d0435bdffba0ce7ac5d791fe09c06e2e9f4a,0.1472,34,231,2,0.0
logging-log4j2,859ace8952061cdd8f7517ba48625974bf7e5b69,0.1478,34,230,2,0.0
logging-log4j2,02d99c3e3f8e9fb40cacfd488da5e1c91785668a,0.1485,34,229,2,0.0
logging-log4j2,9b62fd2f8a1913c7da235cfeb32902965ac62c71,0.1491,34,228,2,0.1
logging-log4j2,31c60200fdc6af0677b27bc86b1404e1b78bb2f2,0.1498,34,227,2,0.0
logging-log4j2,352cda1c7c9c68b0a49d6e51641565bfe47e41a6,0.1504,34,226,2,0.0
logging-log4j2,e532daeb9ad747ac69d76ca325fa80ca05126700,0.1511,34,225,2,0.0
logging-log4j2,69c8944dcc54c87e18fb325ba4da9a6533533468,0.1518,34,224,2,0.0
logging-log4j2,623360f5a9792c43d24580ba24dedab162abc73f,0.1525,34,223,2,0.0
logging-log4j2,fd4429d3e3d39d8790381db76ddacbaaee6cb532,0.1532,34,222,2,0.0
logging-log4j2,cecaaa45624d4df75b4a118440a637f7f1392040,0.1538,34,221,2,0.0
logging-log4j2,47d334d425892c0e897987cfa9a23d46efee79f5,0.1545,34,220,2,0.0
logging-log4j2,1007cf0964f43b6bbbbbbc36d4f8e7e72f7cb23e,0.1553,34,219,2,0.0
logging-log4j2,f1a0ce26bf94f8d4c243b958fb42b64289c95dfd,0.156,34,218,2,0.0
logging-log4j2,387340bff5cf8e71f731d9fa289fbb01f939f96e,0.1567,34,217,2,0.0
logging-log4j2,786c011e291a9d585d7fd105f0686d24b0f15b8e,0.1574,34,216,0,1.1
logging-log4j2,bfed0a38df579fc2c901178d32ff3e2bd14b84b0,0.1581,34,215,19,2.5
logging-log4j2,12977a910113f93e9603128a5ad10b6ead9586ec,0.1589,34,214,2,0.6
logging-log4j2,b713368de59703267a6bd128f42c0a6bff0992f9,0.1596,34,213,2,0.0
logging-log4j2,ae2afdd2109f6193d2c0dc2bf4df2227b349e283,0.1604,34,212,19,0.1
logging-log4j2,164290d8aca84f0e9cdbfc9e3b98e315d3bc4c0a,0.1611,34,211,21,0.6
logging-log4j2,2260eb118fdfa0dac4e96e8462aaafa27eb75fed,0.1619,34,210,21,14.3
logging-log4j2,25486d0754555cb281c60b912d98fb423e2f4f8d,0.1627,34,209,0,0.1
logging-log4j2,718ff1f7b57accc09ca80ed6c0c8b1ce784b3670,0.1635,34,208,21,0.7
logging-log4j2,e341f8a0acc16c5fb9281fd71c43f5b9959fb0c4,0.1643,34,207,2,0.1
logging-log4j2,c65bcfccdb89a3a66b0776423fd0bd238e7c4f83,0.165,34,206,19,0.1
logging-log4j2,74ca8b58f0d4e1b99bab2c4e7b8f56723b705019,0.1659,34,205,0,0.0
logging-log4j2,e404ffaa1fc35f08bae320ae6bc870c040c88f0c,0.1667,34,204,0,0.0
logging-log4j2,7af25bd1c67814d3a0b3047004ded82d3d7754c3,0.1675,34,203,0,0.2
logging-log4j2,e730f06b81f67d1be5a0a6215e6f465dca6e2b25,0.1683,34,202,0,0.0
logging-log4j2,efb76dcf797b5edd34e67c446cbcef06577d0caa,0.1692,34,201,19,0.2
logging-log4j2,c2512843c67432b6e7dbf5e73297e7f9b9fe996d,0.17,34,200,0,0.0
logging-log4j2,9e2c23f4abc064e596408cc6639c859b2f37e77c,0.1709,34,199,0,0.0
logging-log4j2,37bb43fde3d2fbf94c8a4e5a81d33b769e39f744,0.1717,34,198,19,0.0
logging-log4j2,982dd42fae6e5db21725c8220c77e2a9e3cd1531,0.1726,34,197,21,3.2
logging-log4j2,b76b599739780a9107ed1c1dc8d7087463653164,0.1684,33,196,20,2.4
logging-log4j2,3d0b37924c6f360d6418a90dde77fbc61bc0b6a9,0.1641,32,195,20,75.3
logging-log4j2,81d5be9e2f962720bc23f2e9e7be88b72adda58e,0.1598,31,194,27,345.2
logging-log4j2,14648a64544ad08f09cb9e6377e82a816735deef,0.1554,30,193,15,25.0
logging-log4j2,f03a7280d21b17f1bdf65a57a5d24b0ec17c679d,0.1562,30,192,15,0.1
logging-log4j2,31457f40ffb52d5f47328e70b6a8e29fdd584119,0.1571,30,191,15,1.4
logging-log4j2,8446d82365b0d2fb50d2db989a588aa934f3c3b9,0.1579,30,190,16,0.4
logging-log4j2,d2adba0d6d554edebabd7367c3a7a7af6af09192,0.1587,30,189,17,7.0
logging-log4j2,cc657047317a0fdab327d661568d177655482e9f,0.1596,30,188,15,4.0
logging-log4j2,f276b5f9da7aecd0b87f4bee11158e52beff0331,0.1604,30,187,0,0.0
logging-log4j2,1070916a64bff567349d89703108dbd4053a5125,0.1613,30,186,19,0.1
logging-log4j2,e69401d095cd603147418960195954f77f760c70,0.1622,30,185,0,14.2
logging-log4j2,c5b55838ca561ac55e6088ba5d03a5bd30f32acd,0.163,30,184,18,47.1
logging-log4j2,b91cda25b615966d1bc9ceff040cb57b1621733c,0.1639,30,183,18,46.8
logging-log4j2,8c0b19df7251af9bbdd70add3129b8e7a77dbaf2,0.1648,30,182,20,38.2
logging-log4j2,90b5d2f57d74925dde9572e940a49cde587074f5,0.1657,30,181,18,0.0
logging-log4j2,cbca79446ab0cf01abc5cc4a2cafc507653a9fc0,0.1611,29,180,18,44.5
logging-log4j2,51ccdae99f71d3cd5a01df18f213249e4e6daed1,0.162,29,179,25,304.2
logging-log4j2,2a7d1cedef9dcd33f0ae5fe58adf45f853d3e86a,0.1573,28,178,18,11.1
logging-log4j2,951b40c64001eb304358fe8a91f61b565a12b951,0.1525,27,177,13,1.3
logging-log4j2,c5f2f2a413e414e59d48f685e5db336c086f3fad,0.1477,26,176,14,0.5
logging-log4j2,54649cbc158bf5975792eccb0fedfe39eeed1de7,0.1429,25,175,16,4.1
logging-log4j2,d738c178d46dcfabbecd4623fd2b98b3d7c1a756,0.1437,25,174,0,0.6
logging-log4j2,5e4748acd0ce2808a54d227efe8c5c915c95c0c9,0.1445,25,173,16,25.6
logging-log4j2,87a2a73c2687eca873490c83faa6da7d527636cf,0.1453,25,172,16,56.1
logging-log4j2,c4e52eb9dca46411d18ea3ef5a58bf892eaa269a,0.1462,25,171,13,0.0
logging-log4j2,046a5cfafeefd844bf23344dfac93c174abb59ab,0.1471,25,170,12,0.2
logging-log4j2,27b06b9bce8e8825272ef940c677167aeebd2c48,0.1479,25,169,12,0.1
logging-log4j2,618b28f9e2457fcd4c10817903265cf5c46f04c8,0.1488,25,168,13,2.0
logging-log4j2,b8a0d9fc14d9176cef73ae6614057296fb3a7d33,0.1497,25,167,13,1.1
logging-log4j2,d7d5cfd796cec47a5b9f4ba669076fd98ad92673,0.1506,25,166,13,0.8
logging-log4j2,a8ef29e5434dbb825f8209a7b2852a5113185b17,0.1515,25,165,17,36.7
logging-log4j2,b0b463ff8c91616fcddf74c7a281537d9268d5a6,0.1524,25,164,13,9.5
logging-log4j2,ac82a0d782a583f059778f0db3c6012180747fb3,0.1534,25,163,13,0.0
logging-log4j2,d104162afa6912ad71aa5e6cc8b99b777e8ba815,0.1543,25,162,12,0.7
logging-log4j2,2b93414a403c21003774f7b0a8f92f143b5fec3c,0.1553,25,161,12,0.4
logging-log4j2,d24ebef87bc9e560580c4439c31fb6fb8fe3c30b,0.1562,25,160,12,0.8
logging-log4j2,00823bd9541bcab405f57ffda2db050aefb87181,0.1572,25,159,13,0.1
logging-log4j2,98a66a14561e7b1525a98080be1362e0243a56d4,0.1582,25,158,13,1.8
logging-log4j2,e54e2505f5e6579a25848d39ed2fbd7a6d03c5e5,0.1592,25,157,13,2.1
logging-log4j2,06dcce455c0409f47e808fbf837a136f140e18de,0.1538,24,156,13,48.9
logging-log4j2,c81c118a2957cab9434ece771daef4cb8311ae63,0.1548,24,155,0,2.3
logging-log4j2,b5ba8b78839992be3ec21eb5e9931f49d3955f00,0.1558,24,154,13,1.7
logging-log4j2,64e3f1031225a4c998ffa03a15819a51dfea4532,0.1569,24,153,11,3.4
logging-log4j2,b8f6a1c5758f5d634b5d5cf3f4c4ebb571abca23,0.1579,24,152,11,0.4
logging-log4j2,d2aa15bd10e502e688bb69de60a87d99455da168,0.1589,24,151,1,1.3
logging-log4j2,65c2b53d5e20246e03348abc17fce0f9956a67f8,0.16,24,150,12,0.7
logging-log4j2,3ac727026f295941fe71a34d6c80afc242f38c0f,0.1611,24,149,0,0.1
logging-log4j2,b79d6c5d7b6663c38b07ce88f924efe7419b9455,0.1622,24,148,1,0.3
logging-log4j2,b96f5220dbebf6e0a4fb9f7da07c3a9d7d443418,0.1633,24,147,11,2.9
logging-log4j2,db946ce77cce33e8d722d3b32d0bb91caeb0d17b,0.1644,24,146,11,1.1
logging-log4j2,f56b8c1ab6afc8806994eb71846a3dfcc9ac07f1,0.1655,24,145,11,1.0
logging-log4j2,2ce1a7ff25b1699d94dc0e73ff889b42002a728f,0.1597,23,144,11,2.7
logging-log4j2,22b57e14423859b08a72a1a042d5f041352b140b,0.1608,23,143,20,95.7
logging-log4j2,698bf360f3880eefdf58989ef63911b955602f2d,0.162,23,142,10,0.8
logging-log4j2,002a19332c6f3cbbecdd93a4310e498bd24bee8e,0.1631,23,141,10,1.0
logging-log4j2,04acee201919ce57d99009b625b5e91a8d9e052c,0.1643,23,140,10,1.3
logging-log4j2,2d4b2c1bba45b7440457a14d5ffa8fb0557fc6a0,0.1583,22,139,9,0.9
logging-log4j2,c1b90f96151c1a0e217ee2ed36c29eb325ff7d25,0.1522,21,138,10,1.9
logging-log4j2,a0fcb1557f19ee22e84c32901843ed4eeab1bbc4,0.1533,21,137,11,5.6
logging-log4j2,42dcb4588d79016b7906737ab66603ce9c27f968,0.1471,20,136,8,9.9
logging-log4j2,9caf597d1dc08b7bb64e0b6f5a128ddf18684fdb,0.1481,20,135,8,5.1
logging-log4j2,bcb7264491b89a4cb9f672a276cc00ff48c484cd,0.1493,20,134,8,6.0
logging-log4j2,d7d88b13c5ee60572387e500442f2396fe616718,0.1504,20,133,7,1.6
logging-log4j2,0af515f3b1ec67422de254d08ac87b135e3c6923,0.1515,20,132,7,1.9
logging-log4j2,1c2ad7b807c3a34039206e17f3f71be6b6dc5216,0.1527,20,131,7,2.0
logging-log4j2,76c68b21f0b79a6f3daf1d7160e3af0b0ed78180,0.1538,20,130,9,3.9
logging-log4j2,d0d331fb93ec3645770b67454c4c11e5706dfb61,0.155,20,129,9,7.4
logging-log4j2,aea91cc1896860134b9450b70e220a496c59c0b7,0.1484,19,128,8,9.7
logging-log4j2,991689079195f6055f06f678fbffa78974240115,0.1496,19,127,10,33.7
logging-log4j2,11fb367f2aae30dd3eb67048e635396a9b718203,0.1508,19,126,10,8.1
logging-log4j2,8475d17597a09006808e747fd82e6ad126227641,0.152,19,125,10,29.2
logging-log4j2,394c30f594c9eac570a43313bf44be4bc60cded9,0.1452,18,124,9,15.2
logging-log4j2,f64ea4b597ee6cef22c99ed5f382489ff87431c8,0.1463,18,123,9,4.7
logging-log4j2,ee2690bbaffc5a9b91d10a029c2059b4f9b1d533,0.1475,18,122,7,24.3
logging-log4j2,3bc94c0bbe07719affb38c08124bd917a061d3fa,0.1488,18,121,0,7.5
logging-log4j2,6fd6dfcd7fa772ffa1a4d3c9c783b5b0af7501d9,0.15,18,120,7,9.9
logging-log4j2,873e7efbab22aac29e29716a871ff114c60202bd,0.1513,18,119,1,1.9
logging-log4j2,b77b7d039653bc1675e7f9a1376cedf9e4fd16c5,0.1525,18,118,7,4.2
logging-log4j2,40f60b738e6f86e07bd48bab0e12b5913928a24c,0.1538,18,117,6,4.5
logging-log4j2,fd4ab95015efabad6383ad782e37e381a7462c23,0.1552,18,116,7,10.8
logging-log4j2,5e72f2cac4ce7ea0f38f12f7fcd5f708548d33db,0.1565,18,115,7,4.3
logging-log4j2,f3be87900f66be98a6e84c5c8dab5986c219466f,0.1491,17,114,20,201.6
logging-log4j2,69b14f96e22f5b79a9a6e20552515f0b5edaa3e3,0.1504,17,113,6,2.4
logging-log4j2,e31731b6898a3f241c65fc613e7948284a4a42df,0.1518,17,112,6,1.3
logging-log4j2,c8c6438daffa24583756cb0912f9af8e4605e73f,0.1532,17,111,9,6.8
logging-log4j2,d5071900b0c72fccd8bf7e2ccee3a8164d4fdb25,0.1545,17,110,9,3.0
logging-log4j2,1974c8202eed10d0c971f493ca2c09a05bfc6cbb,0.1468,16,109,7,2.3
logging-log4j2,bd649ed99069add1a2b46b9e8e1079803d9507ad,0.1389,15,108,6,4.7
logging-log4j2,a6f9d12bd93ca7c7517c3d22addbfaa236252a5c,0.1402,15,107,0,0.2
logging-log4j2,4ac36e1341998053c94646772ee345e09e58e12d,0.1415,15,106,2,1.7
logging-log4j2,66669d2dabd9b1854c58a09f33558e25e9555b7b,0.1429,15,105,5,0.5
logging-log4j2,34a41236f9d609e40ddaa76c29e35413b8de6ef9,0.1442,15,104,5,0.2
logging-log4j2,6466fa17151aac1c9099755e40b6b7b53f852076,0.1456,15,103,4,0.0
logging-log4j2,c770ee928abdb56581cdfb36d38a7335eae84907,0.1471,15,102,4,5.9
logging-log4j2,19ac9876f81629a318fad85ce5d795e059ba479b,0.1485,15,101,4,7.1
logging-log4j2,f11a6525375772fd86c51b90008353707f1d03a3,0.15,15,100,0,0.0
logging-log4j2,ee6f50d4c8b809272d496d221a641804f7a71220,0.1515,15,99,0,0.5
logging-log4j2,8c922b058306af0e371a825b4d06d6912fe331a8,0.1531,15,98,5,3.5
logging-log4j2,49bd0924f802af2d014938f79522c777dc73db33,0.1546,15,97,5,1.0
logging-log4j2,32adca2582538661c22475b87dcd855cc24a1bd8,0.1562,15,96,4,1.4
logging-log4j2,8f3dee3204e209975cc477a0a725d297525257cc,0.1579,15,95,5,3.8
logging-log4j2,19418b37df948609a8852a17f206076048043f6f,0.1489,14,94,6,11.0
logging-log4j2,3064471eaa1b7f7d3c5e38349281e1ccdd054cfa,0.1505,14,93,5,2.4
logging-log4j2,94465257cc0e2c3645ce08a72c1dbb64b63ae282,0.1522,14,92,5,2.7
logging-log4j2,1c0359314cb03e9ae77fdf1d1dafe9e7fd8e702e,0.1538,14,91,0,0.0
logging-log4j2,60833808d86f2b2ed1604f37dab124af31ca6736,0.1444,13,90,0,0.0
logging-log4j2,96cc528db29bb5ede659c4012f88ba411cc5e857,0.1461,13,89,3,0.6
logging-log4j2,bb220a0cb09523d5a2c129089d5cd114a80d0afb,0.1477,13,88,3,0.2
logging-log4j2,23731ded060be8adde27f83f604f98ad7712abe3,0.1494,13,87,3,0.4
logging-log4j2,1e77460e9260acfee68faa2c92886ca6dbfebbac,0.1512,13,86,3,0.0
logging-log4j2,817d89838afea77e35048cbc8da7a5df38a0076a,0.1529,13,85,7,0.0
logging-log4j2,16e7ef70ca44e0f403951fa9491ff3506139ee62,0.1548,13,84,4,0.3
logging-log4j2,c97864bb2ec22eca13f67081e6c68da3c701fc1a,0.1566,13,83,4,0.0
logging-log4j2,d40d24c8419278c2bccd9747f465875f5d998efb,0.1585,13,82,0,0.1
logging-log4j2,ae159dcf8dbe6d1983223b953550aa98ddf88cf6,0.1605,13,81,0,0.2
logging-log4j2,f5d0433b81d9d95699fc9c13a42a0eb76a6401ad,0.1625,13,80,3,0.5
logging-log4j2,8a149a1060b4010359aff94bf2eb601bac8fad7f,0.1646,13,79,0,0.7
logging-log4j2,5fa1ac1dde80ca4eb608acb5517ee4d60018fbe5,0.1667,13,78,0,0.4
logging-log4j2,a9069ad0375c0f2ca35d76336dd7d69e9c935cf4,0.1688,13,77,3,1.0
logging-log4j2,7ec63ce9b1eb0aff62777a559732382a959100c1,0.1711,13,76,8,1.6
logging-log4j2,213ad7c4f8efd7ce3ca89db969ef82e279818634,0.1733,13,75,11,1.3
logging-log4j2,a107355edc95911622c1f642d1f5ac775ae3d53e,0.1757,13,74,3,0.2
logging-log4j2,467142097fb973900a9dc6e31c3c019d6a9a82a6,0.1781,13,73,11,0.9
logging-log4j2,822f106382180fbf3c0d36fde71fe8ee5bdc04b8,0.1667,12,72,12,4.3
logging-log4j2,a559d5caf300daab8d4d9d0ffb7527628e2a9c0b,0.169,12,71,3,0.5
logging-log4j2,e7bbd27fc3143c5dda2dfa7d8ee553872ef5e2d2,0.1714,12,70,7,3.1
logging-log4j2,6fb6b708ae895aad935b1690307b958c26111c3c,0.1739,12,69,11,4.8
logging-log4j2,8f5ac5307d5917549f9ac4f900b154604af18eeb,0.1765,12,68,1,0.8
logging-log4j2,41ea561fb817c39d83a8dc95be5676a0ab8cc30a,0.1642,11,67,10,52.5
logging-log4j2,090aca8fb841007c72d354d69efed339bb949cd0,0.1667,11,66,2,0.1
logging-log4j2,8bc692211e3ea19b7cbb4918a6620be2c2a589a4,0.1692,11,65,6,1.8
logging-log4j2,463d484622c033e944a7cad1964f92fbb69c1aa9,0.1719,11,64,3,0.0
logging-log4j2,927251f9d7f31a9f394451c49302d82c0daed85c,0.1746,11,63,9,2.0
logging-log4j2,d3d3069a178e8ef6484d257b7be397fa40429685,0.1774,11,62,10,2.2
logging-log4j2,45a7da2d27df625855f3b0529a716ee931cd987f,0.1639,10,61,5,2.9
logging-log4j2,e9b9ad9f1c1af8513b824100c046a78545527cd6,0.1667,10,60,4,1.0
logging-log4j2,5812bb56f0fb1994bffbb1e9fc27e859d1f7cd0d,0.1695,10,59,1,0.4
logging-log4j2,7994789d2d2cf85dcbb6518d36693d18082961f1,0.1552,9,58,5,1.3
logging-log4j2,16bcf3f0711bba2140b68f969cf64e9c5c446fc4,0.1579,9,57,3,1.0
logging-log4j2,4d9b9f3b66f9c816b876fb23c38ae8b45411ddf9,0.1429,8,56,4,1.3
logging-log4j2,c72522f426563139f952fccc2e87b6c10e380e79,0.1273,7,55,6,6.7
logging-log4j2,557a4c87597895beed9d9861d8dc1a3e9f6ceb65,0.1111,6,54,6,8.8
logging-log4j2,3c6fa163acb5598c7da44238a9154ed7f503f629,0.1132,6,53,6,24.2
logging-log4j2,ca59f13c6b30ed68b195209f9c73ad7f03093001,0.1154,6,52,6,57.8
logging-log4j2,350887ea8cdc309dd9813c028ae65f75f61e2913,0.098,5,51,5,12.5
logging-log4j2,3832ad9b31d3549f443bd2bd4b76c400cd47a8e4,0.1,5,50,5,2.7
logging-log4j2,498bdb579a42c52542caf650bb4929dbf80ac8cc,0.0816,4,49,4,3.2
logging-log4j2,01f59e4640b78f251813d712cc011686907de557,0.0625,3,48,1,0.8
logging-log4j2,a4ef9a1de092e8f4748716e62dff0d6972c1bcb1,0.0638,3,47,2,1.9
logging-log4j2,1db38fc42fac86f8da408e5450b0b3069ffe5caa,0.0652,3,46,1,0.0
logging-log4j2,cc0bf0b46232a88dc7b83a68183f6987b2809422,0.0667,3,45,0,1.2
logging-log4j2,e15d0c7126884f67dd81067e4bc939631a38ba26,0.0682,3,44,1,1.8
logging-log4j2,37d47a62a779d2d1a6f30a943ba7d95f876aead0,0.0698,3,43,1,0.9
logging-log4j2,3ebff538cf2c1cb6f4fef2855c7fa57386d4e80e,0.0714,3,42,1,0.9
logging-log4j2,d18e9c951723fe1908f4a9d3c8078ddb18d0ef03,0.0732,3,41,1,1.2
logging-log4j2,56eba730fdc36beaab05f6e9077f752d138125f1,0.075,3,40,1,0.2
logging-log4j2,8d56062ceaf7c85c422898ca363775ac0f205256,0.0769,3,39,1,0.0
logging-log4j2,8b9e0e36fd1d43da92d7054fd8b6692ca38108b2,0.0789,3,38,1,0.4
logging-log4j2,1279847e7b8293c03d9a97f92984770af3099baf,0.0811,3,37,1,0.1
logging-log4j2,13e51b2681ab40d45ec09f44a206576868a29d3c,0.0833,3,36,1,0.9
logging-log4j2,e5a3b9e1ce8c660631c85ad4e501ad2bf9f7fbe8,0.0857,3,35,1,1.4
logging-log4j2,0f8a24f16011294fc0b103a0b930a3a11c0f933a,0.0882,3,34,1,0.7
logging-log4j2,138cb1cecf44e1e812631643457e7e9c934aadf9,0.0909,3,33,3,1.9
logging-log4j2,4e820ca56d35423e993433c55c0d0eaa2c0cbff8,0.0938,3,32,1,0.5
logging-log4j2,090d63ad192d3fedbde20aa4578ebab8571c29e9,0.0968,3,31,1,0.0
logging-log4j2,7ab63d49d935d481048f78d7a80bb2be13da2693,0.1,3,30,1,0.1
logging-log4j2,e0f5ec45099de8cb669c8b8327bcb9f003d3edc0,0.1034,3,29,1,0.4
logging-log4j2,cc215c76d41f8eeb6e8a273c16387a194b63278e,0.1071,3,28,2,1.7
logging-log4j2,4f793c00fbc90390b5fe075d5e8840574b0fd03c,0.1111,3,27,0,0.1
logging-log4j2,6146960e01d3bd694a313b9be29dccea5aa8e7e0,0.1154,3,26,1,0.0
logging-log4j2,917afad567fba5f14de59e4118714b13ca250295,0.08,2,25,0,0.1
logging-log4j2,b3d6a39b00b167ce1e56c2a03e2e4512ef991f08,0.0833,2,24,0,0.0
logging-log4j2,93f55f378d72e806ac0672f88d24a908097d654b,0.087,2,23,0,0.3
logging-log4j2,d3d4d7dd962df389465e4cc37c76a82c4b408c17,0.0909,2,22,0,0.7
logging-log4j2,7a1cd3a3855562fcef9b144a4931541211f51fb6,0.0952,2,21,1,2.0
logging-log4j2,4d4cc8941d708ea8c42d4e48cd374eaeef6c1110,0.1,2,20,1,6.8
logging-log4j2,486823a6a23fbbd56f2b38415635c072311c66cd,0.0526,1,19,0,0.0
logging-log4j2,04ac7e2ae7376026bd13e0c6939954d040f3bb78,0.0556,1,18,0,2.4
logging-log4j2,a12913d7ca2c109e31cc2c65eca1631d8b0d6d81,0.0588,1,17,0,0.6
logging-log4j2,6b5a80ab8ca417c577075f0cdd8849f368d442e6,0.0625,1,16,1,5.5
logging-log4j2,887e028a1521f6696b399573043b558495191b4e,0.0667,1,15,0,0.9
logging-log4j2,39501130fd1f7b588b262494b759e2a4a59a2a32,0.0714,1,14,1,5.9
logging-log4j2,2e5b2591913af0d43cb9f781f35466ac2da9f202,0.0769,1,13,0,8.4
logging-log4j2,60626cc21ac2613d9048ac675d98dbd41fbb1be0,0.0833,1,12,0,1.3
logging-log4j2,e481e456a0bd8aef10e0059dae5afc0cd1770ef0,0.0909,1,11,0,0.0
logging-log4j2,64ca77997bb0396a4572158e1c88085c5a16fc54,0.1,1,10,0,2.1
logging-log4j2,707e03bd39a25f8b70a37fcfd4de52e1953e207b,0.1111,1,9,0,4.4
logging-log4j2,6d353ff2e80421890d5d7c3cab7ea9973bfe457c,0.125,1,8,0,3.5
logging-log4j2,02be6e1fdefad83647eac0d8cfeeca4487996823,0.1429,1,7,0,17.8
logging-log4j2,6b2573a13a4b3044617c46aaabd91dfff3419b52,0.1667,1,6,0,2.4
logging-log4j2,91e3cbc628e79eff043b939f2c7b44375b7065e2,0.2,1,5,0,9.5
logging-log4j2,849fdb8f8e419c2b9536c5c804edee73cb0f0c1e,0.0,0,4,0,25.6
logging-log4j2,c2ca5ee6ced626f26d2f254ea717fe9892c3c0e8,0.0,0,3,0,4.3
logging-log4j2,44dff9a3ccbd63dd179cac4af1f831b3a0412ecd,0.0,0,2,0,5.0
logging-log4j2,3250c19fa6d137ee733e8b55afe54afa88a4afe6,0.0,0,1,0,1.3
logging-log4j2,27c0f862b602727c2a751f8da2733e53d48425c9,0.0,0,0,0,6.8
maven,dcc916a9e3f6e9c06cf5987f0af2a6210c9bac7b,0.1915,9,47,0,1.3
maven,fac10d2c91dfb37be05e60313b8204457de05477,0.1957,9,46,2,28.3
maven,6c343136b0ae03dba591d110dca0defc6b1239b8,0.2,9,45,4,5.6
maven,ef62d7a4bd57cdd315dfa187780790e3449321aa,0.2045,9,44,5,1.7
maven,ef313b620cece6f580552b1074813fe960a5d75e,0.2093,9,43,2,11.8
maven,976a706ddd938d61aea3e3b57cfc6333ade58230,0.1905,8,42,1,7.3
maven,26f1e817449a97af5cea35183494df45c05a03fd,0.1951,8,41,6,3.4
maven,06c32178993e7e6ecee487831873a5e568b4643a,0.2,8,40,2,5.3
maven,24697184cc3a0c4aac7c46498038ecaa9a2d8025,0.2051,8,39,9,8.0
maven,8913502589acbbd51f5403666c239633c5e06f2d,0.2105,8,38,2,12.1
maven,789d75fc68365e0a1281a3532a07e2e744a76b30,0.2162,8,37,9,71.9
maven,f2116001b9cc4c3f1a0f389260422f015b1d84c6,0.2222,8,36,4,39.6
maven,b373bb06e8c539622569b41dedc3402441b56846,0.2286,8,35,30,92.9
maven,c7aa002c749996f46ae04f1d1c1e1390b7374f7e,0.2353,8,34,0,8.5
maven,430152c1e565f1b8e29221e4fbb66843f4b83e2d,0.2121,7,33,0,14.0
maven,c82409a2d843427ceceb9a42b0a4dc46cc4637bd,0.2188,7,32,28,82.3
maven,3d76faed001b260737cc89ba968d7d0e64938ecc,0.2258,7,31,5,16.5
maven,cd34b08df1f378b44fae3d8020aa1fda8089dc79,0.2333,7,30,18,1.3
maven,909fb7c59b87286b6eae36195f65db4776ccf92a,0.2414,7,29,1,26.6
maven,6a93bbea23e362c9cea7d710a37556258c2dbd47,0.25,7,28,24,30.1
maven,abca6ab6e2508860fb30d6e51b668c6c513e3d9e,0.2593,7,27,5,1.2
maven,862c84a52b9ae9b88bc9a6cfa256852532d02a9a,0.2692,7,26,5,9.7
maven,529e8a62049d009a800cbf0b37ca348abaf9022d,0.28,7,25,1,5.4
maven,c6c5192d4bcb50c1aab6fade53dfb9c2f3d9b7e7,0.2917,7,24,0,6.7
maven,a2abd39e211900a652052ec4e48b8c60519ef70c,0.3043,7,23,1,0.1
maven,0499d1d36af9be8a31f2e8f7c36ca8946b1862a8,0.3182,7,22,1,1.8
maven,90142e9780ca57d4e0e3dc7d6ad2b2a554a174d1,0.3333,7,21,1,1.7
maven,b4a77803502321e19f227110d52e42bab7ccf5d6,0.35,7,20,5,0.0
maven,3bf568eda60b9f5f5fab21599f7c2d2e662a6ca1,0.3684,7,19,4,7.1
maven,0f265210df35cc0f120a47a6869f6ede30287617,0.3889,7,18,6,3.2
maven,6125acf1c4912a20a7f4753cd4baf2dc642068fd,0.4118,7,17,21,7.4
maven,5691c6e272e1317afdf33897adb4bc7b221bc0ee,0.4375,7,16,4,1.0
maven,5cfcb2f5b0ddb6571283b7086b9a8ff9ba531726,0.4667,7,15,1,2.0
maven,d92f6ee23b80b7256edc8daed7e03a51ee03cef0,0.5,7,14,1,0.9
maven,eb164f514caf30c2a2e7e23b970f5eb3169f9624,0.5385,7,13,7,4.2
maven,2d7069b6e35844207b77d59674e87660fd0061a9,0.5833,7,12,6,0.9
maven,f50ae7b059fd52f1f5a79a79d9eb9ea803918638,0.5455,6,11,48,5.3
maven,2ec0a6b69fc699f4f75a5a69bf94b6cc1799542b,0.6,6,10,4,2.8
maven,ebf2e4ddeaee2c7634a66b7c08bf4bf197768896,0.5556,5,9,51,31.2
maven,d659d21df1598ad98075222c1657400a0c17f1c9,0.625,5,8,4,7.0
maven,137cbd8a9772343f5fa5e48ca0a3cce4fe8e4331,0.5714,4,7,42,0.2
maven,8181e7c7fa2ba104187710175c02ad2d042504b9,0.6667,4,6,21,80.9
maven,27ad9858d215e40ab4853428c144554ae1bbb981,0.6,3,5,15,515.7
maven,38d132b64d0e176456b9720f5acf56ce7decf457,0.5,2,4,6,93.0
maven,2eea7d9dfc797fcf37544f7a2c7d0b76f9377781,0.6667,2,3,0,0.4
maven,af88f8500d5ba23a6b68773e12f38e832d0d7ea9,1.0,2,2,0,3.8
maven,1aaf64552ffbe56f430d9fbadaab81eb94cac728,1.0,1,1,0,1177.0
maven,d5fcfe0e19fb6de2c1f26b6d9b4188c2584621ac,0.0,0,0,0,82.4
httpcomponents-client,6b410fe0e7fa3aff8484b0888f220f7bd526bcfc,0.6667,2,3,0,5.3
httpcomponents-client,102ed1e844b5b0a811f221eddbde539e68450731,0.5,1,2,0,18.8
httpcomponents-client,1b1d692a3d11ca6fe7c36fb7237a9c2f0fe73dcf,1.0,1,1,0,2.7
httpcomponents-client,9e544545307e2c0d7126c59928c63f8864c9da77,0.0,0,0,0,17.8
commons-compress,c967cd5bd2b0d99dd997e49f1da0655dc55d7ea2,0.1074,13,121,7,3.3
commons-compress,b37c85c2e3a01afcc0220fa4ebcf4916ac6797ce,0.1083,13,120,0,0.8
commons-compress,5caf2217ba31c0987963083b04439a8eb563e2c4,0.1092,13,119,4,5.1
commons-compress,6b902dead33799ca4a57ce01682302bb3bca00f8,0.1102,13,118,5,0.6
commons-compress,2d53783b6138c5901bc9e016a7fa21bd9cf6c307,0.1111,13,117,4,3.1
commons-compress,e61cd62b2eb28783afc7057041c27f20a4b7e08d,0.1121,13,116,7,4.0
commons-compress,4dddd4973ff2ce7f149e61e80e762f558b2e5379,0.113,13,115,3,2.5
commons-compress,7c188c64246dd35cc4f4af59bec504949fae7a07,0.114,13,114,0,1.5
commons-compress,7c98169541e3b5c62ce47926fbc0d317573c3116,0.115,13,113,0,0.9
commons-compress,1346ce40094783007df65d473e493eb16a04d955,0.1161,13,112,5,2.0
commons-compress,d224f6317d6dce0a295d0c4f661c87243f62d71d,0.1171,13,111,3,0.0
commons-compress,af0392c6da4e4ea47633401fc7a93d59d0ae8f0c,0.1182,13,110,0,0.9
commons-compress,c0b40d5735ae1e8edda06b0f6548dcc6fb12ba97,0.1193,13,109,0,0.9
commons-compress,dcc22793ef2f11409c3691a7df4dc6767a5ff36c,0.1204,13,108,0,0.9
commons-compress,694a3b37e9aaab752a609e73b113c625f2b62d45,0.1215,13,107,0,0.9
commons-compress,ebf832f7b2750ac554e495d4e55ea430fec4d7b6,0.1226,13,106,3,2.8
commons-compress,055c5fa14ef0382de61192cf1181e57b47654607,0.1238,13,105,4,0.6
commons-compress,98907c37cbdd02fcfdf8137be5921fbf1f18dff9,0.125,13,104,4,5.2
commons-compress,0f0ac4afc3e5a2e31cfe47e25cc98a192c38baba,0.1262,13,103,7,5.9
commons-compress,cf33cb22711fdcb3e55c6d0196a92dd7056542e4,0.1275,13,102,7,12.2
commons-compress,8c8b64f06cf312704687cb2e3fe8b15c75821802,0.1287,13,101,7,4.9
commons-compress,01e80d89baf153342c2340aaaa5151f76623721e,0.13,13,100,7,4.1
commons-compress,3f3bc678d3975b8214e419c7127d831f91d7628d,0.1313,13,99,0,1.9
commons-compress,5359aacefd98b32abac3020708442965466566d2,0.1327,13,98,3,5.3
commons-compress,59f3af555c59960180d93214527a42538425fd15,0.134,13,97,4,0.9
commons-compress,52b2f468a45e4b6a445a08172847fb1072a75932,0.1354,13,96,0,0.8
commons-compress,6964311b2bd7b915cb9779936ae70cbe1bcc1b70,0.1368,13,95,0,1.8
commons-compress,1acacc6a2cbbbbf83e19d15333a6334c304f369b,0.1383,13,94,7,2.6
commons-compress,6dbf1caa8dface9f0c443cc5b1c1644784370371,0.1398,13,93,0,1.5
commons-compress,81ac94151eedc61c2131239362a051e30c5e9e59,0.1413,13,92,3,0.3
commons-compress,e06d2e37fd2eb8c8a5037290ea76f91cab1d1f3e,0.1429,13,91,7,4.3
commons-compress,351cf8263a129c335b4bfebfad182f71d01524a2,0.1444,13,90,7,0.0
commons-compress,1db4e1f8633638ac75695a997c16e219354cab11,0.1461,13,89,7,0.8
commons-compress,67b9dc6de1146dafa8d6d7aee8682bb0b57665ba,0.1477,13,88,7,1.7
commons-compress,17d284175569bccd3d9610ae2081d8e72d728849,0.1494,13,87,21,3.1
commons-compress,2580413ebe6fe1600be87d0006ff8a63cab0e89e,0.1512,13,86,4,0.7
commons-compress,656d74d574893ee22bd5cca3f2449a44886f6e31,0.1529,13,85,23,65.0
commons-compress,a11fa2e394edb9a78254f76d943d0249e637bc2f,0.1548,13,84,3,0.6
commons-compress,10bc9ff2ec8ecfdddc86d15a346a3f3db7b302bc,0.1566,13,83,4,0.8
commons-compress,2de9f673e91558f23bb2e5fa04ed36ea332b6c8e,0.1585,13,82,8,6.2
commons-compress,90b12d7c1ce6b3f0ea6cc10a69d2a9b12e65a04c,0.1605,13,81,4,5.6
commons-compress,63726bfadce566721cc166f43efc837b449d1a29,0.1625,13,80,7,4.4
commons-compress,6f5308a303d26f87b16da8213629f8d7bcde7d08,0.1646,13,79,0,8.8
commons-compress,974cd4675d7328f7be398bbd08fa6a19fb375ef8,0.1667,13,78,8,3.1
commons-compress,54b8ab5cbf4a280d067c2f01b7d8fd18ec7f1bcc,0.1688,13,77,7,9.9
commons-compress,d4aaa5dde7efc66fb7f9d7300f67a56d4464c5b0,0.1579,12,76,20,619.0
commons-compress,e5f58016675a173eda5e4c748582af7d16eaca02,0.16,12,75,0,0.9
commons-compress,33d3833b9fb9e0c392fb42efa69d2b24d01384b2,0.1622,12,74,3,2.7
commons-compress,b69c6178814f0a8b9e0b61e06046c5e5089ec764,0.1644,12,73,5,0.1
commons-compress,d59a74fa9662a1051bf7e74dd3bdd1263b2b8de8,0.1528,11,72,3,35.0
commons-compress,ae113d98b9b73bc769a902d088b1b694027f8224,0.1549,11,71,3,0.6
commons-compress,ced7f897fbcf833fc2c10f57f05b08489051e40e,0.1571,11,70,3,3.7
commons-compress,9248afd69833a55004779a4273c800e3240a0b69,0.1594,11,69,3,0.0
commons-compress,51735be0e470098941e3a5aeebcf74b12902cf00,0.1618,11,68,3,7.3
commons-compress,b0bf28a8ce852bccfdd0b0dadbe5164be18bfdb8,0.1642,11,67,7,45.2
commons-compress,edb48b39749e03b44ff61cb1494225017df37652,0.1667,11,66,3,11.2
commons-compress,76ed54de269f3854a18e26e7610a783bceba1268,0.1692,11,65,1,31.1
commons-compress,bce1af06f799943cd5d6b99a7ef4ff60e4c48937,0.1719,11,64,6,20.4
commons-compress,e7cbb63081956e0a9660cbcb71e14516d3e76390,0.1746,11,63,3,0.2
commons-compress,a3a7883556b2b035074c3260c50247423cb4a6df,0.1774,11,62,3,6.3
commons-compress,9ddce502c5161baf301130621c4b85de92b462ad,0.1803,11,61,3,0.2
commons-compress,c754db31c66eee16e4839dfe58686f57e8cb189c,0.1667,10,60,12,294.3
commons-compress,79284823dbbd92f7cc612936c38162e477edf932,0.1695,10,59,12,97.6
commons-compress,8225539a5d0e817c8afd70710a966ff6c8b2c9c6,0.1724,10,58,1,0.8
commons-compress,93aab64df1cbff990057677af33990be971b4f58,0.1754,10,57,1,0.7
commons-compress,8fc60bfca3342f2bfe1a756f71761222fa2c4106,0.1786,10,56,1,0.7
commons-compress,e404cbc025fe0c895d9d9d6c349f106af6d4f49e,0.1818,10,55,1,0.7
commons-compress,8f46229d3bbc449fba7cee39fd1811f42f008764,0.1852,10,54,2,0.0
commons-compress,648602a8d69d945e8b06f4a0acdaf30eff972434,0.1887,10,53,2,0.0
commons-compress,a1a3bc93dad7c827ea73cb94c24739ed048b77bb,0.1923,10,52,2,0.3
commons-compress,464ba19a1f41f66830a18bef6910c825c957ddf9,0.1961,10,51,15,19.2
commons-compress,8c42e2b53e2b8da6d0856a4cba320b971c5295f5,0.2,10,50,2,0.1
commons-compress,9b2e7874216392829f4feb261aefe1fa2deeb2e5,0.2041,10,49,14,306.9
commons-compress,2840244821cb038aa2a6c48c8a69d0acf0b27bd4,0.2083,10,48,3,4.7
commons-compress,5964eb4775bd8d974f171d051eba6c8a0ea08d58,0.2128,10,47,10,46.9
commons-compress,a212dd4c4f41321a079f19c51531e2158ca5218f,0.2174,10,46,1,1.5
commons-compress,eb79e1add65f88072c1bc47b77ee4c388afe23f6,0.2222,10,45,1,1.5
commons-compress,18fb261d0bbbb8cc52483267213e0d2ef4c43de7,0.2273,10,44,0,0.2
commons-compress,09ff001008de7397b59b4381b633564dd77427a7,0.2326,10,43,1,9.4
commons-compress,988f970ba5e407d0c7bc217ec9f2082e47145419,0.2381,10,42,0,0.8
commons-compress,9ea37ac9f06cc7c059a7389c6787d6e7ef4b1b0a,0.2439,10,41,4,38.8
commons-compress,3db76a08e7df0aa7a844da8f78584ccf65389b9d,0.25,10,40,3,23.7
commons-compress,a4ee594d146012bc05d84147a1cd3cfbd7598fc6,0.2564,10,39,0,5.0
commons-compress,6eec951cf160b526e5bc51921650ad6166485ebe,0.2632,10,38,1,0.1
commons-compress,2dbdb7b8278e4e9df0a3754b7335325e6e275155,0.2703,10,37,2,16.1
commons-compress,13cd268a4c99045a32a30ef5dc3d63ea04477d18,0.2778,10,36,3,12.5
commons-compress,03b7d1ecec4811fe7e6ae63eacb1e63291eaaf6e,0.2571,9,35,9,55.0
commons-compress,95140bd9675df0284e97706c1b48d34e339738c9,0.2353,8,34,4,31.4
commons-compress,b507be8f0b8ad9fce82bfad1cb25bde069d2c045,0.2424,8,33,7,57.1
commons-compress,898e57b4dcd0f13ba7253398ac224da581e043e9,0.2188,7,32,2,22.8
commons-compress,575f0eb67d04d524872435f610d445c4d96597c1,0.2258,7,31,0,29.2
commons-compress,a7a95f04bfe2c0a855ff3081099f0ef82d32f35a,0.2333,7,30,0,3.1
commons-compress,b5401c47f8bc8810b6c404864743d250b2ccc201,0.2414,7,29,2,3.9
commons-compress,67c2f681a2966adb2c694bccb33f3d626cf4048a,0.2143,6,28,1,3.1
commons-compress,0c644264e0788d514c5e5b357eeb611ae06b162a,0.2222,6,27,0,3.1
commons-compress,b18ef2a10393824bd9a79c908bda656de4d45006,0.1923,5,26,4,6.1
commons-compress,920831594efc8d25fd280d79682e9aa9aad22f23,0.2,5,25,0,1.9
commons-compress,469752132b291f3174af9679a5eb858aa7c1a04f,0.2083,5,24,0,3.1
commons-compress,5def510d00f73b25db8ce44303df49050f99dfbc,0.2174,5,23,7,6.2
commons-compress,00b5e3911a774af003b7d7291c147fc50bc21c32,0.1818,4,22,2,0.9
commons-compress,3ecbdd79ee964d325b7ce8a1ca982935cc7d92f7,0.1429,3,21,0,10.2
commons-compress,7b5816d968d05236821832aecb071e891627ea4e,0.15,3,20,0,11.0
commons-compress,99bc508220672ac501d72e9c0b4271e0b9fa2955,0.1579,3,19,0,3.2
commons-compress,bf85a64aaee3abee6f25f031862561162a613dd9,0.1667,3,18,3,0.0
commons-compress,b1e2a02c09936e604d8f5259ad7a0cf9ab99e55d,0.1765,3,17,0,6.6
commons-compress,b7b5e5e873b278030c2a98b08e9eaf54afb0715c,0.1875,3,16,0,4.8
commons-compress,ad634c0c24e883ec4ba509122df4679c2245e37b,0.2,3,15,0,12.0
commons-compress,cd47ed96ae57fda2d2db142d6f2c50bfad8e5f9c,0.2143,3,14,3,66.9
commons-compress,1c8ff15c8223ba13d0585c9f627feb3270e52aee,0.2308,3,13,1,15.4
commons-compress,b38b413490d64e1fe49322978375722425d78f80,0.25,3,12,0,25.0
commons-compress,b885ae59abb25eb8b86f0649fbdf94515a9030bb,0.2727,3,11,0,2.2
commons-compress,386cbe49133277aa926349db23e38681623d0100,0.3,3,10,3,0.9
commons-compress,a2c9d1b0df6834cdf09be967e3a093c473eadcc8,0.3333,3,9,3,1.6
commons-compress,8ba08d8e1345b6db253ee305f9270b6fadd66779,0.375,3,8,3,0.4
commons-compress,55960b16dd08b9833e33c8927399712bd9beadb9,0.4286,3,7,3,1.0
commons-compress,41556704f705764fc0ef179421f39242c00f66bc,0.5,3,6,3,1.0
commons-compress,cae9cf85d337769f3f3fb228d203b9d7d10dd7bd,0.4,2,5,2,1.4
commons-compress,45ac135ea4189b9974f0336fb26cce3a964fe54f,0.25,1,4,1,0.6
commons-compress,393d3ee50e82508a205b4737921819d225700040,0.3333,1,3,1,1.8
commons-compress,576c408ea92683ebd4e20118c4d2ec05cb8a58e2,0.5,1,2,1,2.2
commons-compress,2916d38e0135a8ddaedc2b319587078d7baa52d5,0.0,0,1,0,0.6
commons-compress,ae2b436727f218ee2b05b789e67f077a71d60869,0.0,0,0,0,1.6
commons-csv,d83c1b816d1acaff558bcf09291cebfd69958b65,0.0129,2,155,0,4.0
commons-csv,515899a563b01cefaabc4033af8422e535337181,0.013,2,154,2,3.9
commons-csv,08d5d618893d5ee64f3f77b2bf210d18b14a454d,0.0131,2,153,0,5.9
commons-csv,09c3699cbe632d8b60c8d96e7bbcc2d077286fc5,0.0132,2,152,2,4.0
commons-csv,1dd04be72aca30f13ce6f3b434c9fccee98bd8e5,0.0132,2,151,0,1.9
commons-csv,f25f3d5fb5b8332e9759dd34ddbdeefc9bcbc5c4,0.0067,1,150,1,2.0
commons-csv,6551fc4dadfdf68d4d54ea568476727a7a4cb901,0.0067,1,149,1,4.2
commons-csv,d80a832083c3373f33dc9eeb8098218d3ae92923,0.0,0,148,0,4.2
commons-csv,7a4f93f3d13218a74dce0c8d8b85af4b341ac3ac,0.0,0,147,0,4.2
commons-csv,2cded6735c0dc296b8726b80b9178821b78d42eb,0.0,0,146,0,1.1
commons-csv,6d5993cb89f4f723ae416123b20f361bd863c484,0.0,0,145,0,0.1
commons-csv,a503099b94bf7b44972c476326111e350ff2e9be,0.0,0,144,0,7.1
commons-csv,429ca8c7d1b766be8b80f66f85bd3d103f0c9b29,0.0,0,143,0,1.7
commons-csv,c043c29d1179f59b4ec62f2fdbe322f401f5fe79,0.0,0,142,0,1.7
commons-csv,8f6a187e9555f2b27e82c88a97f736f703f4ccc1,0.0,0,141,0,6.7
commons-csv,ac1384c66a617b0252ddb71a4545c42db363578c,0.0,0,140,0,6.7
commons-csv,276ccde95baf2063aaec1f23ddef713a2660f868,0.0,0,139,0,5.0
commons-csv,7271adbed8c15045b39f241658d34751e16a1d11,0.0,0,138,0,6.0
commons-csv,8d4322f22eef65acb1de2928f0dcabc3f9eec6a9,0.0,0,137,0,4.1
commons-csv,a8638efb3ef6a75692f8a16ce48947ce554e04a2,0.0,0,136,0,4.1
commons-csv,4df3230f5ce159040afe0635104f5c1995da4939,0.0,0,135,0,1.9
commons-csv,37d61237b899c58ee21a9a4374119a9d81b3ecba,0.0,0,134,0,1.2
commons-csv,043dc77e12b19c382cbf1fae9e7b038dffbbfdbb,0.0,0,133,0,1.2
commons-csv,37ef19517cd274ad98c2f5655f3337f7e4485a90,0.0,0,132,0,7.0
commons-csv,6d4fae2af99a4076e526057aa130291f9d6e4985,0.0,0,131,0,7.0
commons-csv,351d0e6d7464d97a4921a4e8f5e356e560476dfd,0.0,0,130,0,17.1
commons-csv,a517750a7fd19a56060268b30626161cc302800e,0.0,0,129,0,16.7
commons-csv,4bcc0f192a5a3c4889e829edeb5144122cc70b97,0.0,0,128,0,7.0
commons-csv,f7d8d7e7bd9780423a0088a9b18b755ec714c5ab,0.0,0,127,0,7.0
commons-csv,1e2b43c1f2a374b2f4d9adc3ac42fb893465c809,0.0,0,126,0,1.6
commons-csv,7ecc088a9230ada76224456eb3383132d243259a,0.0,0,125,0,1.6
commons-csv,6e683b3ad6b9c9a11c82612c521e132e279dd280,0.0,0,124,0,4.9
commons-csv,77661749e56d7340f95de0480f0cd7d2d5f3bec5,0.0,0,123,0,4.9
commons-csv,6f446a96c8efaf498cd856aa2b34ec7120e2bca2,0.0,0,122,0,4.9
commons-csv,0fe30e4683a8382e946317c9599509f864513d94,0.0,0,121,0,0.6
commons-csv,fb383cf64fb0d408a557b4d7b3fa27a150392c9e,0.0,0,120,0,1.9
commons-csv,f7dfe3e72f085583e545f726ef8e1817a3d99c70,0.0,0,119,0,1.9
commons-csv,5f40584b2ce720d1eb6170d3839c413ed8d8564a,0.0,0,118,0,3.0
commons-csv,b63a788e2d88b873b5a3a9236640b7016bcd7514,0.0,0,117,0,0.9
commons-csv,b40039bb8bade1c1d71bce6ecc46479e53eeb76c,0.0,0,116,0,6.2
commons-csv,110fea83b8059dd13e9b081b72f114b6dec687d8,0.0,0,115,0,52.2
commons-csv,527cbc4e2eb4c5f72ae84bb1ac1f8d953b320736,0.0,0,114,0,7.0
commons-csv,403d77f3c2e1e91d77b154214d2bcba2cc57d97e,0.0,0,113,0,3.0
commons-csv,e559a9039e1bc9b5f8c8eab4f40f922d5b190e18,0.0,0,112,0,7.1
commons-csv,8e938a0c0b15c88fb2ff693a00d6d3885155d74b,0.0,0,111,0,1.9
commons-csv,a9b9bc4a9f506f9fda99efa560d1bc818e387b1b,0.0,0,110,0,1.9
commons-csv,b244cb146cb020193834d0eaca9f8fd041914dc0,0.0,0,109,0,11.0
commons-csv,ed1a8a92f3954407bc03a62a51c3e0e9b1de945d,0.0,0,108,0,2.8
commons-csv,de2c25db5c80171eb7209afdb62c2aded5e121fa,0.0,0,107,0,2.8
commons-csv,2e5b9645ff106b555831ee2b3c84fa04dabb1e34,0.0,0,106,0,2.8
commons-csv,2453d648dbc45fc8dc2b946f98286bd04dda93e9,0.0,0,105,0,4.1
commons-csv,811db7235a3c0f5e69df2d24792c1e8dd7e8dcde,0.0,0,104,0,0.7
commons-csv,5ca559f81c0cc43a3283c5511fe16f8b03759c64,0.0,0,103,0,0.7
commons-csv,aa9fc0d2c2e5b48e0a6cb8fdc71510daef54edef,0.0,0,102,0,5.6
commons-csv,97c6dd82bbb775336968bc4e843981fcbcf3044c,0.0,0,101,0,2.5
commons-csv,5d030e0b9f06f3e47d2f0f22f48ecb0669d10810,0.0,0,100,0,4.0
commons-csv,f4e3269626140684b58901db9b9cd233ac960c9f,0.0,0,99,0,2.2
commons-csv,decbfb3ea29521ebe49abe6a74f66ef39722a2da,0.0,0,98,0,4.2
commons-csv,925f5cc67e6f94ab8665341d77c1104bc46a4981,0.0,0,97,0,3.3
commons-csv,0d6113cea35cb21651f752ebbe6d37eb8c990207,0.0,0,96,0,3.3
commons-csv,0bb7767e55769415626daaa6f385339f73dadcf8,0.0,0,95,0,1.8
commons-csv,19a7e1e23b535a8ff6e7a2b328b90e84ca015aab,0.0,0,94,0,1.8
commons-csv,ee60ba6cb21e70ebc0902f0ee2663b34e00fedca,0.0,0,93,0,3.4
commons-csv,5d3bff249d7f8d6479ebb5fb8a1d0ef6f575b542,0.0,0,92,0,3.4
commons-csv,e80c4ba5b907be5dcfbc168f496f26874be96bb8,0.0,0,91,0,0.7
commons-csv,a4980da8ee4b5e8866d3eb07d271d8f0b5f3d28f,0.0,0,90,0,1.9
commons-csv,ab371497099d41b2c555af53e4b316eb372fd2d7,0.0,0,89,0,9.7
commons-csv,2edd228da455fc7d5be62313d03693a32395380b,0.0,0,88,0,5.8
commons-csv,47faf72c2374e54e5cec7640f75552d57a128a46,0.0,0,87,0,2.8
commons-csv,edf1bfb82792c0a708702fbc7fd5573d8bde3b93,0.0,0,86,0,2.8
commons-csv,e7d743b916cea8d725bf2d228b4e6ab87c89da0e,0.0,0,85,0,2.0
commons-csv,bef059b932fb1d35582103f7575bec0aee4cf21f,0.0,0,84,0,7.0
commons-csv,aba86f7e553bc7dc4b96884437089da98a816ed2,0.0,0,83,0,7.0
commons-csv,9c3e16900a9964622d7f77656bba164f662f4ef2,0.0,0,82,0,0.8
commons-csv,bd02352f88761da9613ffe80076adcbe016cd64a,0.0,0,81,0,0.8
commons-csv,4c186f27f7b340aa7d78dc68d380200bcb49bb46,0.0,0,80,0,7.0
commons-csv,8af37f7992e3e7fb37e0f2a5a9b02f27b9cb5e84,0.0,0,79,0,7.0
commons-csv,bea505a55b6ab3c4eca27f395b9d6fa6787d496a,0.0,0,78,0,7.0
commons-csv,36760506cae7b703ee7253ff43b592e5868151bd,0.0,0,77,0,3.8
commons-csv,5770cc07e351cc124d34a6049c59e9aea8885675,0.0,0,76,0,1.0
commons-csv,2abebaa74eb413ece7a56d86f826bc690ee26df9,0.0,0,75,0,4.2
commons-csv,4cf21f897d5da1c6a354f5f78595499bd39aa1da,0.0,0,74,0,7.3
commons-csv,f2ed1dbdc1b12a74eeddb9d936a4a02635719b0f,0.0,0,73,0,7.0
commons-csv,e1f94c15080cc5d136073cf76432503cf92f472a,0.0,0,72,0,2.6
commons-csv,2fed5f0cf893b72f089ca150511fe5d6ab6fa183,0.0,0,71,0,2.6
commons-csv,44be7bfb278556c9b003442851ed30e3b3327415,0.0,0,70,0,6.9
commons-csv,9c13806da113ca949c13541cf81738d60a31a9b6,0.0,0,69,0,6.9
commons-csv,173c25476056a4bb2076cec8e2628117cddf9cd4,0.0,0,68,0,6.9
commons-csv,c620c3f4b3ac52e78dd1b8dca6a1a59d41a81d97,0.0,0,67,0,5.8
commons-csv,a1f3603c7e5b5ba254c265289b23170257d87cfe,0.0,0,66,0,4.7
commons-csv,49ed389f3d9fb4c332586939ad41ec25aeb811b1,0.0,0,65,0,5.9
commons-csv,95177a52002d7cc6118f45ffe2621be6a3c513cf,0.0,0,64,0,3.9
commons-csv,14ca0ae93573f7075ba07ef72b8df7941a1ff37c,0.0,0,63,0,3.9
commons-csv,7b02f262f5bd969ac026a01f12222054549c8767,0.0,0,62,0,18.5
commons-csv,33e325ea112475b41a42e9eebb424fb18144375e,0.0,0,61,0,0.8
commons-csv,26f9bb6dabdbd23f4d6a816424b66cb51504bfd3,0.0,0,60,0,2.8
commons-csv,8ac9d6cc4b105feb0e694e4b88759b688b3e020f,0.0,0,59,0,1.0
commons-csv,345d72e8e56756d04d977682a14c13ec31e03d38,0.0,0,58,0,1.6
commons-csv,e9774d3d5dafc7deaf217072b73cab5ebada4840,0.0,0,57,0,1.0
commons-csv,63bcf6b6b9e2457e4889361f0621e469dae15870,0.0,0,56,0,2.1
commons-csv,e4ce1ff28da385bb69cba3114e3a391977878d3e,0.0,0,55,0,7.0
commons-csv,b8690ea34d624f4940709f4dc217ffb932f6ce8e,0.0,0,54,0,7.0
commons-csv,c2cf3057d37a8645234d083be4d5c4c5ab97ccc2,0.0,0,53,0,14.0
commons-csv,a33b24c26c2303af61cc7bcdf0fb94d62d3b19e1,0.0,0,52,0,14.0
commons-csv,f42982469b822e8fa8113fdfb8f71d775cefc7b2,0.0,0,51,0,1.1
commons-csv,76c631af6913ddd2b372eeb4fee68d61e86f5be9,0.0,0,50,0,1.1
commons-csv,b3679f4dfd52f2991775681c1d4c33896f88dbdc,0.0,0,49,0,2.1
commons-csv,efbfc16eaedcc9a2d2761bfeacaf85ba1b45790c,0.0,0,48,0,2.1
commons-csv,156f1f50714494ffd232019f66388877a60ee192,0.0,0,47,0,4.1
commons-csv,008269a7ea44dda0d743d5a10f175ad3628270a6,0.0,0,46,0,12.0
commons-csv,b4abb0155ea2fc1695251ea09d9bf34b4384384c,0.0,0,45,0,0.0
commons-csv,1e8014b27695a3c05f8c2c51f43ce1178ba652e7,0.0,0,44,0,5.8
commons-csv,082827ceef359ab4554721477bed8fe77fb655ff,0.0,0,43,0,7.0
commons-csv,676d654aeede73b7e2654235e0e9acb13e7ce5e9,0.0,0,42,0,6.6
commons-csv,ee849e5fb695d0d38fc06539d01a01c0aca64574,0.0,0,41,0,6.6
commons-csv,768fbdd70b3398e4ab2a43abd9feedfe2c0c9360,0.0,0,40,0,5.8
commons-csv,decfc1b77da7b7e9846697235b9aed4a998405c6,0.0,0,39,0,5.7
commons-csv,f596c7e07564f2944dc18e08b255ea136eb0c818,0.0,0,38,0,5.8
commons-csv,bc61b750d85e9ac1b4a45e210fad81498b7b8959,0.0,0,37,0,129.9
commons-csv,1842b788fd6bbcbc569b07b9f8a81a2d60c49f87,0.0,0,36,0,5.5
commons-csv,ba8ba605a07ff4986d3b58b9ca699d46daa4b6f3,0.0,0,35,0,104.0
commons-csv,b1bdb99c427716381eee074eba0450e5f9189cca,0.0,0,34,0,29.2
commons-csv,3b55ade372459326df04ee7f56388ffa86574a45,0.0,0,33,0,2.8
commons-csv,534916e25e9f4a519833ca7ecdfcf57d73ca3abc,0.0,0,32,0,4.3
commons-csv,fe4d75e87e3a9d1be92214a4530cdbce7164a9de,0.0,0,31,0,7.0
commons-csv,86b2bfa9c154c5a03cbe2b6dd9006956a8892aba,0.0,0,30,0,6.9
commons-csv,b358bbd958209b112513ae86b076cbcbf290cf6f,0.0,0,29,0,4.8
commons-csv,1cf6a1a26c60f57ffd31f51650692ed093ed6141,0.0,0,28,0,4.7
commons-csv,18bcd0d2332ce737ef64cfbf7a2b5b71bac9a8c2,0.0,0,27,0,4.7
commons-csv,1b62381d2d7f8600e6e44f7cb56cb4a331798a17,0.0,0,26,0,11.0
commons-csv,d7afefc766509a951df6969685d19eaf008d0173,0.0,0,25,0,11.0
commons-csv,4c70d5cf3f587f7c61fb0fabf9df481719f7ce9f,0.0,0,24,0,11.0
commons-csv,c5ac847b35732ce2cdc70c71d037c70cc227098c,0.0,0,23,0,4.1
commons-csv,4a865fd7f8fadc1b12d77ecabacbdc8cf2aab5bf,0.0,0,22,0,3.6
commons-csv,1b4e3af81aacc6a897bd4875d2deeb7858635dd4,0.0,0,21,0,2.3
commons-csv,2fff399d1af90c0c8cbd870c83af301025a521be,0.0,0,20,0,0.0
commons-csv,23c39b158e13ee835ae77ed3e39de0d54a0600cd,0.0,0,19,0,20.0
commons-csv,41a063d2cfd992d526db228e6a237fb7a57b4581,0.0,0,18,0,20.0
commons-csv,6d80ca8fa576bbdd46604b378d4078654d9e0346,0.0,0,17,0,0.0
commons-csv,d46919da2651a797662a937c9870cb04ac4037c2,0.0,0,16,0,5.8
commons-csv,ded226aae1ad36ebeedfb82900091e30b87b9149,0.0,0,15,0,0.7
commons-csv,2e851bc96029b60c2f7cbdb10ae1b99207fcda3d,0.0,0,14,0,10.2
commons-csv,019915bee292b6ed5897112031578bea16a59ca8,0.0,0,13,0,2.1
commons-csv,994407df291262aaf29c58871fb4c715f20fa03c,0.0,0,12,0,7.0
commons-csv,4d1290d1a0a2ddad68ab23f2805a788f12cd93ec,0.0,0,11,0,1.0
commons-csv,c7541b63443d5c30f81afdc39754b526ceb68324,0.0,0,10,0,1.0
commons-csv,dce2b545299bbf5a45a45ff3d8c9079f267ba932,0.0,0,9,0,0.6
commons-csv,3627c5ae83226dbe383ed8abb32c1e9c3f51cefe,0.0,0,8,0,1.9
commons-csv,d59f0866cee8af91d7391e613de353ae42a119c0,0.0,0,7,0,0.0
commons-csv,ee9b09e7502436f39ad21edf5425f32e3b2705a5,0.0,0,6,0,0.0
commons-csv,805d329bda8c322eabdd9fd821157ea011ee62e1,0.0,0,5,0,1.9
commons-csv,848c148b56caa79cf236728477def53eeda47e1c,0.0,0,4,0,11.0
commons-csv,f57be875117d56fa9a9a52026d9c7c2cb774b5e9,0.0,0,3,0,0.0
commons-csv,d32fae69d0575132526552862b386e96d97b420f,0.0,0,2,0,5.0
commons-csv,660f7c9f853092ec8abf5d6c81d260e3c80c2194,0.0,0,1,0,14.3
commons-csv,1521cc285daf9923d09bd112892647c60e59a750,0.0,0,0,0,11.1
commons-math,68163ff8f1b5474c65d6680cf27bef241a8cc51e,0.1724,15,87,0,14.4
commons-math,9ca9e7d7917560baf0f604c5e823114363be154c,0.1744,15,86,0,6.1
commons-math,af7e2c753c318ff85469653b1d6f9276282cce7f,0.1765,15,85,0,7.0
commons-math,9637854bc06acf73b5fa1e75215fa4ad6f4c0e01,0.1786,15,84,0,3.3
commons-math,b0656699578d564d6d55949d415686e4085654a5,0.1807,15,83,0,14.0
commons-math,8e8e80efb77e8e6440f95427cf19c8abb7a51e91,0.1829,15,82,0,7.0
commons-math,ffe022284442f8da651dba52963303b789368d77,0.1852,15,81,0,7.0
commons-math,fc151828844ebb7335d738cdf2d95fa47bd1adcd,0.1875,15,80,0,7.1
commons-math,bde0f3d787cfca7ad48569fa841675da381562c9,0.1899,15,79,0,18.0
commons-math,96a5c3af4ff6f59f894874ab252944efa130f9a3,0.1923,15,78,0,3.9
commons-math,f6ffde98b9fa09acbf8bd7d0a64a04c122a5f2e0,0.1948,15,77,8,7.0
commons-math,6c97f033f4c3adc3d0f692ef30f2d19d77f88e49,0.1974,15,76,0,4.0
commons-math,aed06726224122b483bdd31b60b1bc62c1873d98,0.2,15,75,0,7.0
commons-math,f83ac78c27c3c34732517e118ff20ab24b8fa862,0.2027,15,74,0,7.0
commons-math,8dad3b8b5fad8b13f23843b93c36b4ffc9f097eb,0.2055,15,73,0,3.6
commons-math,b0e7c4678fb2c0d16d65bbaaafcc22fd18483dfa,0.2083,15,72,0,3.6
commons-math,03edd659394ecbe44e7903007366fca4814cdd6b,0.2113,15,71,0,3.6
commons-math,b8bc7590a3215b4b4872208ccfe7b2a64b35ec49,0.2143,15,70,1,0.4
commons-math,d961ff2f4d2adfa537e361c24082628fa866d855,0.2174,15,69,0,16.5
commons-math,506d4bea15a1d8845b4ba254899d9b1bf9a5c953,0.2059,14,68,9,8.8
commons-math,5b291c795051258a455fa65462f35c78f338f7d3,0.209,14,67,1,1.7
commons-math,f466637d82930c0104c1fd0dcc8e179a4ce9b98a,0.2121,14,66,0,3.0
commons-math,26fc13cf66c066ffa96f509dcb54e2dd77a34e78,0.2,13,65,7,0.0
commons-math,de99fd0384f0101beeb47433ee8be89624bec9c5,0.2031,13,64,7,3.9
commons-math,c98e638d7313fec1cc5808cfaa18b2bceaa9864c,0.2063,13,63,7,2.5
commons-math,9f92370627346243071b7424f581ed75f924adc1,0.2097,13,62,0,0.7
commons-math,b7dd3fd3d11df92e3f653f001e1a924a9fc49b73,0.2131,13,61,7,57.5
commons-math,830f1d1443b21bb17f76fba84eb1170d97ba369a,0.2167,13,60,1,24.9
commons-math,a9645dbc0249a3d1e477e0b81821beac3fe4debd,0.2034,12,59,0,60.0
commons-math,286ab7c6dd4c4aae0b0290517ea3508487438d01,0.2069,12,58,0,115.5
commons-math,36553ffab375518a8ce39b25a916f730775435a4,0.2105,12,57,0,5.9
commons-math,7bbeaf72e8f6fc827823b6c3cbe3e5ab019f2ae6,0.1964,11,56,0,8.1
commons-math,1b99b4583c552e0ece96349b4cb56b3584ad2b42,0.2,11,55,0,33.3
commons-math,3ea45970dbe94643fb57ce7713dc1c624526853b,0.2037,11,54,0,4.4
commons-math,5ec8070228b3879a9bd4d2d2b697c295ef762fb4,0.2075,11,53,0,99.6
commons-math,cb4ad072e0d357d4fe4f0f27a0ed4df0ecdb0f4c,0.2115,11,52,0,99.1
commons-math,777af155a678286614d261887790352b43fa7c2a,0.2157,11,51,7,12.5
commons-math,7a59c0af26177cf69e702eaac85471e54762f664,0.2,10,50,9,38.2
commons-math,843fbfbc3428819dc0763fa470a8af64c0e74775,0.1837,9,49,8,37.5
commons-math,bddcfd5a574a1d509cf54d799ec7604dad1380b4,0.1875,9,48,0,4.9
commons-math,595f3fb79a885f8620f77ebcccf8da65b5024b4e,0.1915,9,47,0,12.1
commons-math,c4c288a3e0e610ed02801b17ed26016b0e734032,0.1957,9,46,8,68.3
commons-math,57e01f404ecf77b31d301231bf09184ee87e69f7,0.2,9,45,7,10.5
commons-math,64b47d86facb0dc2355a6295f143410938740ad3,0.1818,8,44,6,14.0
commons-math,bbd702ae2f6c52b58d2e2ba99d7fc548545f46e6,0.186,8,43,6,10.3
commons-math,3ec3a2e353249f6f98874ecfd43d317dcfe3042d,0.1905,8,42,0,8.4
commons-math,73952558a19baa5cfb71094272b1c1420136d768,0.1707,7,41,0,36.3
commons-math,78ebedb0f1c84787e622a92cc47c2d28a0e1e4e5,0.175,7,40,0,56.2
commons-math,aeb21280ae82701d21321d882e454f5c6ada4ff7,0.1795,7,39,0,36.2
commons-math,71760ddf88efe70447bacd92c33eba50fc7fb1ea,0.1842,7,38,0,36.2
commons-math,6c4fc0647f4657d65868cdea2f4a850103620f47,0.1892,7,37,0,36.2
commons-math,d0f45833617d8622f68bb33f1050cd8a6e9c9464,0.1944,7,36,0,63.7
commons-math,bd557f1b8bbb8c9603d6edf642a8db4c4c8db21b,0.2,7,35,0,0.9
commons-math,3e5c248f739b7978c057b0fbd3d0117f4bc2302c,0.2059,7,34,6,1.0
commons-math,dcd8015fa6baefaa9ca3d6c9bd792c7f0bde08ac,0.2121,7,33,6,3.0
commons-math,2fcfce303989ae14b5b51f4c9fc92e97bc540ba8,0.2188,7,32,0,2.0
commons-math,85a4fdd0ead28ad4c2f489116b34166c2761e4a3,0.2258,7,31,6,1.8
commons-math,47ed8d9207be8362463b9113de0c83bca871345e,0.2333,7,30,6,4.0
commons-math,e7e8c3f7177e22b5fa766d931d52142c9fc55f49,0.2414,7,29,6,2.9
commons-math,9575054ff07b8dbb912e889111f6b3a3be582680,0.2143,6,28,5,8.1
commons-math,2990f6caad0db0f7c7a2df22d65f1031ed9e33e1,0.1852,5,27,4,10.1
commons-math,a55ae85447ea6786c9aaf4c3f38779a61b23d142,0.1538,4,26,3,23.1
commons-math,0a799598cbb436e67d65561793d1a8a7c56c3446,0.12,3,25,2,2.3
commons-math,f5532557b9fd00c2e1c8b1cc4559d95eed0ad8ac,0.0833,2,24,1,2.0
commons-math,c1c61ce70d1e9f7ee005364ac797841f653ec3e6,0.087,2,23,1,11.1
commons-math,3d9a76877b4f0e405f6436a9972c6f9fd8832d51,0.0909,2,22,0,3.2
commons-math,38e337f5c85cab778fc826438fce9f05d7e3a09f,0.0952,2,21,0,10.2
commons-math,0c1e6fb256aa1b4f963d325ac818f09955961459,0.1,2,20,1,3.2
commons-math,01c55de5f5869a6c244c87294616283b4ffd27c8,0.1053,2,19,0,8.8
commons-math,c278ac388b133213afddbfadf5c9456ad049373f,0.1111,2,18,0,0.5
commons-math,a6c3e571ca30d7f15a0a65743ca34183041deb8f,0.1176,2,17,0,0.4
commons-math,d7b9578de3266d6defdd81fa9f29880163bfa810,0.125,2,16,0,3.8
commons-math,649e19b0f2d320fe2f9f2deaee9f4a391817c548,0.1333,2,15,0,2.0
commons-math,fa2adc7b477f4e37bb0d437ba8cb800f1fb1885f,0.1429,2,14,0,0.7
commons-math,d9b951c1fad20e04440e7013e49ac08a8fac4061,0.1538,2,13,0,0.0
commons-math,376958763cda7cc546e4446243638418fefd1568,0.1667,2,12,1,0.2
commons-math,92a027bc73d5ef67c4b2ead2f3ef63f198be1e26,0.1818,2,11,1,0.1
commons-math,c8f122c30463a186b0586c1370aa2b8e87890375,0.1,1,10,0,0.6
commons-math,e11c00085cf0ba8c692522a851a387b63803c74c,0.1111,1,9,0,12.0
commons-math,9786ad4de8ef2f0aefcbe2bcb14889bb148eebd5,0.125,1,8,0,8.5
commons-math,7df65a5ddf59b564af1d753b89d30f8dc33a2c5d,0.1429,1,7,0,12.6
commons-math,4a6bf542e1929503f354d0afccc76e19d1cae177,0.1667,1,6,0,2.7
commons-math,29b193629150c9a38949a6afa5b620cdb4d7f6a6,0.2,1,5,0,14.0
commons-math,b5e155e7d0448a100e9d4ff7d178a2fb9ea9f659,0.25,1,4,0,2.1
commons-math,bd3a6ecaa777247aaa6175e5c4721bfbd1645451,0.3333,1,3,0,2.0
commons-math,fc7eeb4801b1ea7524b9329d5584c2e5ed945913,0.5,1,2,0,6.8
commons-math,cee04d16489749883b8319f313e782ee20048652,1.0,1,1,0,3.0
commons-math,d9df34360f3e95f1b5bdda9095888dab7f45d982,0.0,0,0,0,240.0
httpcomponents-core,4f7ad02c9ebe77066f39fcd775eabfe13530ba4f,0.0,0,8,0,9.5
httpcomponents-core,de19a6054e0f661a78381d5cda91c9c7692c78ce,0.0,0,7,0,6.7
httpcomponents-core,9b898d9206950b4602930f36c5b217c6364cdee0,0.0,0,6,0,12.7
httpcomponents-core,44309dd884117cb3c93f2c62599a12d8b3581ade,0.0,0,5,0,9.6
httpcomponents-core,a4931124479e4973b25dad54a88969c70a02906b,0.0,0,4,0,4.2
httpcomponents-core,6af1b9f2c98036012043d1c08245727ea9f7aead,0.0,0,3,0,11.1
httpcomponents-core,81bccbb08779c0e632ef929eb45d6466d09b6dea,0.0,0,2,0,1.4
httpcomponents-core,556dd7d2156f070b5eae4cfd4861b58f336474cb,0.0,0,1,0,0.7
httpcomponents-core,d398d7b9c1ce29728a2621dbcd5e1e5f65415cf3,0.0,0,0,0,4.5
maven-resolver,5ff45a2b00102e44ee5068e11315ff528a1455aa,0.0,0,1,0,7.8
maven-resolver,26558272325e3d550070f256497a0eef4109316d,0.0,0,0,0,0.9
commons-vfs,40ecf71659a80d4ccd3c736ccc6df49976298b35,0.06,3,50,1,0.0
commons-vfs,9769e276fc0737ccf591d89d9b2d42e54416f3be,0.0612,3,49,2,0.0
commons-vfs,3c0984b1f6018c52a6ed3acefe8f341dfdeefa54,0.0625,3,48,0,4.6
commons-vfs,08e80802f47daf43aedc639530c223a10169265e,0.0638,3,47,1,0.0
commons-vfs,e3d23075e665330790d17b487c8f8a1270b597ba,0.0652,3,46,1,0.9
commons-vfs,38c08e7f3602b1e7b8cfaa3a380dd2861e461c81,0.0667,3,45,10,11.7
commons-vfs,5a6fe1715452c2e2c6142f720f9856b235705668,0.0455,2,44,2,44.8
commons-vfs,1e8297603c7cd433955f9e4befabcae08515e2be,0.0465,2,43,1,0.1
commons-vfs,84c365180ff186df2d8777d063903358b59a6c07,0.0476,2,42,1,3.2
commons-vfs,e0a4b1743a41bb585acc08d5128f2b436a28567f,0.0488,2,41,1,0.4
commons-vfs,f15cdb6ec533661622f5ad0f85bdd61aefe9b503,0.05,2,40,1,2.1
commons-vfs,e5cf3e4c1252edc6bc486923a9b579303685e0bc,0.0513,2,39,1,1.6
commons-vfs,4f6b0dfb573aac9c61f5e25589b26a5f728e06de,0.0526,2,38,1,1.0
commons-vfs,cb61c01ccb1f6bd2b4014154b7442173cc840884,0.0541,2,37,1,7.0
commons-vfs,a4186edf809581f50b8cce7efdb6513c6d9a195d,0.0556,2,36,1,0.3
commons-vfs,30ddbd3345c0cff5c654adfb439dfa5f16fce4f3,0.0571,2,35,1,1.8
commons-vfs,88d2bc8eab20af1640890fc55d3bf2664fd33a7c,0.0588,2,34,1,12.9
commons-vfs,e094ccd899962e4ce3882017a839d16a321536c6,0.0606,2,33,0,4.2
commons-vfs,2b198f42de3f6815029d9eb45ede2763c90d3328,0.0625,2,32,1,1.0
commons-vfs,c41eec99caed585982dbd128a1c9ece24a8770f6,0.0645,2,31,1,3.0
commons-vfs,223d5692d64b8ee5ac64a83c918377e0da0f81d6,0.0667,2,30,0,2.9
commons-vfs,fc090b7ac80c72a28a0955396ec05045de2b4fd0,0.069,2,29,0,3.1
commons-vfs,3bfae6ab6cf98730e825a1c823376a8e0bee77f3,0.0714,2,28,1,7.3
commons-vfs,0a8d89764938b4729086f23c6d32c473666deda3,0.0741,2,27,1,1.0
commons-vfs,22415922f4f27935f4e50f7d54abcc1cefe2a0e3,0.0769,2,26,1,0.0
commons-vfs,0f386af279de5e9535dd4b4f30ca58b21a2df937,0.08,2,25,1,1.7
commons-vfs,b40b95f72ac4a2c3ef2aebb7d2970ed4b2ab2980,0.0833,2,24,1,0.0
commons-vfs,f05c5400042eb7fd7a84550467435fc28304072f,0.087,2,23,1,1.2
commons-vfs,d97ebdee30f15a2001114998ef297ae22148614d,0.0909,2,22,1,0.0
commons-vfs,e76a3713f34d154ecf48625d37243d29ebf6b68c,0.0952,2,21,1,5.4
commons-vfs,36413713c5fa8a29b748bfa5c664ad14f0edc3b0,0.1,2,20,1,0.0
commons-vfs,e55895aae1cd3dc5c3da9ee95e347609dcce7aee,0.1053,2,19,1,0.7
commons-vfs,bf429fc0aee4dbfe5bc5985637a5ea39457dc050,0.1111,2,18,1,0.0
commons-vfs,d12e28856ae948e9ece8e0e7228c8f6b7ab2b427,0.1176,2,17,1,0.0
commons-vfs,36c789a9b3e317789e79a1aed2854e521bf0a828,0.125,2,16,0,6.8
commons-vfs,a19631a852cdef62533566c158788f1bd221fa50,0.1333,2,15,1,0.0
commons-vfs,c05755e9fd49ce04472f69ad940ad666e205f8d0,0.1429,2,14,1,0.2
commons-vfs,7d7509050c80db8fac5c4a075522b0dac05967a0,0.1538,2,13,1,0.4
commons-vfs,b21d3248aabc30f904162559169aa6e6e095e98f,0.1667,2,12,1,15.9
commons-vfs,61cf46988bf34ed26f0eea27b8f6bea79de3f17d,0.1818,2,11,0,2.1
commons-vfs,acd7bf4ef0d495e11cf9a7473481a1024f095e5c,0.1,1,10,0,8.9
commons-vfs,797382024a2f8cb3bce51bd5977ac3b801bcbdf7,0.1111,1,9,0,0.0
commons-vfs,39929cb44779e5841e2b81a9b0b66efea0345580,0.125,1,8,0,0.0
commons-vfs,46a67ef58779505e10b560df71ddcd4a8981d01c,0.1429,1,7,0,0.0
commons-vfs,3e49d7162a542898587c034117a16b8e7def02b1,0.1667,1,6,0,0.0
commons-vfs,955700fcc155a398e88cab0ba048a65e25da0756,0.2,1,5,0,0.4
commons-vfs,051ab32097d55808ae315811274bbc2b9681eebe,0.25,1,4,0,0.0
commons-vfs,6ee40aaed670f3df5a51d415df861f636cdc8d09,0.3333,1,3,0,1.0
commons-vfs,496e6339c29f8882795585d3432bcdd490b6d535,0.0,0,2,0,2.2
commons-vfs,c40d057d92f6739643a4e55f9b08d44a119f08fa,0.0,0,1,0,0.0
commons-vfs,a52627eaf1a45190649de6a912d678a16a976707,0.0,0,0,0,0.1
activemq,307c0293856c00cf430804a26840dc962c3ab26e,0.0088,1,114,1,68.6
activemq,c2ebea7e2eabb52e7066d23cc97b86d4dac143e5,0.0088,1,113,0,27.4
activemq,a5962478eae9c8164dc7f23831c830c4ee600b74,0.0089,1,112,1,7.0
activemq,1a10be8fd70c91a4f5f94cc0df21aa6dd58fd045,0.009,1,111,1,1.2
activemq,d008a1d188ad3144f82b8b09fc6d9df24c66d17a,0.0091,1,110,1,34.5
activemq,79f28c5aa3b5e461ee949b397ceb6ae010e6607d,0.0092,1,109,1,1.7
activemq,78ee3434256b59138b948b43db9e232f9c4ddcf5,0.0093,1,108,1,0.3
activemq,47b5286d72b3b112915bfb5ed5fda25e126cba5a,0.0093,1,107,1,15.8
activemq,4e14a4cfd1cd6cfea5b1cdb0e8d6ddc7f4c7e541,0.0,0,106,0,15.8
activemq,2108301fae215e005a194a35fadad60c39c249e8,0.0,0,105,0,15.8
activemq,7ef19ab9a3a7d7bf1672248c0189c69a06623ba9,0.0,0,104,0,15.8
activemq,3fd5f1a65b5ce3006c1448f5d7c736d3e5f42e6d,0.0,0,103,0,45.9
activemq,84fdc659324c173cd2da7aed485aae9617ffc7a1,0.0,0,102,0,15.7
activemq,fb52acb84418eba7d9292d9926fa14a82ad2c300,0.0,0,101,0,13.0
activemq,a4a42277d1b69273652d8cb1e326ff90f4ad1399,0.0,0,100,0,1.9
activemq,ca7eaeb8049f605db7be6252efa17b48ca6c961d,0.0,0,99,0,13.1
activemq,b271fa82f2d102862ee8f5be5b795f3a0ab4c331,0.0,0,98,0,12.2
activemq,27dc2812260120fbecf7d5d5efddb42c2deb5c7f,0.0,0,97,0,11.9
activemq,5cb8cca32a73dffe64a4b48452659f5e2c73d028,0.0,0,96,0,36.7
activemq,322c84d5c223986ad5b6ba810b38c5ac0fd2abc3,0.0,0,95,0,155.2
activemq,04c367a6907da74da870ed48b96533e168fe21a3,0.0,0,94,0,2.2
activemq,82bb04c22387add2bb680f810f57d14217d4c8a6,0.0,0,93,0,2.2
activemq,645dd999644c49a0b28b3dbda3b04c7098fafc54,0.0,0,92,0,1.0
activemq,aa3e8e7de2307eea6b2d31b50dd9d68155beec89,0.0,0,91,0,1.0
activemq,aa842da2873739280fc2e786705c53ba00e64fb8,0.0,0,90,0,0.0
activemq,a621df7affc0ed28d4616768873ddc912cc82c11,0.0,0,89,0,0.1
activemq,be1856cace0128a3f5fc425002553914943fc4b9,0.0,0,88,0,121.7
activemq,871f9424372baf7e6a442ebe3f08d60d6535dce4,0.0,0,87,0,5.1
activemq,13b6d299286246bf46787e172c5a8d73dd41ff37,0.0,0,86,0,5.1
activemq,c60bb18d29575d46f27f0e04a537323b2731c36e,0.0,0,85,0,5.1
activemq,e0469d39916553655f5e3d61aca53f07dd595044,0.0,0,84,0,1.0
activemq,ea713b16e4284599eb4537bcef3cf032b26dfe06,0.0,0,83,0,1.6
activemq,975307790807b2fcb26fa74b7f73c578129803ce,0.0,0,82,0,1.6
activemq,eacb30f5c3395d0ac62fdc4a61a3fcc78e4d447c,0.0,0,81,0,1.6
activemq,6ada8021b6c02e66e5fb5e07ad37420bd5ddf730,0.0,0,80,0,0.7
activemq,4ac88314b9f7944d05cdb07b510d742150eddb23,0.0,0,79,0,0.7
activemq,7b680fb38cdd8c3b9caf569aa81476f6b1bef9b7,0.0,0,78,0,1.0
activemq,19f93a007480b66b471db0297fb78470511eb4cf,0.0,0,77,0,1.0
activemq,d83cbbccb86175dba94a11469a982e4f69134649,0.0,0,76,0,0.4
activemq,7ee0999bd553fde6821c8a42427d9af7d08ba82e,0.0,0,75,0,0.3
activemq,b8764242d36921f6623de58455c20123982ed436,0.0,0,74,0,7.6
activemq,5b93d2481ce9273d4bfdd1deba6ab8136f9441d0,0.0,0,73,0,20.4
activemq,6ce1b449989d4fca98a7522cb147bd360a8a4f17,0.0,0,72,0,20.4
activemq,fd7f4839972f093d8861787ea47ac32f20fb4eaa,0.0,0,71,0,105.9
activemq,4ff78ddab993d62408c8e63ce63a63d5757fe039,0.0,0,70,0,6.7
activemq,5834065ab97af44b3baf74b55f048146d178c7ee,0.0,0,69,0,2.7
activemq,6ef9d63710eebc7d867c123c9486d9b3d98cb45c,0.0,0,68,0,2.7
activemq,317d3542b390bacc47edd5c2dcc1baa56c4329b6,0.0,0,67,0,2.2
activemq,93d80a5caa9c91c7c8f690f97f95c2bf9d752797,0.0,0,66,0,2.2
activemq,0bb56c8f9e1acecf520ad0363f64ad7315b76b80,0.0,0,65,0,1.0
activemq,f3d6b7e36438d2a3acfcb5c8e29f897f5cef4ecb,0.0,0,64,0,2.1
activemq,f1bd80541c0f46066e0e8b08db3d8a3835d491d8,0.0,0,63,0,1.0
activemq,5debe1faccab7ef384852c678457f1120513c05d,0.0,0,62,0,4.1
activemq,a6eaa8579969df3b2cc240953b152925f42dd76b,0.0,0,61,0,4.1
activemq,88655e611277d356e946bc70db52507740f0bd2c,0.0,0,60,0,3.1
activemq,216d73fcb5dc430e496c9b2312560a2de3790f97,0.0,0,59,0,2.0
activemq,0e0c0f32616230ad9e3f85d34ec13518d6ac698c,0.0,0,58,0,2.2
activemq,dc6960de9145755ab8f566274b77f2c87565a92e,0.0,0,57,0,8.7
activemq,2ee8700ff3a6778955450f1fbb8dd075bb17f43e,0.0,0,56,0,26.0
activemq,2fc07ac39a4adb23d0c549348ae7b4efeb5c3dca,0.0,0,55,0,24.6
activemq,6b6f5fbe24550452cd09aab9c4d7094cf782a04f,0.0,0,54,0,5.9
activemq,4a0bb48881001424f945b0fd0b42e625142078dd,0.0,0,53,0,4.5
activemq,0e24799687ccdc7be671c433ef0a3eed8de10194,0.0,0,52,0,4.3
activemq,645e2b084aa501b022f649b21f5789b720554c9a,0.0,0,51,0,10.9
activemq,7aad5eaaa3493cecbeb780669330915934daaa9c,0.0,0,50,0,10.9
activemq,27e2614452865de97baae9697c9a22cfb56cc5cf,0.0,0,49,0,10.9
activemq,9d11e0d7e96c4871e190d0c99aa0f3cdc8ffb8db,0.0,0,48,0,12.3
activemq,6bdb8e26e061318b5b4f28fb4f66586471b7177b,0.0,0,47,0,12.0
activemq,789ca4939de5492377c761a0aca6d0bcb4c205dd,0.0,0,46,0,17.1
activemq,50ea73f1d5788ba1b216f7bece4580b8033c1759,0.0,0,45,0,3.1
activemq,814871a0488e677957b546e4fdb148d60ed79afe,0.0,0,44,0,3.1
activemq,d1ab8ef93d8807faf4fb5c9d28fb0a5a2c5b015d,0.0,0,43,0,11.6
activemq,85f82035cda1bca7ee7acb22b015d2965e37c676,0.0,0,42,0,2.2
activemq,17aaff3709683a8accf626388f32816d1ec7e8b3,0.0,0,41,0,2.2
activemq,0f520f1e2744f2d3938202b6d62df1e667cd375f,0.0,0,40,0,1.9
activemq,986cd7c52b582bf2613f02b1fbc742a5e8fa1feb,0.0,0,39,0,21.5
activemq,b39e64f2582045b92f17a53e03000b0e63c27801,0.0,0,38,0,1.8
activemq,f6d067a49aa0f7aea18afa7738d60f9d15eeafa9,0.0,0,37,0,0.2
activemq,1c3c1289bbc4a4d4b6e7030210cf9dc6d2e2f038,0.0,0,36,0,0.8
activemq,78d95552338db1be2b95fc5c2fdd4eae8d045458,0.0,0,35,0,9.9
activemq,f90c10df8e140ab97aaa42eb18107e8a18b80c8b,0.0,0,34,0,16.1
activemq,04e84afa891123ead07dbccb0b21f0ca80666e65,0.0,0,33,0,9.3
activemq,d0dac1792692df34a94cdd89edfba64df2c1aa2b,0.0,0,32,0,9.3
activemq,a611b143da8af7beb6dd2a96088332ea6bc678cd,0.0,0,31,0,0.7
activemq,3f2b2ba0aedd0d26d52b47c29d60552534ad4bfe,0.0,0,30,0,2.8
activemq,84204f4c96a393554530b687bb9358b57be109a4,0.0,0,29,0,0.8
activemq,45bce62d05edf06726a5da2f3202ee2f01f65394,0.0,0,28,0,11.2
activemq,d347f47b66ab3ecd5e85b23def000fac3fec6876,0.0,0,27,0,8.0
activemq,dbe995642d22be8eec14c3a7d52ddbb08da5069f,0.0,0,26,0,8.0
activemq,544687465b677670151ce72f633f3cb4b0efd00e,0.0,0,25,0,0.9
activemq,b08f65d48c297ba2229071db6bd39f2a7b61b7a1,0.0,0,24,0,1.0
activemq,a2fa43359e189617461c6216caa9312e6987143b,0.0,0,23,0,3.9
activemq,dcb660f7fc0c221a7a1a620909bbcc614288b790,0.0,0,22,0,3.9
activemq,6546dd1b8b17b0dda35babd57042707cc0d7065f,0.0,0,21,0,3.5
activemq,51965401bc5fa7615c1f9ed5c206823d98fec92f,0.0,0,20,0,2.8
activemq,7d4adf9e0eaf8670a2756f6140a750a7ce437f0d,0.0,0,19,0,2.8
activemq,ff360abf431a9ebbdadeb43e82e741165bdaa1ff,0.0,0,18,0,2.8
activemq,85eb0f2df8b83cf1bae89e9727f7bac090af7e38,0.0,0,17,0,0.9
activemq,c549d70800e5fb2115715edd5ea5c04f6a1c79c4,0.0,0,16,0,0.8
activemq,99dced2fa74f3ace8ede94b40fdb27fe81a98fa7,0.0,0,15,0,106.4
activemq,1e37fe64e8914dd2a330de3d8ca446c76742b25a,0.0,0,14,0,12.7
activemq,a2bf5b8adb8669a1fa020519cfd9a0fdae2f8787,0.0,0,13,0,48.2
activemq,aeab06e93e40d3a3ec198dc537388326832ff270,0.0,0,12,0,1.0
activemq,4baf997a3c805b24c9d9b94ab8620d815e84db69,0.0,0,11,0,4.0
activemq,58867f7c3cef580134cb4e32e2f9086552c1876a,0.0,0,10,0,10.3
activemq,dcf86d391640b0292d0609412b67ab363b17b5a0,0.0,0,9,0,8.2
activemq,3132858aecb5a36defb8152192d19cc441b0fc02,0.0,0,8,0,1.9
activemq,98c62f6568c152122e25536f4dc2ba6df07325c7,0.0,0,7,0,8.2
activemq,d0e2cce18f0e5541c062ef83a2a53af205131089,0.0,0,6,0,8.2
activemq,9aedca0067df977ac1a2c7c2655532bfc4d1d741,0.0,0,5,0,2.6
activemq,fb379997c6fc1201c2cf71b3d1f1dfb3c3a1bd3b,0.0,0,4,0,1.1
activemq,d23da10da80c37d01a42af1f8347193ba2baae22,0.0,0,3,0,1.1
activemq,5d693d1c1d1a997a83eaec532839165f75702b52,0.0,0,2,0,1.0
activemq,ca35e5921cf6da481ad2e2fb91be2a839f4f00ec,0.0,0,1,0,8.0
activemq,18c74769dc55bdec93000b43be960172fa0a8f38,0.0,0,0,0,9.3
cxf,10ee0f1419b8c63a0d7412103ea4224215dab11f,0.0311,5,161,0,0.8
cxf,315eb6da4a0c7af09f55beaacc26cd77e3edd3c7,0.0312,5,160,5,547.7
cxf,12157306906b8daa33a868549c563949fc9bf0fd,0.0314,5,159,5,283.8
cxf,e8cc4610d630b465fbabf1456268a092a2fc0491,0.0316,5,158,3,11.9
cxf,73362d5cc205ebd08ab8f6b50452b7e5c59378fe,0.0318,5,157,0,0.0
cxf,02886aae9bea932a87ac4d2afa7ddb4b53c153a6,0.0321,5,156,3,0.6
cxf,bc5905727f2ed2a28bcfcd3bcbe2775adb819cf7,0.0323,5,155,3,0.0
cxf,8039f641f03b3470dddb4ad2dba9c706754a32d5,0.0325,5,154,3,6.2
cxf,b2731a63ba28655aff76a39aa42162cfeb5a485f,0.0327,5,153,3,5.1
cxf,63fd5606b8ba94ccbac2bfe5189e61be35ac83b6,0.0329,5,152,0,1.9
cxf,d8e1317707203fd4b84ea9f93dca6d34a602e21d,0.0331,5,151,0,0.7
cxf,c56271ef4e6459c2899a6766cd0b5deaa164317f,0.0333,5,150,4,56.1
cxf,248c7da3183e9f061adc4c31f972d076a4221cda,0.0336,5,149,3,2.5
cxf,9d11427a238226236db50a38b557e56708f1059d,0.0338,5,148,3,2.6
cxf,218c83b502a8b339731518d099457307c6d8d6ef,0.034,5,147,0,2.5
cxf,722b6a044466bbed8c0ef665127ee360bc5d0120,0.0342,5,146,0,1.0
cxf,ccd7a7c1d55ee4cee0e148cba83273bc02f29a24,0.0345,5,145,3,1.5
cxf,70133ba0d7b7d4d7dd173d8e4ce4247376cb512b,0.0347,5,144,3,2.9
cxf,4a8d90e6a247f6713180df8ec6a4715c164f60dd,0.035,5,143,3,22.6
cxf,59856f3dfe02f734c563aa0a37c32ebb57819eee,0.0352,5,142,3,9.0
cxf,51707c7c25b3e4f7e67704688e48e4894896b5ed,0.0355,5,141,3,2.9
cxf,9897b1cc13058cbbf0eceb001665fb11c34b88af,0.0357,5,140,3,0.7
cxf,7340f82e6aa4ed75e51a3ecb6ae0fa2a0fa229f3,0.036,5,139,3,3.5
cxf,cb60a4d794df79f6d0901e44d3eafa3d6bc8fd0c,0.0362,5,138,3,7.1
cxf,b3b7e59b35a3ca85200e7603b85a2fc84b65b2bf,0.0365,5,137,1,1.1
cxf,f337f255ba41ac607f558c0d36b3f8db2f8fba89,0.0368,5,136,4,13.0
cxf,b8f66bb7c77125560d8d4091ac77258d79401613,0.0296,4,135,3,13.4
cxf,77d15448c44353aad897a4c861723e687fbad70c,0.0299,4,134,3,0.3
cxf,8d216eefc5cbf7ff3501c128bba5bee446d721a8,0.0301,4,133,3,8.4
cxf,b8e24192378aa2b9bd8110186673d8904f6237d5,0.0303,4,132,3,4.3
cxf,296fd745d6f4e47a1404fc6521ddd80e16af8677,0.0305,4,131,3,3.2
cxf,55de869117d93853e5dccaee878e86a38d6f057b,0.0308,4,130,3,5.7
cxf,0a62ccf4d93a04e5c495b27e744aebe0a74980f4,0.031,4,129,3,45.6
cxf,dc7cbfbae302d6b0519174ac1c38ffa1e687548a,0.0312,4,128,3,1.8
cxf,700f95cbaac85b3965297e3d2533d8d36672ec8d,0.0315,4,127,0,1.0
cxf,d9dea3e07e1f2ba5d43768313232f205c90e8b29,0.0317,4,126,3,2.7
cxf,6fabd55129e5bf6c0768a61aa649411dfdd98ddd,0.032,4,125,4,3.6
cxf,32e264f539c4c9250cf2f98f86ac94ee25cda5e7,0.0323,4,124,0,1.1
cxf,ebf621e8b4cb3c8fc2ce64d23bf615e4a6d922b9,0.0325,4,123,0,0.9
cxf,96cdc143498a4935b999616653e4e4ad42f0c0f8,0.0246,3,122,2,15.5
cxf,4926f24d8ef4857430f7f20d8180f8e2941f74b8,0.0165,2,121,1,2.4
cxf,544604a95d423c9f4325618dae09240d75afaa09,0.0083,1,120,0,128.0
cxf,ab708ae4c90b2e944ca48228206b76f5fa831778,0.0084,1,119,4,174.0
cxf,bf81196008d0ba72ac37e5704e3b65417eaac0e7,0.0085,1,118,0,2.0
cxf,bb6a56e4542ca07981a3e931ec9d5ee490348fc2,0.0085,1,117,1,29.9
cxf,6c5dea29d4415b3de0836fe5e10cac8964271afc,0.0086,1,116,0,14.1
cxf,d99a1d8023e4827ed3ad0da61291f0f3089eb5bf,0.0087,1,115,0,4.0
cxf,aa1fdd031cd52578c5ac2a8e618dc1aee7241945,0.0088,1,114,0,6.3
cxf,4f403903bc44d42a87872d4cd0e48967847c8c80,0.0088,1,113,0,2.0
cxf,5addbf920c2f5a242a22ecd705911c2a278f8f02,0.0089,1,112,0,11.2
cxf,9c553151f94f2589ec759ff29f83a53b16a53f3f,0.009,1,111,0,0.9
cxf,37fecc9e80f22ae2ee3ad83919e11851bb21ebf7,0.0091,1,110,0,0.6
cxf,b7dad93a24e00fd18d28db72951b704de1ef8271,0.0092,1,109,0,1.9
cxf,2e3a749fb70628699155502c0714e8ea13d7567f,0.0093,1,108,1,0.2
cxf,5cae97285027cdebab8f77698a272c0db98a846c,0.0093,1,107,1,0.2
cxf,b688cf6273da4db0f44f47d0742bcfa65b4eb854,0.0094,1,106,0,1.0
cxf,b587b41e8f16a709d5e4064b157055f4dc6b9399,0.0095,1,105,0,3.0
cxf,145b7ec034ea121c743f3458e6f7cea74b4904d9,0.0096,1,104,0,1.8
cxf,0ac8f73cd3cc1fb56a3a510fb7c32a458312455d,0.0097,1,103,1,5.1
cxf,0ac9c1494f095aa0ed608b7ad511683d5a86d5c7,0.0098,1,102,1,2.3
cxf,18c663e881871c5fbb9dc4f6f2a9105e4b782a6d,0.0099,1,101,1,4.0
cxf,1f3d8225ebbfe560a404be32ce3ce908372fbab9,0.01,1,100,0,1.0
cxf,40b98145c36d4f510e45824c45f8243147316e6a,0.0101,1,99,0,1.8
cxf,d00ec746daa06be71e05c70158f89763911c8892,0.0102,1,98,3,6.9
cxf,3edd5a9629a3172dec81b136b2291aee84f1f3fe,0.0103,1,97,0,0.9
cxf,1b38b8a8ed2bf3192bc0920e1c2215d8076d1aa1,0.0104,1,96,1,6.9
cxf,cd3741fd162b4704c1bee7ac485f2ee0310177ed,0.0105,1,95,0,0.5
cxf,b63a8fd9dc2f0aef97f99992cfa5a44b7126e597,0.0106,1,94,0,4.8
cxf,5bb01b745968b05a0fba3dd5272c493a778249f4,0.0108,1,93,0,0.3
cxf,06699335af86ef4769587945170f8ff6fadbee5d,0.0109,1,92,4,5.3
cxf,9c413045b2bd4dd11e3f2a54ef85a1d015bcc850,0.011,1,91,4,17.3
cxf,2a43acfe9e058fce9d525a542c02713bfbf96912,0.0111,1,90,0,25.6
cxf,7803d9afff00b60711ebfadc12aa51ca2ebc9689,0.0112,1,89,0,19.0
cxf,0f975b0d92f2c34ccadae84ce58aac1b8d675472,0.0,0,88,0,11.3
cxf,550ca9107d794365c4b85581e1433a821bc1ca1c,0.0,0,87,0,1.4
cxf,4e4922ad8bf583ad32833856a081aed213774d42,0.0,0,86,0,1.0
cxf,1f503ddb89a63deb29565fc51fdfcafbeb30b68e,0.0,0,85,0,6.5
cxf,5eb8c3f59473f3d06d7c696aa9c75c430f014721,0.0,0,84,0,30.7
cxf,4835e3286bea87afe26843c091a92f44dde9c01c,0.0,0,83,0,0.4
cxf,b0755d060be16e806c19b1ccb627b0061376e83b,0.0,0,82,0,1.2
cxf,0b389ba00e7064d8e0d9b4470aa16964f64a57e9,0.0,0,81,0,2.0
cxf,e5c6c9393a1adee74ad06b38239d30467b28fe71,0.0,0,80,0,0.5
cxf,19ee1065be6463a83fa79f34187527e8af242a93,0.0,0,79,0,1.4
cxf,39ae7d507f5a1454448971ff2cc58be8e7f5bcf1,0.0,0,78,0,1.1
cxf,5f034e1df4793b2d384ece16be447aad2ee562b7,0.0,0,77,0,1.8
cxf,952459d609f9b5773067bd4b05582d9021b442fd,0.0,0,76,0,0.7
cxf,1bea8686b3183009c9d506cb06acd30b6c4f2523,0.0,0,75,0,8.5
cxf,dcb401e5c524036fb1b610ddd39b2cad38ba5fca,0.0,0,74,0,0.4
cxf,a97a7c378d8bf12f1ffb0354d94c745c3eabd8be,0.0,0,73,0,1.1
cxf,c8ccf31b23b7a188e9530e79c02265f2dc5af18b,0.0,0,72,0,1.8
cxf,a2e746c6588dbc7ffa9f2d3bdd5c73d74dcc1d71,0.0,0,71,0,2.5
cxf,3a729b0ed271a847ca6eaec2d4acba64a9f1399e,0.0,0,70,0,2.6
cxf,7b585fabbbe4e77ec632e63f477f767f4505c7af,0.0,0,69,0,10.0
cxf,b6d2db2bf2682b71fc36cfec85b9f5673f0dcb5c,0.0,0,68,0,7.7
cxf,c7eee85aaebdfaae988adfcf8cc43206e568fda8,0.0,0,67,0,3.9
cxf,e9acad25437e7273a823f32e299599ede9020df9,0.0,0,66,0,27.3
cxf,f82e825cb42fd4efcd4e04eb5bae743218711033,0.0,0,65,0,4.6
cxf,e0441f616584cae8687fcf88aa670da6b9d2b7c2,0.0,0,64,0,1.8
cxf,ba70603bb7624b173273e8898629dea1c7e82570,0.0,0,63,0,2.7
cxf,fc9431f92b938c365c1e0af2da47c2872dc682fb,0.0,0,62,0,4.5
cxf,2711f972a8a7b03ce93562aa31e55f6e3b4491e9,0.0,0,61,0,0.1
cxf,5f8ed2d2a53ac8160eadb82e4521398f805ccc83,0.0,0,60,0,41.2
cxf,3b6b16c97f48e6e841a4c2f08a4b81384b63a23e,0.0,0,59,0,2.8
cxf,00f957b0eb6aeec3ae1a13a2be389b94091ca010,0.0,0,58,0,1.0
cxf,a043ce731a67a491400f00da1586c47ffa5015cc,0.0,0,57,0,0.6
cxf,c369fde1f0fd66e6d491cc2b315ebb14bd811b25,0.0,0,56,0,1.3
cxf,1643d074271218151cf2a17cbc71e5322497dee0,0.0,0,55,0,960.5
cxf,1ca02221349e41d0473da3e3ec919485d189d41c,0.0,0,54,0,4.8
cxf,846d6c701c152f93e10a63ff110fd358c304e5b3,0.0,0,53,0,9.1
cxf,639b96bb24ed12a08798a58e0f0ea06c9fd0528d,0.0,0,52,0,17.4
cxf,7a68aa17ac20b3e518e5fbb372051606fd85431d,0.0,0,51,0,5.1
cxf,30a6e5b5091d8feabb1eb8e27c08016b2c34b48c,0.0,0,50,0,1.4
cxf,2fd0b2ed9286a77bc8cb5b83538b47bcc9c1a6bc,0.0,0,49,0,5.7
cxf,6c15d8f9c864e5c11135390248434c01acf7d8ff,0.0,0,48,0,0.5
cxf,1c91c2968efbb17d9dfb777a6703bdfec16bbbe2,0.0,0,47,0,0.4
cxf,dcae47fac2c0e22994572e6744852070737223e5,0.0,0,46,0,0.5
cxf,2aecfa9dbfb208e54bd9fd905470e5c2c863ed1a,0.0,0,45,0,0.5
cxf,64184a57568edfb6a0341db0e6837e61609441a7,0.0,0,44,0,6.0
cxf,edc0b1886086de2745c36101a3e79f5561cc482b,0.0,0,43,0,0.2
cxf,388b202bc40a4697eb619ceaa6c651e5dd1cfc01,0.0,0,42,0,4.3
cxf,c14acde99ea206151780093ff09da1bf5ddc905b,0.0,0,41,0,0.8
cxf,57a8a8841ba4fcde6e8d782b48f2c73a8a20d32c,0.0,0,40,0,4.6
cxf,782371e380d2974881b4158d7809c77a6edd7724,0.0,0,39,0,23.6
cxf,1522fb246e4ccf1bb5359b34cfef79a9be37cfb6,0.0,0,38,0,3.1
cxf,de5916a0ad7d5fa43ddde930f6572d56948691bd,0.0,0,37,0,2.5
cxf,83b4f6844e8c071697c620a9543723e1c35930d4,0.0,0,36,0,1.5
cxf,0fdcd4316f3fc44d3a323ed2a37151cf103b94bb,0.0,0,35,0,12.8
cxf,e63890f7b191954dadeac929213c15a4566e079e,0.0,0,34,0,0.2
cxf,804addfd6f85a589ae4ad930b30207b7eccff5a3,0.0,0,33,0,1.3
cxf,3984faac0a3b4870f14b3aa43f1fdee3b7a63fd4,0.0,0,32,0,0.3
cxf,786c42004971817f0eb406a5a934685c6574b007,0.0,0,31,0,4.0
cxf,00a73dd200ee6b2df2bba96738b0641e4f59daf9,0.0,0,30,0,8.1
cxf,54b037ebca67a6108cf6dfb8dd78ac69c2174914,0.0,0,29,0,0.0
cxf,03c608de6446f5a27e282ebfeb509daac8938fb5,0.0,0,28,0,0.1
cxf,dfabb48baf89bb6728d7558938434bbad3a6c374,0.0,0,27,0,0.6
cxf,f09bff99904c503b9630edd8ab10ca2b869ecc9b,0.0,0,26,0,0.3
cxf,031502b34abbdda1da06c20a256822167177c75d,0.0,0,25,0,0.5
cxf,529a403a438210955ce5f4f75043f2587e81aabd,0.0,0,24,0,1.0
cxf,f7cec5425861eff7eb69fb794a07e16e32e617ec,0.0,0,23,0,4.8
cxf,4fa41c23cd766033545c24d64ce09b302abdc179,0.0,0,22,0,1.0
cxf,a8a7fb40118154fd8f68a8f8c5faf7b218de04a4,0.0,0,21,0,0.7
cxf,160eebb571d26d367b9e185a98c83d317bcd8321,0.0,0,20,0,5.4
cxf,c50fcb670f9102bfed5e494ef8562afdd227a417,0.0,0,19,0,0.6
cxf,fa404273d5272e069b92573a8d27f8f03da30f1e,0.0,0,18,0,3.8
cxf,f8a3ab807c60ef7b7dc3047ff61410a5b76645ec,0.0,0,17,0,0.1
cxf,472c37bcab01a476d283608a593484f308c39fc5,0.0,0,16,0,0.1
cxf,cc3565f3e7737d6e4b048de5a14374afe1e8db54,0.0,0,15,0,0.7
cxf,4a663dbab187172d809045c715c935349e4a110c,0.0,0,14,0,0.2
cxf,d86a5597ae16fcf3df70e90982c762d6728a26f1,0.0,0,13,0,0.8
cxf,da07e67588333ce6793f5f008400f74c0c94c582,0.0,0,12,0,0.8
cxf,4be7044693681d6263658821ff620ba1cd8ec62b,0.0,0,11,0,0.2
cxf,20663ce50eb1210cfbfa765dfadefe702c6ed920,0.0,0,10,0,46.0
cxf,c7d1969c140f014b4171081399daeed6800fad9c,0.0,0,9,0,47.1
cxf,daf48cacd16f1e20f5fb1b4658a3ba916c43b6a4,0.0,0,8,0,0.1
cxf,cb14bf9ac392a7936aff08d7e54dd12720f8e733,0.0,0,7,0,7.2
cxf,1f430d4c717ade779a23489e3d07d4311bbc21a2,0.0,0,6,0,2.4
cxf,8f38958d75d23edb9b711b6d9c77e663091412ab,0.0,0,5,0,15.3
cxf,c0efcafeaccad55ef3c2326e7147468edf9dbdd8,0.0,0,4,0,0.2
cxf,a07135b12c37a406d29a8398330214ef8cc4b7d9,0.0,0,3,0,3.5
cxf,a6e8702a05fc642231abaaa6ac131360bb030fda,0.0,0,2,0,5.5
cxf,eec3cd484749630e599732a082e45d60ef1d10d7,0.0,0,1,0,34.9
cxf,0dc7db7aa48f36235f33ff1e7281bec525222903,0.0,0,0,0,0.6
curator,1d6891a9d6dbfc97988c6e51520240c96e6e9394,0.1987,31,156,44,10.8
curator,2d54d92e106b748d2da1451f5cbe42127441c9e7,0.2,31,155,44,26.2
curator,35bd0cbe26dfc52bdc0a22ab49dd7b7d94d65f28,0.2013,31,154,44,17.8
curator,192d598f1b53e6f7373f85d54488236046cd5ea2,0.2026,31,153,9,2.1
curator,629486ff647deb66831831e1e13845d3b62d0a5b,0.2039,31,152,3,0.1
curator,1d0c6f288107e024533aaa98279802f4d8081172,0.2053,31,151,3,0.3
curator,e73b0349b53ae6bbc4c684821204ac699017946d,0.2067,31,150,10,10.0
curator,7b19bf7403e733937c8365dfe91a23edfa393658,0.2081,31,149,10,26.0
curator,55a6d929030b005c35d31b937de92f4edebdf7e8,0.2095,31,148,5,23.6
curator,0ec8b4475f1969b191a080c2453405ceaf0a7a70,0.2109,31,147,9,3.1
curator,022a02aad00e18f3f486d425b6438d100f100c44,0.2123,31,146,10,33.0
curator,2d33782265103a8fc5af24613c4856523084650d,0.2138,31,145,14,23.8
curator,20223ad901df4dc11910dd25f2550d2c2364a194,0.2153,31,144,1,13.8
curator,db399d4194b55a2b2af7f8c454002f8a11400b87,0.2168,31,143,13,25.2
curator,1cd08fe6b11fd2b12cf05f0c1aa5c7d59a6c7acc,0.2183,31,142,9,100.3
curator,c670844a8c5bdaec94ca4b7becea5df734cf5a47,0.2199,31,141,0,15.2
curator,a3514d87b1036716e5dc9877c9980fdd81440458,0.2214,31,140,45,71.0
curator,6f0f5f2d47294c0f923ae6d004296e6e3c8e11a7,0.223,31,139,44,46.0
curator,15527554bc38f981d8391a7d5bc976e25a4c043d,0.2246,31,138,70,374.6
curator,e11279d4b5d42c9cff5cffc03c5b060d868833b4,0.219,30,137,62,161.5
curator,aa5f1615f7f9590484e955e1fdc125a53b50f6ae,0.2206,30,136,23,5.7
curator,0a00aca63392f258426925ed5837d8d54e2959fd,0.2222,30,135,23,52.8
curator,48bd7670af41e1f5d33f77467c9ed54a73a2210e,0.2239,30,134,11,13.9
curator,973cb0ba6825efca27095e56948af6a3c8455abe,0.2256,30,133,17,34.6
curator,22c028f56bafc90d2a9a85caf5b16d3ff3504ff7,0.2273,30,132,0,1.1
curator,647f278cdd1661d88b95356782e172ba0624dffe,0.229,30,131,0,0.3
curator,2a9f04aa3eb0f7d0a97e5810afa22feb58a84f06,0.2308,30,130,3,0.7
curator,b6cabde8e987fae8033bbed0e6cc76507ae4173f,0.2326,30,129,11,0.8
curator,2d4aa5778aaca926e59e3fd3dcec6c46e4fbe1b4,0.2344,30,128,24,121.6
curator,5b15f5fab8f444c1a66ef2d5550254ffaa1cfaff,0.2362,30,127,7,0.0
curator,f6868f4dd76d3ba556268a96a295dc61e161b235,0.2381,30,126,4,0.6
curator,f49a6d10748ee9ad8bbc951fa9bea92e4ebbf6a8,0.24,30,125,13,3.2
curator,a17d3af9ad618571f40844cf78beb7398e4a0241,0.2419,30,124,5,0.3
curator,a0f5f6eccbbc7483bf4a9b9165e0ea8d64c3999b,0.2439,30,123,9,3.2
curator,771e9a4cde4f8af913db934db01b93460ac97ebc,0.2459,30,122,2,0.6
curator,388787c838cb2e6e0b755b576eb958257e2cef22,0.2479,30,121,13,24.1
curator,caf2a9d81a333154a0d36fcea1a624d4e00df3e1,0.2417,29,120,4,0.4
curator,173183420688875c6e627260ffb4efbbdc48227c,0.2437,29,119,4,0.7
curator,2adccc54976ce028d8cfe4bf1e7ac6c404829e78,0.2458,29,118,7,0.6
curator,85161ab33b36e2f42b00bd4c27d158f8183f2835,0.2479,29,117,7,0.5
curator,26fcc3cf240656957c813acfa5d31db4b28e70c6,0.25,29,116,3,79.4
curator,36592e7e3dc9e3d8f478875d89badc9643861082,0.2522,29,115,2,57.8
curator,d4547b4f49bd4599ad89c26998b3391c270587b3,0.2544,29,114,12,3.7
curator,c097e4b3f591c22b72c28a9c28d4e8d97d45e037,0.2566,29,113,1,0.0
curator,4d87380a3cb6d321a67b1363655267ed5fc1b57d,0.2589,29,112,1,0.0
curator,6f5c5f3f6760df70e0fa9c1a0f77e2708150c5eb,0.2613,29,111,1,12.9
curator,d976c5096fd8e8c36ddb52cf45e1a8fd86aeed19,0.2636,29,110,0,34.0
curator,cfea1fb07bba7d367edd4a30fac35d31d9a1dd6d,0.2661,29,109,11,34.0
curator,a1f620efe00916db168c7405a46b32dfe89a9965,0.2685,29,108,50,139.9
curator,9383aa3e91b1e01743ec2cff20f5fd68a66b83c1,0.271,29,107,4,88.4
curator,3ce2948908e9ba9e5401de0cc86562914dfb877b,0.2736,29,106,4,66.8
curator,f57206d6bd1744a71f7416438e010775f2e50adb,0.2762,29,105,45,9.1
curator,f54ed8c4dcbdee20aeaf4dcb242efce784d09475,0.2788,29,104,2,41.4
curator,1fade17a26b0b1e7d630f5b5ffbab298ecf5f1d6,0.2816,29,103,3,82.2
curator,de4432e84c1d0e8cdf84e5f404a70c8abbe99de6,0.2843,29,102,2,70.8
curator,97ddf919b120650183bbadbf4348564a643c994a,0.2871,29,101,0,69.5
curator,6ba4de36d4e8b2b65d45c005a6a92dd85c3c497f,0.29,29,100,5,62.7
curator,dccbd7ac3838a5123441ab41ee6a28212876286d,0.2929,29,99,1,62.7
curator,4194c07aa72c2c05f1c11cabc1af25e0c5c3fedd,0.2959,29,98,43,0.3
curator,31d7f9a2040975dee08cb685d61cceb7015f9e32,0.2887,28,97,59,0.1
curator,b57f9ef65c1c0fcf948da3f9d66e31c74d5e3db9,0.2812,27,96,43,0.3
curator,63f83104d8b7fc086ad92ba166ce58e1897646be,0.2842,27,95,25,0.3
curator,334950f6188fe646a4588fd5aafd46e1525686d2,0.2766,26,94,30,2.7
curator,d3aaddefceaf659cb32d865ead1cd3e294f2fddb,0.2688,25,93,47,2.5
curator,81fc3d9b29ddef501919b6a4166afeae3613cbc5,0.2717,25,92,0,1.7
curator,7a60af0dddbf1e547ddb7448ce99e14341413ef0,0.2747,25,91,3,2.9
curator,ddf4cb281e61c6fb0a25ea68331e1b4599e4bb20,0.2778,25,90,28,138.6
curator,666b175228d7e642d1b0bbf049119a628501900e,0.2697,24,89,2,1.2
curator,84191f3d46d015cb49ebebb42fddc1019b3db6c3,0.2727,24,88,0,1.0
curator,2ab172a45722efb08e85b6b4d230d9d04b4ce15b,0.2759,24,87,0,0.2
curator,ecbd386645e015a72929ce37f33772c7b5efb3d1,0.2791,24,86,0,0.4
curator,1784a7c68982bae8bed471d92464168f87b0fceb,0.2824,24,85,0,2.5
curator,34be09a44c7a941a95245a5bc31a11771e4f7e86,0.2857,24,84,19,30.4
curator,3b9d60626bd5f469dbe0be37a4f952ed2f7dd15e,0.2892,24,83,2,2.7
curator,174faef5f0de10626c616d2a25eb9fb1e5572966,0.2927,24,82,95,144.1
curator,c086d0a82885155c3df624916f397e686857ee9f,0.2963,24,81,0,18.2
curator,32a7755b85255a7a49d911fd9f315a9a394d51ba,0.3,24,80,1,4.1
curator,ed3082ecfebc332ba96da7a5bda4508a1985db6e,0.3038,24,79,95,15.0
curator,abaabb5f65c2161f77527165a15d2420f6c88219,0.3077,24,78,9,35.5
curator,da7f18c618eb51e6aaaff7b10f79240cefaf0183,0.2987,23,77,13,2.8
curator,00ffe77951a88ea12c60a506a9beff1ae78de300,0.3026,23,76,94,14.3
curator,e3fec5bc7fcd1091c3f07317039d1d5ed20f2d66,0.3067,23,75,13,16.5
curator,1939389e2c072d85385ff8134c26fde3e19437a4,0.3108,23,74,6,13.9
curator,191aca247dc17d7657a3aaf2c678d29036e992cb,0.3151,23,73,94,2.5
curator,649e490de01a5f440e00b22a69604df49e424242,0.3194,23,72,6,14.1
curator,1826b66d72f6e543a57aaf5f3acc3cd9ca6e965d,0.3099,22,71,82,165.6
curator,b3939acd47b6198930812236678ceae6f6f6a7af,0.3143,22,70,92,11.6
curator,7d089ef5649e0d1052a188e3aaeb883c0a9a1cc1,0.3188,22,69,7,22.3
curator,6d41d4a8025a8c982fc8fbd1c92b5cd9a3e3dacc,0.3235,22,68,92,2.0
curator,2672049482abea4fba1354e7e583e197cdc5c61e,0.3284,22,67,2,19.5
curator,850b6e4e427028aa6366cd51d524570a10343a97,0.3333,22,66,92,6.7
curator,0e23fbac1be51df269f1b396af03980f8a614cab,0.3231,21,65,91,2.1
curator,7d44baee3d87890b67fc4900f204bb5111368079,0.3125,20,64,82,9.0
curator,d7a65ad5e90c26cb487fe864146b01277dd8cc1a,0.3016,19,63,81,35.9
curator,e2aef818200b42bd289f5b1fb84ce45220cc99d4,0.3065,19,62,0,21.5
curator,585e1499d22a995b313bba9d32bd7a605faef5da,0.3115,19,61,2,35.8
curator,24ba3c2745c5fd6e4eaeba2cd2f31f7caeeccf65,0.3167,19,60,51,30.5
curator,8363692841ea46caebd25f7fe8e61b5bc8295bab,0.322,19,59,81,7.3
curator,8fe1e2699feea9efea0029af5f6961b2b67318a3,0.3276,19,58,81,456.0
curator,8e7fbac86dfe14f18a540a6a10c75f5bfe74120a,0.3158,18,57,80,4.1
curator,a47ab1e1d685fd1792ffd8d4e01412c91bb3dbe2,0.3214,18,56,30,28.1
curator,5cf7d050fa9905332e358cfaeb93d2e739d158a0,0.3273,18,55,80,0.7
curator,540cd28a33bccc6423765851631a02dcd974b89f,0.3148,17,54,77,2.3
curator,90b39dd87ce8e96dc4d25633960ec7583d33b3d6,0.3208,17,53,77,0.1
curator,0ad09eb4657861fece9fa4c12c87991a710eaac1,0.3269,17,52,1,0.1
curator,770aa411d00f97ce6040f2b4182d6f0fe744262d,0.3137,16,51,76,1.1
curator,144977f8bc94115fac53163f81310aff0d50c78d,0.32,16,50,45,33.6
curator,b58cfd068dbe4771f83365124693049b6051f63e,0.3265,16,49,76,0.4
curator,da48ef388f6153e66d251121854bb0faae77a3ec,0.3125,15,48,74,19.6
curator,d3bccce4e4a03591ca33c2f8ae56a1abf6cbc9b6,0.3191,15,47,0,3.5
curator,5cdfb5bcdb352e352c45d5cccda7c74aecfb0bd7,0.3261,15,46,1,19.6
curator,67cebe5c243b7e87a0cb475c909d907435f5d427,0.3111,14,45,65,12.8
curator,0a3e8490b64ad8466989726ac6215b357fed3152,0.3182,14,44,29,47.7
curator,140342045e15876e610d5adee5eda5723d00f09d,0.3256,14,43,1,21.9
curator,9643542c7880120ffe7332a0fe82eefca1504108,0.3333,14,42,29,30.9
curator,adcaf340f32755f063d50eef6baf7b0740eb7e40,0.3415,14,41,65,7.1
curator,e6ed99965b6df91607b2505a3784780e51fa8c53,0.325,13,40,64,13.9
curator,60d24c2c982ef185ac10d08d01a7eca8f6d57e61,0.3333,13,39,64,21.0
curator,905b062b370c3cff399f3f726a6d74ab44d7618e,0.3158,12,38,63,14.6
curator,786d69587d183250b4108a9e18898ad4b2e94659,0.2973,11,37,26,52.0
curator,d8798c21de10926cecd2ffc11f1ed7ce695c330a,0.2778,10,36,50,20.1
curator,b51bb01176940896cad5408a453c524fcfe0fc49,0.2857,10,35,9,56.1
curator,693211e4141cef1e7f122edf677a60c6c7c5aeec,0.2941,10,34,50,43.6
curator,9e400bc8620430c245db86d08bafafe2ecb8534f,0.2727,9,33,47,34.0
curator,ff169d6e8da4740c254fb18a742f90ab012c3b4b,0.25,8,32,46,43.0
curator,37d2b2b0e1e22d9ab674ecba2a223ff6fcaa825f,0.2258,7,31,45,0.1
curator,d828dc0a1e69e111164e7213c8d52669926d3123,0.2333,7,30,45,0.0
curator,d94a54f7814b4de90c95867a3495c0755ef3646c,0.2069,6,29,44,12.0
curator,64767734acfa7908f27cb77a61db87ce1dea9372,0.2143,6,28,4,13.9
curator,31a824198a24cc0a681db5cc3fe1029cd6f823d2,0.2222,6,27,3,8.9
curator,d27a70c283cfd2829b96147c8670a1e7dd59659e,0.1923,5,26,33,10.9
curator,eefdf8ee93ae9708ac52711e4981a2925bba2c40,0.16,4,25,24,1.2
curator,bd0792376b80de02c7524cb913065543885586ab,0.1667,4,24,10,0.2
curator,5ff8aaae89f911316c3e4c2082cc5e780c8480ef,0.1739,4,23,24,0.0
curator,8f281eb5bf2d3d65f1c9c3dd1ea8d04188210f90,0.1818,4,22,0,1.8
curator,20c6955b1e3fb9af2cac6fd6a7056b7f8ff14904,0.1905,4,21,24,1.8
curator,6ae3f8591f5e2b31d4b53ac734df231b20408a5b,0.2,4,20,24,105.0
curator,1735000d984ed9022c99b8f63698ad4f64a1e0ec,0.2105,4,19,3,3.0
curator,41a700429ad8cc57d96fe205164fbfc263673c22,0.1667,3,18,23,1.4
curator,d63e06e84190cde818f56a791b4738b2199d2db8,0.1765,3,17,2,2.3
curator,073ed35be1448f6fe8bd27adafb2afbb1f9a5ddc,0.125,2,16,22,2.3
curator,80c497c67d036ec7c7aa082334bd2aaa9204565d,0.1333,2,15,22,0.8
curator,48e2c15b8c3e3e6e5de97858898aa757e213fb02,0.1429,2,14,22,11.3
curator,63a0d4550ebfaa2e29ddf719f8bfe9696cffc5ae,0.1538,2,13,11,28.7
curator,29906f1ebb9130b91ec1d7034de9885af9f15d07,0.0833,1,12,19,40.7
curator,168dfd7348cd5a66f411fcfdf51376cc8a08a515,0.0909,1,11,0,40.7
curator,e76eb590fddb5b363b3d40b76908d40f2a89ffc7,0.1,1,10,9,22.3
curator,f7ef2f1e040818f71e2b6a25646fb0e2868a3bb8,0.1111,1,9,19,0.8
curator,88da05c03caffd022737d382fde07271aedda9df,0.125,1,8,19,21.4
curator,3d1fca23108fbb5840e544c3e68d9af2b71de949,0.1429,1,7,19,48.0
curator,062a7d750788a187f1d41df0bf0a6a5926a78d3a,0.0,0,6,0,30.0
curator,fc7404585c455e33efad1df10e2086d880a7e2e9,0.0,0,5,0,0.8
curator,c43116a28fd0737a05754f9db3f3c1eec36329b3,0.0,0,4,0,1.8
curator,b521b2ef27154e6e091ab7d3e800687881a8f12c,0.0,0,3,0,1.8
curator,95bceae69f1235430179cbf71dacf93f6d3b6748,0.0,0,2,0,1.2
curator,4c92edbc15bb69343089c918ed9dc9e8347f79d7,0.0,0,1,0,5.9
curator,567cac3a7fc08eec1b3092cbfea5be953830b6e9,0.0,0,0,0,42.1
mina-sshd,1cccb85e0ffa50fe6125353fa343b7c397e59f20,0.0,0,19,0,18.1
mina-sshd,40a08a4fc4b469185b1dd4f7c90cdf8949dc0c80,0.0,0,18,0,16.0
mina-sshd,8de056871a5031ad52a86c607cd0bbf0c1a154e2,0.0,0,17,0,2.0
mina-sshd,4b40da32f21e014f5826105f817be26d2b7f9ef1,0.0,0,16,0,6.2
mina-sshd,e754db9e2cfcfa5fbb8b75d1a845d8a9ef28e1ec,0.0,0,15,0,81.4
mina-sshd,f8a0aeca1596d1bd37ba3339ae1cc29721d52566,0.0,0,14,0,16.9
mina-sshd,2309e0112290410bbe3696606f36907bc19ecff5,0.0,0,13,0,41.0
mina-sshd,283c8d42a4c28d747231760ba2a770b5b3198a66,0.0,0,12,0,40.9
mina-sshd,2b3b15c7c0b21827e3450eb65599c1053ce1c7dc,0.0,0,11,0,40.9
mina-sshd,a6dad81f2627de3e3369ac0401f1bd2a40cdcfb2,0.0,0,10,0,43.0
mina-sshd,340312c0663424a34149c8969dfe90c6f2b713e7,0.0,0,9,0,7.1
mina-sshd,67c9a68b9ee7fbf6b3c19408fd69ae7b4ca41bdb,0.0,0,8,0,7.0
mina-sshd,ef1399672f022f5e8a24a196fc9cb806c806201b,0.0,0,7,0,115.0
mina-sshd,18e8c98712a1146a6a753f93207665aa70cca1bf,0.0,0,6,0,225.4
mina-sshd,d02fbcfd5c00dabdd756e20fd7c882bf7afd8ca5,0.0,0,5,0,131.2
mina-sshd,2292042eff6e1bdc98f3bd99708d45c8eea83f6a,0.0,0,4,0,1.1
mina-sshd,721f399bd919845a15e678336baabaed2bf068d5,0.0,0,3,0,6.0
mina-sshd,f029d162c2dc732dabfd4b25c5790def917cba77,0.0,0,2,0,94.8
mina-sshd,da410fcd5db042db9178f430fc7c8024819a5758,0.0,0,1,0,24.7
mina-sshd,b82143f3ed920de7fa1fca78ed1ba540200fcb77,0.0,0,0,0,50.4
